# Blender 4.4.1
# www.blender.org
mtllib sphere128.mtl
o 球
v 0.000000 0.831470 0.555570
v 0.000000 0.707107 0.707107
v 0.000000 0.382683 0.923880
v 0.000000 0.000000 1.000000
v 0.000000 -0.195090 0.980785
v 0.000000 -0.382683 0.923880
v 0.000000 -0.707107 0.707107
v 0.000000 -0.831470 0.555570
v 0.000000 -0.980785 0.195090
v -0.009573 0.980785 0.194855
v -0.018777 0.923880 0.382223
v -0.027261 0.831470 0.554901
v -0.034696 0.707107 0.706255
v -0.040798 0.555570 0.830468
v -0.045333 0.382683 0.922767
v -0.048125 0.195090 0.979604
v -0.049068 0.000000 0.998795
v -0.048125 -0.195090 0.979604
v -0.045333 -0.382683 0.922767
v -0.040798 -0.555570 0.830468
v -0.034696 -0.707107 0.706255
v -0.027261 -0.831470 0.554901
v -0.018777 -0.923880 0.382223
v -0.009573 -0.980785 0.194855
v -0.019122 0.980785 0.194151
v -0.037510 0.923880 0.380841
v -0.054455 0.831470 0.552895
v -0.069309 0.707107 0.703702
v -0.081498 0.555570 0.827466
v -0.090556 0.382683 0.919431
v -0.096134 0.195090 0.976062
v -0.098017 0.000000 0.995185
v -0.096134 -0.195090 0.976062
v -0.090556 -0.382683 0.919431
v -0.081498 -0.555570 0.827466
v -0.069309 -0.707107 0.703702
v -0.054455 -0.831470 0.552895
v -0.037510 -0.923880 0.380841
v -0.019122 -0.980785 0.194151
v -0.028626 0.980785 0.192979
v -0.056151 0.923880 0.378541
v -0.081519 0.831470 0.549557
v -0.103754 0.707107 0.699453
v -0.122002 0.555570 0.822470
v -0.135561 0.382683 0.913880
v -0.143911 0.195090 0.970170
v -0.146730 0.000000 0.989176
v -0.143911 -0.195090 0.970170
v -0.135561 -0.382683 0.913880
v -0.122002 -0.555570 0.822470
v -0.103754 -0.707107 0.699453
v -0.081519 -0.831470 0.549557
v -0.056151 -0.923880 0.378541
v -0.028626 -0.980785 0.192979
v -0.038060 0.980785 0.191342
v -0.074658 0.923880 0.375330
v -0.108386 0.831470 0.544895
v -0.137950 0.707107 0.693520
v -0.162212 0.555570 0.815493
v -0.180240 0.382683 0.906127
v -0.191342 0.195090 0.961940
v -0.195090 0.000000 0.980785
v -0.191342 -0.195090 0.961940
v -0.180240 -0.382683 0.906127
v -0.162212 -0.555570 0.815493
v -0.137950 -0.707107 0.693520
v -0.108386 -0.831470 0.544895
v -0.074658 -0.923880 0.375330
v -0.038060 -0.980785 0.191342
v -0.047403 0.980785 0.189244
v -0.092984 0.923880 0.371215
v -0.134993 0.831470 0.538920
v -0.171813 0.707107 0.685916
v -0.202031 0.555570 0.806552
v -0.224484 0.382683 0.896192
v -0.238311 0.195090 0.951392
v -0.242980 0.000000 0.970031
v -0.238311 -0.195090 0.951392
v -0.224484 -0.382683 0.896192
v -0.202031 -0.555570 0.806552
v -0.171813 -0.707107 0.685916
v -0.134993 -0.831470 0.538920
v -0.092984 -0.923880 0.371215
v -0.047403 -0.980785 0.189244
v -0.056632 0.980785 0.186690
v -0.111087 0.923880 0.366205
v -0.161274 0.831470 0.531648
v -0.205262 0.707107 0.676659
v -0.241363 0.555570 0.795667
v -0.268188 0.382683 0.884097
v -0.284707 0.195090 0.938553
v -0.290285 0.000000 0.956940
v -0.284707 -0.195090 0.938553
v -0.268188 -0.382683 0.884097
v -0.241363 -0.555570 0.795667
v -0.205262 -0.707107 0.676659
v -0.161274 -0.831470 0.531648
v -0.111087 -0.923880 0.366205
v -0.056632 -0.980785 0.186690
v -0.065724 0.980785 0.183686
v -0.128922 0.923880 0.360313
v -0.187166 0.831470 0.523094
v -0.238217 0.707107 0.665772
v -0.280114 0.555570 0.782865
v -0.311246 0.382683 0.869873
v -0.330417 0.195090 0.923453
v -0.336890 0.000000 0.941544
v -0.330417 -0.195090 0.923453
v -0.311246 -0.382683 0.869873
v -0.280114 -0.555570 0.782865
v -0.238217 -0.707107 0.665772
v -0.187166 -0.831470 0.523094
v -0.128922 -0.923880 0.360313
v -0.065724 -0.980785 0.183686
v -0.074658 0.980785 0.180240
v -0.146447 0.923880 0.353553
v -0.212608 0.831470 0.513280
v -0.270598 0.707107 0.653281
v -0.318190 0.555570 0.768178
v -0.353553 0.382683 0.853553
v -0.375330 0.195090 0.906127
v -0.382683 0.000000 0.923879
v -0.375330 -0.195090 0.906127
v -0.353553 -0.382683 0.853553
v -0.318190 -0.555570 0.768178
v -0.270598 -0.707107 0.653281
v -0.212608 -0.831470 0.513280
v -0.146447 -0.923880 0.353553
v -0.074658 -0.980785 0.180240
v -0.083412 0.980785 0.176360
v -0.163618 0.923880 0.345942
v -0.237537 0.831470 0.502230
v -0.302327 0.707107 0.639217
v -0.355499 0.555570 0.751640
v -0.395009 0.382683 0.835177
v -0.419340 0.195090 0.886619
v -0.427555 0.000000 0.903989
v -0.419340 -0.195090 0.886619
v -0.395009 -0.382683 0.835177
v -0.355499 -0.555570 0.751640
v -0.302327 -0.707107 0.639217
v -0.237537 -0.831470 0.502230
v -0.163618 -0.923880 0.345942
v -0.083412 -0.980785 0.176360
v -0.091965 0.980785 0.172054
v -0.180396 0.923880 0.337497
v -0.261894 0.831470 0.489969
v -0.333328 0.707107 0.623612
v -0.391952 0.555570 0.733291
v -0.435514 0.382683 0.814789
v -0.462339 0.195090 0.864975
v -0.471397 0.000000 0.881921
v -0.462339 -0.195090 0.864975
v -0.435514 -0.382683 0.814789
v -0.391952 -0.555570 0.733291
v -0.333328 -0.707107 0.623612
v -0.261894 -0.831470 0.489969
v -0.180396 -0.923880 0.337497
v -0.091965 -0.980785 0.172054
v -0.100296 0.980785 0.167335
v -0.196739 0.923880 0.328239
v -0.285620 0.831470 0.476528
v -0.363526 0.707107 0.606506
v -0.427461 0.555570 0.713175
v -0.474969 0.382683 0.792438
v -0.504224 0.195090 0.841248
v -0.514103 0.000000 0.857728
v -0.504224 -0.195090 0.841248
v -0.474969 -0.382683 0.792438
v -0.427461 -0.555570 0.713175
v -0.363526 -0.707107 0.606506
v -0.285620 -0.831470 0.476528
v -0.196739 -0.923880 0.328239
v -0.100296 -0.980785 0.167335
v -0.108386 0.980785 0.162212
v -0.212608 0.923880 0.318190
v -0.308658 0.831470 0.461940
v -0.392847 0.707107 0.587938
v -0.461940 0.555570 0.691342
v -0.513280 0.382683 0.768178
v -0.544895 0.195090 0.815493
v -0.555570 0.000000 0.831469
v -0.544895 -0.195090 0.815493
v -0.513280 -0.382683 0.768178
v -0.461940 -0.555570 0.691342
v -0.392847 -0.707107 0.587938
v -0.308658 -0.831470 0.461940
v -0.212608 -0.923880 0.318190
v -0.108386 -0.980785 0.162212
v -0.116215 0.980785 0.156698
v -0.227964 0.923880 0.307374
v -0.330953 0.831470 0.446238
v -0.421223 0.707107 0.567953
v -0.495306 0.555570 0.667843
v -0.550354 0.382683 0.742067
v -0.584253 0.195090 0.787774
v -0.595699 0.000000 0.803207
v -0.584253 -0.195090 0.787774
v -0.550354 -0.382683 0.742067
v -0.495306 -0.555570 0.667843
v -0.421223 -0.707107 0.567953
v -0.330953 -0.831470 0.446238
v -0.227964 -0.923880 0.307374
v -0.116215 -0.980785 0.156698
v -0.123764 0.980785 0.150807
v -0.242772 0.923880 0.295818
v -0.352450 0.831470 0.429462
v -0.448584 0.707107 0.546601
v -0.527479 0.555570 0.642735
v -0.586103 0.382683 0.714169
v -0.622204 0.195090 0.758157
v -0.634393 0.000000 0.773010
v -0.622204 -0.195090 0.758157
v -0.586103 -0.382683 0.714169
v -0.527479 -0.555570 0.642735
v -0.448584 -0.707107 0.546601
v -0.352450 -0.831470 0.429462
v -0.242772 -0.923880 0.295818
v -0.123764 -0.980785 0.150807
v -0.131015 0.980785 0.144552
v -0.256994 0.923880 0.283550
v -0.373098 0.831470 0.411650
v -0.474864 0.707107 0.523931
v -0.558381 0.555570 0.616078
v -0.620440 0.382683 0.684550
v -0.658655 0.195090 0.726714
v -0.671559 0.000000 0.740951
v -0.658655 -0.195090 0.726714
v -0.620440 -0.382683 0.684550
v -0.558381 -0.555570 0.616078
v -0.474864 -0.707107 0.523931
v -0.373098 -0.831470 0.411650
v -0.256994 -0.923880 0.283550
v -0.131015 -0.980785 0.144552
v -0.137950 0.980785 0.137950
v -0.270598 0.923880 0.270598
v -0.392848 0.831470 0.392847
v -0.500000 0.707107 0.500000
v -0.587938 0.555570 0.587938
v -0.653281 0.382683 0.653281
v -0.693520 0.195090 0.693520
v -0.707107 0.000000 0.707107
v -0.693520 -0.195090 0.693520
v -0.653281 -0.382683 0.653281
v -0.587938 -0.555570 0.587938
v -0.500000 -0.707107 0.500000
v -0.392848 -0.831470 0.392847
v -0.270598 -0.923880 0.270598
v -0.137950 -0.980785 0.137950
v -0.144552 0.980785 0.131015
v -0.283550 0.923880 0.256994
v -0.411650 0.831470 0.373098
v -0.523932 0.707107 0.474864
v -0.616078 0.555570 0.558381
v -0.684550 0.382683 0.620440
v -0.726714 0.195090 0.658655
v -0.740951 0.000000 0.671559
v -0.726714 -0.195090 0.658655
v -0.684550 -0.382683 0.620440
v -0.616078 -0.555570 0.558381
v -0.523932 -0.707107 0.474864
v -0.411650 -0.831470 0.373098
v -0.283550 -0.923880 0.256994
v -0.144552 -0.980785 0.131015
v -0.150807 0.980785 0.123764
v -0.295818 0.923880 0.242772
v -0.429462 0.831470 0.352450
v -0.546601 0.707107 0.448584
v -0.642735 0.555570 0.527479
v -0.714169 0.382683 0.586103
v -0.758157 0.195090 0.622204
v -0.773010 0.000000 0.634393
v -0.758157 -0.195090 0.622204
v -0.714169 -0.382683 0.586103
v -0.642735 -0.555570 0.527479
v -0.546601 -0.707107 0.448584
v -0.429462 -0.831470 0.352450
v -0.295818 -0.923880 0.242772
v -0.150807 -0.980785 0.123764
v -0.156698 0.980785 0.116215
v -0.307374 0.923880 0.227964
v -0.446238 0.831470 0.330953
v -0.567953 0.707107 0.421223
v -0.667842 0.555570 0.495306
v -0.742067 0.382683 0.550354
v -0.787774 0.195090 0.584253
v -0.803207 0.000000 0.595699
v -0.787774 -0.195090 0.584253
v -0.742067 -0.382683 0.550354
v -0.667842 -0.555570 0.495306
v -0.567953 -0.707107 0.421223
v -0.446238 -0.831470 0.330953
v -0.307374 -0.923880 0.227964
v -0.156698 -0.980785 0.116215
v -0.162212 0.980785 0.108386
v -0.318190 0.923880 0.212608
v -0.461940 0.831470 0.308658
v -0.587938 0.707107 0.392847
v -0.691342 0.555570 0.461940
v -0.768178 0.382683 0.513280
v -0.815493 0.195090 0.544895
v -0.831469 0.000000 0.555570
v -0.815493 -0.195090 0.544895
v -0.768178 -0.382683 0.513280
v -0.691342 -0.555570 0.461940
v -0.587938 -0.707107 0.392847
v -0.461940 -0.831470 0.308658
v -0.318190 -0.923880 0.212608
v -0.162212 -0.980785 0.108386
v -0.167335 0.980785 0.100296
v -0.328239 0.923880 0.196739
v -0.476528 0.831470 0.285620
v -0.606506 0.707107 0.363525
v -0.713175 0.555570 0.427461
v -0.792438 0.382683 0.474969
v -0.841248 0.195090 0.504224
v -0.857728 0.000000 0.514102
v -0.841248 -0.195090 0.504224
v -0.792438 -0.382683 0.474969
v -0.713175 -0.555570 0.427461
v -0.606506 -0.707107 0.363525
v -0.476528 -0.831470 0.285620
v -0.328239 -0.923880 0.196739
v -0.167335 -0.980785 0.100296
v -0.172054 0.980785 0.091965
v -0.337497 0.923880 0.180396
v -0.489969 0.831470 0.261894
v -0.623612 0.707107 0.333328
v -0.733291 0.555570 0.391952
v -0.814789 0.382683 0.435514
v -0.864975 0.195090 0.462339
v -0.881921 0.000000 0.471396
v -0.864975 -0.195090 0.462339
v -0.814789 -0.382683 0.435514
v -0.733291 -0.555570 0.391952
v -0.623612 -0.707107 0.333328
v -0.489969 -0.831470 0.261894
v -0.337497 -0.923880 0.180396
v -0.172054 -0.980785 0.091965
v -0.176360 0.980785 0.083412
v -0.345942 0.923880 0.163618
v -0.502230 0.831470 0.237537
v -0.639217 0.707107 0.302327
v -0.751639 0.555570 0.355499
v -0.835177 0.382683 0.395009
v -0.886619 0.195090 0.419340
v -0.903989 0.000000 0.427555
v -0.886619 -0.195090 0.419340
v -0.835177 -0.382683 0.395009
v -0.751639 -0.555570 0.355499
v -0.639217 -0.707107 0.302327
v -0.502230 -0.831470 0.237537
v -0.345942 -0.923880 0.163618
v -0.176360 -0.980785 0.083412
v -0.180240 0.980785 0.074658
v -0.353553 0.923880 0.146447
v -0.513280 0.831470 0.212607
v -0.653281 0.707107 0.270598
v -0.768178 0.555570 0.318190
v -0.853553 0.382683 0.353553
v -0.906127 0.195090 0.375330
v -0.923879 0.000000 0.382683
v -0.906127 -0.195090 0.375330
v -0.853553 -0.382683 0.353553
v -0.768178 -0.555570 0.318190
v -0.653281 -0.707107 0.270598
v -0.513280 -0.831470 0.212607
v -0.353553 -0.923880 0.146447
v -0.180240 -0.980785 0.074658
v -0.183686 0.980785 0.065724
v -0.360313 0.923880 0.128922
v -0.523094 0.831470 0.187166
v -0.665772 0.707107 0.238217
v -0.782865 0.555570 0.280114
v -0.869873 0.382683 0.311246
v -0.923452 0.195090 0.330416
v -0.941544 0.000000 0.336890
v -0.923452 -0.195090 0.330416
v -0.869873 -0.382683 0.311246
v -0.782865 -0.555570 0.280114
v -0.665772 -0.707107 0.238217
v -0.523094 -0.831470 0.187166
v -0.360313 -0.923880 0.128922
v -0.183686 -0.980785 0.065724
v -0.186690 0.980785 0.056632
v -0.366205 0.923880 0.111087
v -0.531648 0.831470 0.161273
v -0.676659 0.707107 0.205262
v -0.795667 0.555570 0.241363
v -0.884098 0.382683 0.268188
v -0.938553 0.195090 0.284707
v -0.956940 0.000000 0.290284
v -0.938553 -0.195090 0.284707
v -0.884098 -0.382683 0.268188
v -0.795667 -0.555570 0.241363
v -0.676659 -0.707107 0.205262
v -0.531648 -0.831470 0.161273
v -0.366205 -0.923880 0.111087
v -0.186690 -0.980785 0.056632
v -0.189244 0.980785 0.047403
v -0.371215 0.923880 0.092984
v -0.538920 0.831470 0.134992
v -0.685915 0.707107 0.171813
v -0.806551 0.555570 0.202031
v -0.896192 0.382683 0.224484
v -0.951392 0.195090 0.238311
v -0.970031 0.000000 0.242980
v -0.951392 -0.195090 0.238311
v -0.896192 -0.382683 0.224484
v -0.806551 -0.555570 0.202031
v -0.685915 -0.707107 0.171813
v -0.538920 -0.831470 0.134992
v -0.371215 -0.923880 0.092984
v -0.189244 -0.980785 0.047403
v -0.191342 0.980785 0.038060
v -0.375330 0.923880 0.074658
v -0.544895 0.831470 0.108386
v -0.693520 0.707107 0.137950
v -0.815493 0.555570 0.162212
v -0.906127 0.382683 0.180240
v -0.961940 0.195090 0.191342
v -0.980785 0.000000 0.195090
v -0.961940 -0.195090 0.191342
v -0.906127 -0.382683 0.180240
v -0.815493 -0.555570 0.162212
v -0.693520 -0.707107 0.137950
v -0.544895 -0.831470 0.108386
v -0.375330 -0.923880 0.074658
v -0.191342 -0.980785 0.038060
v -0.192979 0.980785 0.028626
v -0.378541 0.923880 0.056151
v -0.549557 0.831470 0.081519
v -0.699453 0.707107 0.103754
v -0.822470 0.555570 0.122002
v -0.913880 0.382683 0.135561
v -0.970170 0.195090 0.143911
v -0.989176 0.000000 0.146730
v -0.970170 -0.195090 0.143911
v -0.913880 -0.382683 0.135561
v -0.822470 -0.555570 0.122002
v -0.699453 -0.707107 0.103754
v -0.549557 -0.831470 0.081519
v -0.378541 -0.923880 0.056151
v -0.192979 -0.980785 0.028626
v -0.194151 0.980785 0.019122
v -0.380841 0.923880 0.037510
v -0.552895 0.831470 0.054455
v -0.703702 0.707107 0.069309
v -0.827466 0.555570 0.081498
v -0.919431 0.382683 0.090556
v -0.976062 0.195090 0.096134
v -0.995184 0.000000 0.098017
v -0.976062 -0.195090 0.096134
v -0.919431 -0.382683 0.090556
v -0.827466 -0.555570 0.081498
v -0.703702 -0.707107 0.069309
v -0.552895 -0.831470 0.054455
v -0.380841 -0.923880 0.037510
v -0.194151 -0.980785 0.019122
v -0.194855 0.980785 0.009573
v -0.382222 0.923880 0.018777
v -0.554901 0.831470 0.027260
v -0.706255 0.707107 0.034696
v -0.830468 0.555570 0.040798
v -0.922767 0.382683 0.045333
v -0.979604 0.195090 0.048125
v -0.998795 0.000000 0.049067
v -0.979604 -0.195090 0.048125
v -0.922767 -0.382683 0.045333
v -0.830468 -0.555570 0.040798
v -0.706255 -0.707107 0.034696
v -0.554901 -0.831470 0.027260
v -0.382222 -0.923880 0.018777
v -0.194855 -0.980785 0.009573
v -0.195090 0.980785 0.000000
v -0.382683 0.923880 0.000000
v -0.555570 0.831470 -0.000000
v -0.707107 0.707107 -0.000000
v -0.831469 0.555570 0.000000
v -0.923879 0.382683 -0.000000
v -0.980785 0.195090 -0.000000
v -1.000000 0.000000 -0.000000
v -0.980785 -0.195090 -0.000000
v -0.923879 -0.382683 -0.000000
v -0.831469 -0.555570 0.000000
v -0.707107 -0.707107 -0.000000
v -0.555570 -0.831470 -0.000000
v -0.382683 -0.923880 0.000000
v -0.195090 -0.980785 0.000000
v -0.194855 0.980785 -0.009573
v -0.382222 0.923880 -0.018777
v -0.554901 0.831470 -0.027261
v -0.706255 0.707107 -0.034696
v -0.830468 0.555570 -0.040798
v -0.922767 0.382683 -0.045333
v -0.979604 0.195090 -0.048125
v -0.998795 0.000000 -0.049068
v -0.979604 -0.195090 -0.048125
v -0.922767 -0.382683 -0.045333
v -0.830468 -0.555570 -0.040798
v -0.706255 -0.707107 -0.034696
v -0.554901 -0.831470 -0.027261
v -0.382222 -0.923880 -0.018777
v -0.194855 -0.980785 -0.009573
v -0.194151 0.980785 -0.019122
v -0.380841 0.923880 -0.037510
v -0.552895 0.831470 -0.054455
v -0.703702 0.707107 -0.069309
v -0.827466 0.555570 -0.081498
v -0.919431 0.382683 -0.090556
v -0.976062 0.195090 -0.096134
v -0.995184 0.000000 -0.098017
v -0.976062 -0.195090 -0.096134
v -0.919431 -0.382683 -0.090556
v -0.827466 -0.555570 -0.081498
v -0.703702 -0.707107 -0.069309
v -0.552895 -0.831470 -0.054455
v -0.380841 -0.923880 -0.037510
v -0.194151 -0.980785 -0.019122
v -0.192979 0.980785 -0.028626
v -0.378541 0.923880 -0.056151
v -0.549557 0.831470 -0.081519
v -0.699453 0.707107 -0.103754
v -0.822470 0.555570 -0.122002
v -0.913880 0.382683 -0.135561
v -0.970170 0.195090 -0.143911
v -0.989176 0.000000 -0.146731
v -0.970170 -0.195090 -0.143911
v -0.913880 -0.382683 -0.135561
v -0.822470 -0.555570 -0.122002
v -0.699453 -0.707107 -0.103754
v -0.549557 -0.831470 -0.081519
v -0.378541 -0.923880 -0.056151
v -0.192979 -0.980785 -0.028626
v -0.191342 0.980785 -0.038060
v -0.375330 0.923880 -0.074658
v -0.544895 0.831470 -0.108386
v -0.693520 0.707107 -0.137950
v -0.815493 0.555570 -0.162212
v -0.906127 0.382683 -0.180240
v -0.961940 0.195090 -0.191342
v -0.980785 0.000000 -0.195090
v -0.961940 -0.195090 -0.191342
v -0.906127 -0.382683 -0.180240
v -0.815493 -0.555570 -0.162212
v -0.693520 -0.707107 -0.137950
v -0.544895 -0.831470 -0.108386
v -0.375330 -0.923880 -0.074658
v -0.191342 -0.980785 -0.038060
v -0.189244 0.980785 -0.047403
v -0.371215 0.923880 -0.092984
v -0.538920 0.831470 -0.134993
v -0.685915 0.707107 -0.171813
v -0.806551 0.555570 -0.202031
v -0.896192 0.382683 -0.224485
v -0.951392 0.195090 -0.238311
v -0.970031 0.000000 -0.242980
v -0.951392 -0.195090 -0.238311
v -0.896192 -0.382683 -0.224485
v -0.806551 -0.555570 -0.202031
v -0.685915 -0.707107 -0.171813
v -0.538920 -0.831470 -0.134993
v -0.371215 -0.923880 -0.092984
v -0.189244 -0.980785 -0.047403
v -0.186690 0.980785 -0.056632
v -0.366205 0.923880 -0.111087
v -0.531647 0.831470 -0.161274
v -0.676659 0.707107 -0.205262
v -0.795667 0.555570 -0.241363
v -0.884097 0.382683 -0.268188
v -0.938553 0.195090 -0.284707
v -0.956940 0.000000 -0.290285
v -0.938553 -0.195090 -0.284707
v -0.884097 -0.382683 -0.268188
v -0.795667 -0.555570 -0.241363
v -0.676659 -0.707107 -0.205262
v -0.531647 -0.831470 -0.161274
v -0.366205 -0.923880 -0.111087
v -0.186690 -0.980785 -0.056632
v -0.183686 0.980785 -0.065724
v -0.360313 0.923880 -0.128922
v -0.523094 0.831470 -0.187166
v -0.665772 0.707107 -0.238217
v -0.782865 0.555570 -0.280114
v -0.869873 0.382683 -0.311246
v -0.923452 0.195090 -0.330417
v -0.941544 0.000000 -0.336890
v -0.923452 -0.195090 -0.330417
v -0.869873 -0.382683 -0.311246
v -0.782865 -0.555570 -0.280114
v -0.665772 -0.707107 -0.238217
v -0.523094 -0.831470 -0.187166
v -0.360313 -0.923880 -0.128922
v -0.183686 -0.980785 -0.065724
v -0.180240 0.980785 -0.074658
v -0.353553 0.923880 -0.146447
v -0.513280 0.831470 -0.212608
v -0.653281 0.707107 -0.270598
v -0.768178 0.555570 -0.318190
v -0.853553 0.382683 -0.353553
v -0.906127 0.195090 -0.375330
v -0.923879 0.000000 -0.382683
v -0.906127 -0.195090 -0.375330
v -0.853553 -0.382683 -0.353553
v -0.768178 -0.555570 -0.318190
v -0.653281 -0.707107 -0.270598
v -0.513280 -0.831470 -0.212608
v -0.353553 -0.923880 -0.146447
v -0.180240 -0.980785 -0.074658
v -0.176360 0.980785 -0.083412
v -0.345942 0.923880 -0.163618
v -0.502229 0.831470 -0.237537
v -0.639217 0.707107 -0.302327
v -0.751639 0.555570 -0.355499
v -0.835177 0.382683 -0.395009
v -0.886619 0.195090 -0.419340
v -0.903989 0.000000 -0.427555
v -0.886619 -0.195090 -0.419340
v -0.835177 -0.382683 -0.395009
v -0.751639 -0.555570 -0.355499
v -0.639217 -0.707107 -0.302327
v -0.502229 -0.831470 -0.237537
v -0.345942 -0.923880 -0.163618
v -0.176360 -0.980785 -0.083412
v -0.172054 0.980785 -0.091965
v -0.337497 0.923880 -0.180396
v -0.489969 0.831470 -0.261894
v -0.623612 0.707107 -0.333328
v -0.733290 0.555570 -0.391952
v -0.814789 0.382683 -0.435514
v -0.864975 0.195090 -0.462339
v -0.881921 0.000000 -0.471397
v -0.864975 -0.195090 -0.462339
v -0.814789 -0.382683 -0.435514
v -0.733290 -0.555570 -0.391952
v -0.623612 -0.707107 -0.333328
v -0.489969 -0.831470 -0.261894
v -0.337497 -0.923880 -0.180396
v -0.172054 -0.980785 -0.091965
v -0.167335 0.980785 -0.100296
v -0.328238 0.923880 -0.196739
v -0.476528 0.831470 -0.285620
v -0.606505 0.707107 -0.363525
v -0.713175 0.555570 -0.427461
v -0.792438 0.382683 -0.474969
v -0.841247 0.195090 -0.504224
v -0.857728 0.000000 -0.514103
v -0.841247 -0.195090 -0.504224
v -0.792438 -0.382683 -0.474969
v -0.713175 -0.555570 -0.427461
v -0.606505 -0.707107 -0.363525
v -0.476528 -0.831470 -0.285620
v -0.328238 -0.923880 -0.196739
v -0.167335 -0.980785 -0.100296
v -0.162212 0.980785 -0.108386
v -0.318190 0.923880 -0.212607
v -0.461940 0.831470 -0.308658
v -0.587937 0.707107 -0.392847
v -0.691341 0.555570 -0.461940
v -0.768178 0.382683 -0.513280
v -0.815493 0.195090 -0.544895
v -0.831469 0.000000 -0.555570
v -0.815493 -0.195090 -0.544895
v -0.768178 -0.382683 -0.513280
v -0.691341 -0.555570 -0.461940
v -0.587937 -0.707107 -0.392847
v -0.461940 -0.831470 -0.308658
v -0.318190 -0.923880 -0.212607
v -0.162212 -0.980785 -0.108386
v -0.156698 0.980785 -0.116215
v -0.307374 0.923880 -0.227964
v -0.446238 0.831470 -0.330953
v -0.567953 0.707107 -0.421223
v -0.667842 0.555570 -0.495306
v -0.742067 0.382683 -0.550354
v -0.787774 0.195090 -0.584253
v -0.803207 0.000000 -0.595699
v -0.787774 -0.195090 -0.584253
v -0.742067 -0.382683 -0.550354
v -0.667842 -0.555570 -0.495306
v -0.567953 -0.707107 -0.421223
v -0.446238 -0.831470 -0.330953
v -0.307374 -0.923880 -0.227964
v -0.156698 -0.980785 -0.116215
v -0.150807 0.980785 -0.123764
v -0.295818 0.923880 -0.242772
v -0.429461 0.831470 -0.352450
v -0.546601 0.707107 -0.448584
v -0.642735 0.555570 -0.527479
v -0.714168 0.382683 -0.586103
v -0.758157 0.195090 -0.622204
v -0.773010 0.000000 -0.634393
v -0.758157 -0.195090 -0.622204
v -0.714168 -0.382683 -0.586103
v -0.642735 -0.555570 -0.527479
v -0.546601 -0.707107 -0.448584
v -0.429461 -0.831470 -0.352450
v -0.295818 -0.923880 -0.242772
v -0.150807 -0.980785 -0.123764
v -0.144552 0.980785 -0.131015
v -0.283550 0.923880 -0.256994
v -0.411650 0.831470 -0.373098
v -0.523931 0.707107 -0.474864
v -0.616078 0.555570 -0.558381
v -0.684549 0.382683 -0.620439
v -0.726714 0.195090 -0.658655
v -0.740951 0.000000 -0.671559
v -0.726714 -0.195090 -0.658655
v -0.684549 -0.382683 -0.620439
v -0.616078 -0.555570 -0.558381
v -0.523931 -0.707107 -0.474864
v -0.411650 -0.831470 -0.373098
v -0.283550 -0.923880 -0.256994
v -0.144552 -0.980785 -0.131015
v -0.137950 0.980785 -0.137950
v -0.270598 0.923880 -0.270598
v -0.392847 0.831470 -0.392847
v -0.500000 0.707107 -0.500000
v -0.587938 0.555570 -0.587938
v -0.653281 0.382683 -0.653281
v -0.693520 0.195090 -0.693520
v -0.707106 0.000000 -0.707106
v -0.693520 -0.195090 -0.693520
v -0.653281 -0.382683 -0.653281
v -0.587938 -0.555570 -0.587938
v -0.500000 -0.707107 -0.500000
v -0.392847 -0.831470 -0.392847
v -0.270598 -0.923880 -0.270598
v -0.137950 -0.980785 -0.137950
v -0.131015 0.980785 -0.144552
v -0.256994 0.923880 -0.283550
v -0.373098 0.831470 -0.411650
v -0.474864 0.707107 -0.523931
v -0.558381 0.555570 -0.616078
v -0.620439 0.382683 -0.684549
v -0.658655 0.195090 -0.726714
v -0.671558 0.000000 -0.740951
v -0.658655 -0.195090 -0.726714
v -0.620439 -0.382683 -0.684549
v -0.558381 -0.555570 -0.616078
v -0.474864 -0.707107 -0.523931
v -0.373098 -0.831470 -0.411650
v -0.256994 -0.923880 -0.283550
v -0.131015 -0.980785 -0.144552
v -0.123764 0.980785 -0.150807
v -0.242772 0.923880 -0.295818
v -0.352450 0.831470 -0.429462
v -0.448583 0.707107 -0.546601
v -0.527479 0.555570 -0.642734
v -0.586103 0.382683 -0.714168
v -0.622203 0.195090 -0.758157
v -0.634393 0.000000 -0.773010
v -0.622203 -0.195090 -0.758157
v -0.586103 -0.382683 -0.714168
v -0.527479 -0.555570 -0.642734
v -0.448583 -0.707107 -0.546601
v -0.352450 -0.831470 -0.429462
v -0.242772 -0.923880 -0.295818
v -0.123764 -0.980785 -0.150807
v -0.116215 0.980785 -0.156698
v -0.227964 0.923880 -0.307374
v -0.330953 0.831470 -0.446238
v -0.421223 0.707107 -0.567953
v -0.495306 0.555570 -0.667842
v -0.550354 0.382683 -0.742067
v -0.584253 0.195090 -0.787774
v -0.595699 0.000000 -0.803207
v -0.584253 -0.195090 -0.787774
v -0.550354 -0.382683 -0.742067
v -0.495306 -0.555570 -0.667842
v -0.421223 -0.707107 -0.567953
v -0.330953 -0.831470 -0.446238
v -0.227964 -0.923880 -0.307374
v -0.116215 -0.980785 -0.156698
v -0.108386 0.980785 -0.162212
v -0.212607 0.923880 -0.318190
v -0.308658 0.831470 -0.461940
v -0.392847 0.707107 -0.587938
v -0.461940 0.555570 -0.691341
v -0.513280 0.382683 -0.768178
v -0.544895 0.195090 -0.815493
v -0.555570 0.000000 -0.831469
v -0.544895 -0.195090 -0.815493
v -0.513280 -0.382683 -0.768178
v -0.461940 -0.555570 -0.691341
v -0.392847 -0.707107 -0.587938
v -0.308658 -0.831470 -0.461940
v -0.212607 -0.923880 -0.318190
v -0.108386 -0.980785 -0.162212
v -0.100296 0.980785 -0.167335
v -0.196739 0.923880 -0.328238
v -0.285620 0.831470 -0.476528
v -0.363525 0.707107 -0.606505
v -0.427461 0.555570 -0.713175
v -0.474969 0.382683 -0.792438
v -0.504224 0.195090 -0.841247
v -0.514102 0.000000 -0.857728
v -0.504224 -0.195090 -0.841247
v -0.474969 -0.382683 -0.792438
v -0.427461 -0.555570 -0.713175
v -0.363525 -0.707107 -0.606505
v -0.285620 -0.831470 -0.476528
v -0.196739 -0.923880 -0.328238
v -0.100296 -0.980785 -0.167335
v -0.091965 0.980785 -0.172054
v -0.180396 0.923880 -0.337497
v -0.261894 0.831470 -0.489969
v -0.333327 0.707107 -0.623612
v -0.391952 0.555570 -0.733290
v -0.435514 0.382683 -0.814789
v -0.462339 0.195090 -0.864975
v -0.471396 0.000000 -0.881921
v -0.462339 -0.195090 -0.864975
v -0.435514 -0.382683 -0.814789
v -0.391952 -0.555570 -0.733290
v -0.333327 -0.707107 -0.623612
v -0.261894 -0.831470 -0.489969
v -0.180396 -0.923880 -0.337497
v -0.091965 -0.980785 -0.172054
v -0.083412 0.980785 -0.176360
v -0.163618 0.923880 -0.345942
v -0.237537 0.831470 -0.502229
v -0.302327 0.707107 -0.639217
v -0.355499 0.555570 -0.751639
v -0.395009 0.382683 -0.835177
v -0.419340 0.195090 -0.886619
v -0.427555 0.000000 -0.903989
v -0.419340 -0.195090 -0.886619
v -0.395009 -0.382683 -0.835177
v -0.355499 -0.555570 -0.751639
v -0.302327 -0.707107 -0.639217
v -0.237537 -0.831470 -0.502229
v -0.163618 -0.923880 -0.345942
v -0.083412 -0.980785 -0.176360
v -0.074658 0.980785 -0.180240
v -0.146447 0.923880 -0.353553
v -0.212607 0.831470 -0.513280
v -0.270598 0.707107 -0.653281
v -0.318190 0.555570 -0.768177
v -0.353553 0.382683 -0.853553
v -0.375330 0.195090 -0.906127
v -0.382683 0.000000 -0.923879
v -0.375330 -0.195090 -0.906127
v -0.353553 -0.382683 -0.853553
v -0.318190 -0.555570 -0.768177
v -0.270598 -0.707107 -0.653281
v -0.212607 -0.831470 -0.513280
v -0.146447 -0.923880 -0.353553
v -0.074658 -0.980785 -0.180240
v -0.065724 0.980785 -0.183686
v -0.128922 0.923880 -0.360313
v -0.187166 0.831470 -0.523094
v -0.238217 0.707107 -0.665772
v -0.280114 0.555570 -0.782865
v -0.311246 0.382683 -0.869873
v -0.330416 0.195090 -0.923452
v -0.336889 0.000000 -0.941543
v -0.330416 -0.195090 -0.923452
v -0.311246 -0.382683 -0.869873
v -0.280114 -0.555570 -0.782865
v -0.238217 -0.707107 -0.665772
v -0.187166 -0.831470 -0.523094
v -0.128922 -0.923880 -0.360313
v -0.065724 -0.980785 -0.183686
v -0.056632 0.980785 -0.186690
v -0.111087 0.923880 -0.366205
v -0.161273 0.831470 -0.531647
v -0.205262 0.707107 -0.676659
v -0.241363 0.555570 -0.795667
v -0.268188 0.382683 -0.884097
v -0.284707 0.195090 -0.938553
v -0.290284 0.000000 -0.956940
v -0.284707 -0.195090 -0.938553
v -0.268188 -0.382683 -0.884097
v -0.241363 -0.555570 -0.795667
v -0.205262 -0.707107 -0.676659
v -0.161273 -0.831470 -0.531647
v -0.111087 -0.923880 -0.366205
v -0.056632 -0.980785 -0.186690
v -0.047403 0.980785 -0.189244
v -0.092984 0.923880 -0.371215
v -0.134992 0.831470 -0.538920
v -0.171813 0.707107 -0.685915
v -0.202031 0.555570 -0.806551
v -0.224484 0.382683 -0.896192
v -0.238311 0.195090 -0.951392
v -0.242980 0.000000 -0.970031
v -0.238311 -0.195090 -0.951392
v -0.224484 -0.382683 -0.896192
v -0.202031 -0.555570 -0.806551
v -0.171813 -0.707107 -0.685915
v -0.134992 -0.831470 -0.538920
v -0.092984 -0.923880 -0.371215
v -0.047403 -0.980785 -0.189244
v -0.038060 0.980785 -0.191342
v -0.074658 0.923880 -0.375330
v -0.108386 0.831470 -0.544895
v -0.137949 0.707107 -0.693519
v -0.162212 0.555570 -0.815493
v -0.180240 0.382683 -0.906127
v -0.191342 0.195090 -0.961940
v -0.195090 0.000000 -0.980785
v -0.191342 -0.195090 -0.961940
v -0.180240 -0.382683 -0.906127
v -0.162212 -0.555570 -0.815493
v -0.137949 -0.707107 -0.693519
v -0.108386 -0.831470 -0.544895
v -0.074658 -0.923880 -0.375330
v -0.038060 -0.980785 -0.191342
v -0.028626 0.980785 -0.192979
v -0.056151 0.923880 -0.378541
v -0.081519 0.831470 -0.549557
v -0.103754 0.707107 -0.699453
v -0.122002 0.555570 -0.822470
v -0.135561 0.382683 -0.913880
v -0.143911 0.195090 -0.970169
v -0.146730 0.000000 -0.989176
v -0.143911 -0.195090 -0.970169
v -0.135561 -0.382683 -0.913880
v -0.122002 -0.555570 -0.822470
v -0.103754 -0.707107 -0.699453
v -0.081519 -0.831470 -0.549557
v -0.056151 -0.923880 -0.378541
v -0.028626 -0.980785 -0.192979
v -0.019122 0.980785 -0.194151
v -0.037510 0.923880 -0.380841
v -0.054455 0.831470 -0.552895
v -0.069308 0.707107 -0.703701
v -0.081498 0.555570 -0.827465
v -0.090556 0.382683 -0.919431
v -0.096134 0.195090 -0.976062
v -0.098017 0.000000 -0.995184
v -0.096134 -0.195090 -0.976062
v -0.090556 -0.382683 -0.919431
v -0.081498 -0.555570 -0.827465
v -0.069308 -0.707107 -0.703701
v -0.054455 -0.831470 -0.552895
v -0.037510 -0.923880 -0.380841
v -0.019122 -0.980785 -0.194151
v -0.009573 0.980785 -0.194855
v -0.018777 0.923880 -0.382222
v -0.027260 0.831470 -0.554901
v -0.034696 0.707107 -0.706255
v -0.040798 0.555570 -0.830468
v -0.045333 0.382683 -0.922766
v -0.048125 0.195090 -0.979604
v -0.049067 0.000000 -0.998795
v -0.048125 -0.195090 -0.979604
v -0.045333 -0.382683 -0.922766
v -0.040798 -0.555570 -0.830468
v -0.034696 -0.707107 -0.706255
v -0.027260 -0.831470 -0.554901
v -0.018777 -0.923880 -0.382222
v -0.009573 -0.980785 -0.194855
v 0.000000 0.980785 -0.195090
v 0.000000 0.923880 -0.382683
v 0.000000 0.831470 -0.555570
v 0.000000 0.707107 -0.707106
v -0.000000 0.555570 -0.831469
v 0.000000 0.382683 -0.923879
v 0.000000 0.195090 -0.980785
v 0.000000 0.000000 -0.999999
v 0.000000 -0.195090 -0.980785
v 0.000000 -0.382683 -0.923879
v -0.000000 -0.555570 -0.831469
v 0.000000 -0.707107 -0.707106
v 0.000000 -0.831470 -0.555570
v 0.000000 -0.923880 -0.382683
v 0.000000 -0.980785 -0.195090
v 0.000000 1.000000 0.000000
v 0.009573 0.980785 -0.194855
v 0.018777 0.923880 -0.382222
v 0.027261 0.831470 -0.554901
v 0.034696 0.707107 -0.706255
v 0.040798 0.555570 -0.830468
v 0.045333 0.382683 -0.922766
v 0.048125 0.195090 -0.979604
v 0.049068 0.000000 -0.998795
v 0.048125 -0.195090 -0.979604
v 0.045333 -0.382683 -0.922766
v 0.040798 -0.555570 -0.830468
v 0.034696 -0.707107 -0.706255
v 0.027261 -0.831470 -0.554901
v 0.018777 -0.923880 -0.382222
v 0.009573 -0.980785 -0.194855
v 0.019122 0.980785 -0.194151
v 0.037510 0.923880 -0.380841
v 0.054456 0.831470 -0.552895
v 0.069309 0.707107 -0.703701
v 0.081498 0.555570 -0.827465
v 0.090556 0.382683 -0.919431
v 0.096134 0.195090 -0.976062
v 0.098017 0.000000 -0.995184
v 0.096134 -0.195090 -0.976062
v 0.090556 -0.382683 -0.919431
v 0.081498 -0.555570 -0.827465
v 0.069309 -0.707107 -0.703701
v 0.054456 -0.831470 -0.552895
v 0.037510 -0.923880 -0.380841
v 0.019122 -0.980785 -0.194151
v 0.028626 0.980785 -0.192979
v 0.056151 0.923880 -0.378541
v 0.081519 0.831470 -0.549557
v 0.103754 0.707107 -0.699453
v 0.122002 0.555570 -0.822470
v 0.135561 0.382683 -0.913880
v 0.143911 0.195090 -0.970169
v 0.146731 0.000000 -0.989176
v 0.143911 -0.195090 -0.970169
v 0.135561 -0.382683 -0.913880
v 0.122002 -0.555570 -0.822470
v 0.103754 -0.707107 -0.699453
v 0.081519 -0.831470 -0.549557
v 0.056151 -0.923880 -0.378541
v 0.028626 -0.980785 -0.192979
v 0.038060 0.980785 -0.191342
v 0.074658 0.923880 -0.375330
v 0.108387 0.831470 -0.544895
v 0.137950 0.707107 -0.693519
v 0.162212 0.555570 -0.815493
v 0.180240 0.382683 -0.906127
v 0.191342 0.195090 -0.961939
v 0.195090 0.000000 -0.980784
v 0.191342 -0.195090 -0.961939
v 0.180240 -0.382683 -0.906127
v 0.162212 -0.555570 -0.815493
v 0.137950 -0.707107 -0.693519
v 0.108387 -0.831470 -0.544895
v 0.074658 -0.923880 -0.375330
v 0.038060 -0.980785 -0.191342
v 0.047403 0.980785 -0.189244
v 0.092984 0.923880 -0.371215
v 0.134993 0.831470 -0.538920
v 0.171813 0.707107 -0.685915
v 0.202030 0.555570 -0.806551
v 0.224484 0.382683 -0.896192
v 0.238311 0.195090 -0.951392
v 0.242980 0.000000 -0.970030
v 0.238311 -0.195090 -0.951392
v 0.224484 -0.382683 -0.896192
v 0.202030 -0.555570 -0.806551
v 0.171813 -0.707107 -0.685915
v 0.134993 -0.831470 -0.538920
v 0.092984 -0.923880 -0.371215
v 0.047403 -0.980785 -0.189244
v 0.056632 0.980785 -0.186690
v 0.111087 0.923880 -0.366205
v 0.161274 0.831470 -0.531647
v 0.205262 0.707107 -0.676658
v 0.241363 0.555570 -0.795666
v 0.268188 0.382683 -0.884097
v 0.284707 0.195090 -0.938553
v 0.290285 0.000000 -0.956939
v 0.284707 -0.195090 -0.938553
v 0.268188 -0.382683 -0.884097
v 0.241363 -0.555570 -0.795666
v 0.205262 -0.707107 -0.676658
v 0.161274 -0.831470 -0.531647
v 0.111087 -0.923880 -0.366205
v 0.056632 -0.980785 -0.186690
v 0.065724 0.980785 -0.183686
v 0.128922 0.923880 -0.360313
v 0.187166 0.831470 -0.523093
v 0.238217 0.707107 -0.665772
v 0.280114 0.555570 -0.782865
v 0.311246 0.382683 -0.869873
v 0.330417 0.195090 -0.923452
v 0.336890 0.000000 -0.941543
v 0.330417 -0.195090 -0.923452
v 0.311246 -0.382683 -0.869873
v 0.280114 -0.555570 -0.782865
v 0.238217 -0.707107 -0.665772
v 0.187166 -0.831470 -0.523093
v 0.128922 -0.923880 -0.360313
v 0.065724 -0.980785 -0.183686
v 0.074658 0.980785 -0.180240
v 0.146447 0.923880 -0.353553
v 0.212608 0.831470 -0.513280
v 0.270598 0.707107 -0.653281
v 0.318189 0.555570 -0.768177
v 0.353553 0.382683 -0.853553
v 0.375330 0.195090 -0.906127
v 0.382683 0.000000 -0.923879
v 0.375330 -0.195090 -0.906127
v 0.353553 -0.382683 -0.853553
v 0.318189 -0.555570 -0.768177
v 0.270598 -0.707107 -0.653281
v 0.212608 -0.831470 -0.513280
v 0.146447 -0.923880 -0.353553
v 0.074658 -0.980785 -0.180240
v 0.083412 0.980785 -0.176360
v 0.163618 0.923880 -0.345942
v 0.237537 0.831470 -0.502229
v 0.302327 0.707107 -0.639216
v 0.355499 0.555570 -0.751639
v 0.395009 0.382683 -0.835177
v 0.419340 0.195090 -0.886619
v 0.427555 0.000000 -0.903988
v 0.419340 -0.195090 -0.886619
v 0.395009 -0.382683 -0.835177
v 0.355499 -0.555570 -0.751639
v 0.302327 -0.707107 -0.639216
v 0.237537 -0.831470 -0.502229
v 0.163618 -0.923880 -0.345942
v 0.083412 -0.980785 -0.176360
v 0.091965 0.980785 -0.172054
v 0.180396 0.923880 -0.337496
v 0.261894 0.831470 -0.489969
v 0.333328 0.707107 -0.623612
v 0.391952 0.555570 -0.733290
v 0.435514 0.382683 -0.814789
v 0.462339 0.195090 -0.864975
v 0.471397 0.000000 -0.881920
v 0.462339 -0.195090 -0.864975
v 0.435514 -0.382683 -0.814789
v 0.391952 -0.555570 -0.733290
v 0.333328 -0.707107 -0.623612
v 0.261894 -0.831470 -0.489969
v 0.180396 -0.923880 -0.337496
v 0.091965 -0.980785 -0.172054
v 0.100296 0.980785 -0.167334
v 0.196739 0.923880 -0.328238
v 0.285620 0.831470 -0.476528
v 0.363525 0.707107 -0.606505
v 0.427461 0.555570 -0.713175
v 0.474969 0.382683 -0.792438
v 0.504224 0.195090 -0.841247
v 0.514102 0.000000 -0.857728
v 0.504224 -0.195090 -0.841247
v 0.474969 -0.382683 -0.792438
v 0.427461 -0.555570 -0.713175
v 0.363525 -0.707107 -0.606505
v 0.285620 -0.831470 -0.476528
v 0.196739 -0.923880 -0.328238
v 0.100296 -0.980785 -0.167334
v 0.108386 0.980785 -0.162212
v 0.212607 0.923880 -0.318189
v 0.308658 0.831470 -0.461939
v 0.392847 0.707107 -0.587937
v 0.461939 0.555570 -0.691341
v 0.513280 0.382683 -0.768177
v 0.544895 0.195090 -0.815493
v 0.555570 0.000000 -0.831469
v 0.544895 -0.195090 -0.815493
v 0.513280 -0.382683 -0.768177
v 0.461939 -0.555570 -0.691341
v 0.392847 -0.707107 -0.587937
v 0.308658 -0.831470 -0.461939
v 0.212607 -0.923880 -0.318189
v 0.108386 -0.980785 -0.162212
v 0.116215 0.980785 -0.156698
v 0.227964 0.923880 -0.307374
v 0.330953 0.831470 -0.446238
v 0.421223 0.707107 -0.567953
v 0.495306 0.555570 -0.667842
v 0.550354 0.382683 -0.742067
v 0.584253 0.195090 -0.787774
v 0.595699 0.000000 -0.803207
v 0.584253 -0.195090 -0.787774
v 0.550354 -0.382683 -0.742067
v 0.495306 -0.555570 -0.667842
v 0.421223 -0.707107 -0.567953
v 0.330953 -0.831470 -0.446238
v 0.227964 -0.923880 -0.307374
v 0.116215 -0.980785 -0.156698
v 0.123764 0.980785 -0.150807
v 0.242772 0.923880 -0.295818
v 0.352450 0.831470 -0.429461
v 0.448584 0.707107 -0.546600
v 0.527478 0.555570 -0.642734
v 0.586103 0.382683 -0.714168
v 0.622203 0.195090 -0.758157
v 0.634393 0.000000 -0.773009
v 0.622203 -0.195090 -0.758157
v 0.586103 -0.382683 -0.714168
v 0.527478 -0.555570 -0.642734
v 0.448584 -0.707107 -0.546600
v 0.352450 -0.831470 -0.429461
v 0.242772 -0.923880 -0.295818
v 0.123764 -0.980785 -0.150807
v 0.131015 0.980785 -0.144552
v 0.256994 0.923880 -0.283550
v 0.373098 0.831470 -0.411650
v 0.474864 0.707107 -0.523931
v 0.558380 0.555570 -0.616078
v 0.620439 0.382683 -0.684549
v 0.658655 0.195090 -0.726714
v 0.671559 0.000000 -0.740950
v 0.658655 -0.195090 -0.726714
v 0.620439 -0.382683 -0.684549
v 0.558380 -0.555570 -0.616078
v 0.474864 -0.707107 -0.523931
v 0.373098 -0.831470 -0.411650
v 0.256994 -0.923880 -0.283550
v 0.131015 -0.980785 -0.144552
v 0.137950 0.980785 -0.137950
v 0.270598 0.923880 -0.270598
v 0.392847 0.831470 -0.392847
v 0.500000 0.707107 -0.499999
v 0.587937 0.555570 -0.587938
v 0.653281 0.382683 -0.653281
v 0.693520 0.195090 -0.693520
v 0.707106 0.000000 -0.707106
v 0.693520 -0.195090 -0.693520
v 0.653281 -0.382683 -0.653281
v 0.587937 -0.555570 -0.587938
v 0.500000 -0.707107 -0.499999
v 0.392847 -0.831470 -0.392847
v 0.270598 -0.923880 -0.270598
v 0.137950 -0.980785 -0.137950
v 0.144552 0.980785 -0.131015
v 0.283550 0.923880 -0.256994
v 0.411650 0.831470 -0.373098
v 0.523931 0.707107 -0.474863
v 0.616078 0.555570 -0.558381
v 0.684549 0.382683 -0.620439
v 0.726714 0.195090 -0.658655
v 0.740951 0.000000 -0.671558
v 0.726714 -0.195090 -0.658655
v 0.684549 -0.382683 -0.620439
v 0.616078 -0.555570 -0.558381
v 0.523931 -0.707107 -0.474863
v 0.411650 -0.831470 -0.373098
v 0.283550 -0.923880 -0.256994
v 0.144552 -0.980785 -0.131015
v 0.150807 0.980785 -0.123764
v 0.295818 0.923880 -0.242772
v 0.429461 0.831470 -0.352450
v 0.546601 0.707107 -0.448583
v 0.642734 0.555570 -0.527479
v 0.714168 0.382683 -0.586103
v 0.758157 0.195090 -0.622203
v 0.773010 0.000000 -0.634392
v 0.758157 -0.195090 -0.622203
v 0.714168 -0.382683 -0.586103
v 0.642734 -0.555570 -0.527479
v 0.546601 -0.707107 -0.448583
v 0.429461 -0.831470 -0.352450
v 0.295818 -0.923880 -0.242772
v 0.150807 -0.980785 -0.123764
v 0.156698 0.980785 -0.116215
v 0.307374 0.923880 -0.227964
v 0.446238 0.831470 -0.330952
v 0.567953 0.707107 -0.421222
v 0.667842 0.555570 -0.495306
v 0.742067 0.382683 -0.550354
v 0.787774 0.195090 -0.584253
v 0.803207 0.000000 -0.595698
v 0.787774 -0.195090 -0.584253
v 0.742067 -0.382683 -0.550354
v 0.667842 -0.555570 -0.495306
v 0.567953 -0.707107 -0.421222
v 0.446238 -0.831470 -0.330952
v 0.307374 -0.923880 -0.227964
v 0.156698 -0.980785 -0.116215
v 0.162212 0.980785 -0.108386
v 0.318190 0.923880 -0.212607
v 0.461940 0.831470 -0.308658
v 0.587937 0.707107 -0.392847
v 0.691341 0.555570 -0.461940
v 0.768178 0.382683 -0.513280
v 0.815493 0.195090 -0.544895
v 0.831469 0.000000 -0.555569
v 0.815493 -0.195090 -0.544895
v 0.768178 -0.382683 -0.513280
v 0.691341 -0.555570 -0.461940
v 0.587937 -0.707107 -0.392847
v 0.461940 -0.831470 -0.308658
v 0.318190 -0.923880 -0.212607
v 0.162212 -0.980785 -0.108386
v 0.167334 0.980785 -0.100296
v 0.328238 0.923880 -0.196738
v 0.476528 0.831470 -0.285620
v 0.606505 0.707107 -0.363525
v 0.713175 0.555570 -0.427461
v 0.792438 0.382683 -0.474969
v 0.841247 0.195090 -0.504224
v 0.857728 0.000000 -0.514102
v 0.841247 -0.195090 -0.504224
v 0.792438 -0.382683 -0.474969
v 0.713175 -0.555570 -0.427461
v 0.606505 -0.707107 -0.363525
v 0.476528 -0.831470 -0.285620
v 0.328238 -0.923880 -0.196738
v 0.167334 -0.980785 -0.100296
v 0.172054 0.980785 -0.091965
v 0.337496 0.923880 -0.180396
v 0.489969 0.831470 -0.261894
v 0.623612 0.707107 -0.333327
v 0.733290 0.555570 -0.391952
v 0.814789 0.382683 -0.435513
v 0.864975 0.195090 -0.462339
v 0.881920 0.000000 -0.471396
v 0.864975 -0.195090 -0.462339
v 0.814789 -0.382683 -0.435513
v 0.733290 -0.555570 -0.391952
v 0.623612 -0.707107 -0.333327
v 0.489969 -0.831470 -0.261894
v 0.337496 -0.923880 -0.180396
v 0.172054 -0.980785 -0.091965
v 0.176360 0.980785 -0.083412
v 0.345942 0.923880 -0.163618
v 0.502229 0.831470 -0.237536
v 0.639216 0.707107 -0.302327
v 0.751639 0.555570 -0.355499
v 0.835177 0.382683 -0.395009
v 0.886619 0.195090 -0.419339
v 0.903988 0.000000 -0.427554
v 0.886619 -0.195090 -0.419339
v 0.835177 -0.382683 -0.395009
v 0.751639 -0.555570 -0.355499
v 0.639216 -0.707107 -0.302327
v 0.502229 -0.831470 -0.237536
v 0.345942 -0.923880 -0.163618
v 0.176360 -0.980785 -0.083412
v 0.180240 0.980785 -0.074658
v 0.353553 0.923880 -0.146446
v 0.513280 0.831470 -0.212607
v 0.653281 0.707107 -0.270598
v 0.768177 0.555570 -0.318190
v 0.853553 0.382683 -0.353553
v 0.906127 0.195090 -0.375330
v 0.923879 0.000000 -0.382683
v 0.906127 -0.195090 -0.375330
v 0.853553 -0.382683 -0.353553
v 0.768177 -0.555570 -0.318190
v 0.653281 -0.707107 -0.270598
v 0.513280 -0.831470 -0.212607
v 0.353553 -0.923880 -0.146446
v 0.180240 -0.980785 -0.074658
v 0.183686 0.980785 -0.065724
v 0.360313 0.923880 -0.128922
v 0.523093 0.831470 -0.187166
v 0.665772 0.707107 -0.238217
v 0.782865 0.555570 -0.280114
v 0.869873 0.382683 -0.311245
v 0.923452 0.195090 -0.330416
v 0.941543 0.000000 -0.336889
v 0.923452 -0.195090 -0.330416
v 0.869873 -0.382683 -0.311245
v 0.782865 -0.555570 -0.280114
v 0.665772 -0.707107 -0.238217
v 0.523093 -0.831470 -0.187166
v 0.360313 -0.923880 -0.128922
v 0.183686 -0.980785 -0.065724
v 0.186690 0.980785 -0.056632
v 0.366205 0.923880 -0.111087
v 0.531647 0.831470 -0.161273
v 0.676658 0.707107 -0.205262
v 0.795666 0.555570 -0.241363
v 0.884097 0.382683 -0.268188
v 0.938553 0.195090 -0.284707
v 0.956939 0.000000 -0.290284
v 0.938553 -0.195090 -0.284707
v 0.884097 -0.382683 -0.268188
v 0.795666 -0.555570 -0.241363
v 0.676658 -0.707107 -0.205262
v 0.531647 -0.831470 -0.161273
v 0.366205 -0.923880 -0.111087
v 0.186690 -0.980785 -0.056632
v 0.189244 0.980785 -0.047403
v 0.371215 0.923880 -0.092984
v 0.538920 0.831470 -0.134992
v 0.685915 0.707107 -0.171813
v 0.806551 0.555570 -0.202031
v 0.896192 0.382683 -0.224484
v 0.951392 0.195090 -0.238311
v 0.970030 0.000000 -0.242980
v 0.951392 -0.195090 -0.238311
v 0.896192 -0.382683 -0.224484
v 0.806551 -0.555570 -0.202031
v 0.685915 -0.707107 -0.171813
v 0.538920 -0.831470 -0.134992
v 0.371215 -0.923880 -0.092984
v 0.189244 -0.980785 -0.047403
v 0.000000 -1.000000 0.000000
v 0.191342 0.980785 -0.038060
v 0.375330 0.923880 -0.074658
v 0.544895 0.831470 -0.108386
v 0.693519 0.707107 -0.137949
v 0.815493 0.555570 -0.162212
v 0.906127 0.382683 -0.180240
v 0.961939 0.195090 -0.191341
v 0.980784 0.000000 -0.195090
v 0.961939 -0.195090 -0.191341
v 0.906127 -0.382683 -0.180240
v 0.815493 -0.555570 -0.162212
v 0.693519 -0.707107 -0.137949
v 0.544895 -0.831470 -0.108386
v 0.375330 -0.923880 -0.074658
v 0.191342 -0.980785 -0.038060
v 0.192979 0.980785 -0.028626
v 0.378541 0.923880 -0.056151
v 0.549556 0.831470 -0.081519
v 0.699453 0.707107 -0.103754
v 0.822470 0.555570 -0.122002
v 0.913880 0.382683 -0.135561
v 0.970169 0.195090 -0.143911
v 0.989175 0.000000 -0.146730
v 0.970169 -0.195090 -0.143911
v 0.913880 -0.382683 -0.135561
v 0.822470 -0.555570 -0.122002
v 0.699453 -0.707107 -0.103754
v 0.549556 -0.831470 -0.081519
v 0.378541 -0.923880 -0.056151
v 0.192979 -0.980785 -0.028626
v 0.194151 0.980785 -0.019122
v 0.380840 0.923880 -0.037509
v 0.552894 0.831470 -0.054455
v 0.703701 0.707107 -0.069308
v 0.827465 0.555570 -0.081498
v 0.919430 0.382683 -0.090556
v 0.976062 0.195090 -0.096134
v 0.995184 0.000000 -0.098017
v 0.976062 -0.195090 -0.096134
v 0.919430 -0.382683 -0.090556
v 0.827465 -0.555570 -0.081498
v 0.703701 -0.707107 -0.069308
v 0.552894 -0.831470 -0.054455
v 0.380840 -0.923880 -0.037509
v 0.194151 -0.980785 -0.019122
v 0.194855 0.980785 -0.009573
v 0.382222 0.923880 -0.018777
v 0.554900 0.831470 -0.027260
v 0.706254 0.707107 -0.034696
v 0.830468 0.555570 -0.040798
v 0.922766 0.382683 -0.045332
v 0.979603 0.195090 -0.048125
v 0.998794 0.000000 -0.049067
v 0.979603 -0.195090 -0.048125
v 0.922766 -0.382683 -0.045332
v 0.830468 -0.555570 -0.040798
v 0.706254 -0.707107 -0.034696
v 0.554900 -0.831470 -0.027260
v 0.382222 -0.923880 -0.018777
v 0.194855 -0.980785 -0.009573
v 0.195090 0.980785 0.000000
v 0.382683 0.923880 0.000000
v 0.555570 0.831470 0.000000
v 0.707106 0.707107 0.000000
v 0.831469 0.555570 -0.000000
v 0.923879 0.382683 0.000000
v 0.980785 0.195090 0.000000
v 0.999999 0.000000 0.000000
v 0.980785 -0.195090 0.000000
v 0.923879 -0.382683 0.000000
v 0.831469 -0.555570 -0.000000
v 0.707106 -0.707107 0.000000
v 0.555570 -0.831470 0.000000
v 0.382683 -0.923880 0.000000
v 0.195090 -0.980785 0.000000
v 0.194855 0.980785 0.009573
v 0.382222 0.923880 0.018777
v 0.554900 0.831470 0.027261
v 0.706254 0.707107 0.034696
v 0.830468 0.555570 0.040798
v 0.922766 0.382683 0.045333
v 0.979603 0.195090 0.048125
v 0.998794 0.000000 0.049068
v 0.979603 -0.195090 0.048125
v 0.922766 -0.382683 0.045333
v 0.830468 -0.555570 0.040798
v 0.706254 -0.707107 0.034696
v 0.554900 -0.831470 0.027261
v 0.382222 -0.923880 0.018777
v 0.194855 -0.980785 0.009573
v 0.194151 0.980785 0.019122
v 0.380840 0.923880 0.037510
v 0.552894 0.831470 0.054456
v 0.703701 0.707107 0.069309
v 0.827465 0.555570 0.081498
v 0.919430 0.382683 0.090556
v 0.976062 0.195090 0.096134
v 0.995183 0.000000 0.098017
v 0.976062 -0.195090 0.096134
v 0.919430 -0.382683 0.090556
v 0.827465 -0.555570 0.081498
v 0.703701 -0.707107 0.069309
v 0.552894 -0.831470 0.054456
v 0.380840 -0.923880 0.037510
v 0.194151 -0.980785 0.019122
v 0.192979 0.980785 0.028626
v 0.378541 0.923880 0.056151
v 0.549556 0.831470 0.081519
v 0.699452 0.707107 0.103754
v 0.822470 0.555570 0.122002
v 0.913880 0.382683 0.135561
v 0.970169 0.195090 0.143911
v 0.989175 0.000000 0.146731
v 0.970169 -0.195090 0.143911
v 0.913880 -0.382683 0.135561
v 0.822470 -0.555570 0.122002
v 0.699452 -0.707107 0.103754
v 0.549556 -0.831470 0.081519
v 0.378541 -0.923880 0.056151
v 0.192979 -0.980785 0.028626
v 0.191342 0.980785 0.038060
v 0.375330 0.923880 0.074658
v 0.544894 0.831470 0.108386
v 0.693519 0.707107 0.137950
v 0.815493 0.555570 0.162211
v 0.906127 0.382683 0.180240
v 0.961939 0.195090 0.191342
v 0.980784 0.000000 0.195090
v 0.961939 -0.195090 0.191342
v 0.906127 -0.382683 0.180240
v 0.815493 -0.555570 0.162211
v 0.693519 -0.707107 0.137950
v 0.544894 -0.831470 0.108386
v 0.375330 -0.923880 0.074658
v 0.191342 -0.980785 0.038060
v 0.189244 0.980785 0.047403
v 0.371215 0.923880 0.092985
v 0.538920 0.831470 0.134993
v 0.685915 0.707107 0.171813
v 0.806551 0.555570 0.202030
v 0.896192 0.382683 0.224485
v 0.951392 0.195090 0.238311
v 0.970030 0.000000 0.242980
v 0.951392 -0.195090 0.238311
v 0.896192 -0.382683 0.224485
v 0.806551 -0.555570 0.202030
v 0.685915 -0.707107 0.171813
v 0.538920 -0.831470 0.134993
v 0.371215 -0.923880 0.092985
v 0.189244 -0.980785 0.047403
v 0.186690 0.980785 0.056632
v 0.366205 0.923880 0.111087
v 0.531647 0.831470 0.161274
v 0.676658 0.707107 0.205262
v 0.795666 0.555570 0.241363
v 0.884097 0.382683 0.268188
v 0.938552 0.195090 0.284707
v 0.956939 0.000000 0.290285
v 0.938552 -0.195090 0.284707
v 0.884097 -0.382683 0.268188
v 0.795666 -0.555570 0.241363
v 0.676658 -0.707107 0.205262
v 0.531647 -0.831470 0.161274
v 0.366205 -0.923880 0.111087
v 0.186690 -0.980785 0.056632
v 0.183686 0.980785 0.065724
v 0.360313 0.923880 0.128922
v 0.523093 0.831470 0.187166
v 0.665771 0.707107 0.238217
v 0.782865 0.555570 0.280113
v 0.869873 0.382683 0.311246
v 0.923452 0.195090 0.330417
v 0.941543 0.000000 0.336890
v 0.923452 -0.195090 0.330417
v 0.869873 -0.382683 0.311246
v 0.782865 -0.555570 0.280113
v 0.665771 -0.707107 0.238217
v 0.523093 -0.831470 0.187166
v 0.360313 -0.923880 0.128922
v 0.183686 -0.980785 0.065724
v 0.180240 0.980785 0.074658
v 0.353553 0.923880 0.146447
v 0.513279 0.831470 0.212608
v 0.653280 0.707107 0.270598
v 0.768177 0.555570 0.318189
v 0.853553 0.382683 0.353553
v 0.906127 0.195090 0.375330
v 0.923878 0.000000 0.382683
v 0.906127 -0.195090 0.375330
v 0.853553 -0.382683 0.353553
v 0.768177 -0.555570 0.318189
v 0.653280 -0.707107 0.270598
v 0.513279 -0.831470 0.212608
v 0.353553 -0.923880 0.146447
v 0.180240 -0.980785 0.074658
v 0.176359 0.980785 0.083412
v 0.345941 0.923880 0.163618
v 0.502229 0.831470 0.237537
v 0.639216 0.707107 0.302327
v 0.751639 0.555570 0.355499
v 0.835177 0.382683 0.395009
v 0.886619 0.195090 0.419340
v 0.903988 0.000000 0.427555
v 0.886619 -0.195090 0.419340
v 0.835177 -0.382683 0.395009
v 0.751639 -0.555570 0.355499
v 0.639216 -0.707107 0.302327
v 0.502229 -0.831470 0.237537
v 0.345941 -0.923880 0.163618
v 0.176359 -0.980785 0.083412
v 0.172054 0.980785 0.091965
v 0.337496 0.923880 0.180396
v 0.489968 0.831470 0.261894
v 0.623611 0.707107 0.333328
v 0.733290 0.555570 0.391952
v 0.814789 0.382683 0.435514
v 0.864975 0.195090 0.462339
v 0.881920 0.000000 0.471396
v 0.864975 -0.195090 0.462339
v 0.814789 -0.382683 0.435514
v 0.733290 -0.555570 0.391952
v 0.623611 -0.707107 0.333328
v 0.489968 -0.831470 0.261894
v 0.337496 -0.923880 0.180396
v 0.172054 -0.980785 0.091965
v 0.167334 0.980785 0.100296
v 0.328238 0.923880 0.196739
v 0.476528 0.831470 0.285620
v 0.606505 0.707107 0.363525
v 0.713175 0.555570 0.427460
v 0.792437 0.382683 0.474969
v 0.841247 0.195090 0.504224
v 0.857727 0.000000 0.514102
v 0.841247 -0.195090 0.504224
v 0.792437 -0.382683 0.474969
v 0.713175 -0.555570 0.427460
v 0.606505 -0.707107 0.363525
v 0.476528 -0.831470 0.285620
v 0.328238 -0.923880 0.196739
v 0.167334 -0.980785 0.100296
v 0.162212 0.980785 0.108386
v 0.318189 0.923880 0.212607
v 0.461939 0.831470 0.308658
v 0.587937 0.707107 0.392847
v 0.691341 0.555570 0.461939
v 0.768177 0.382683 0.513280
v 0.815493 0.195090 0.544895
v 0.831468 0.000000 0.555570
v 0.815493 -0.195090 0.544895
v 0.768177 -0.382683 0.513280
v 0.691341 -0.555570 0.461939
v 0.587937 -0.707107 0.392847
v 0.461939 -0.831470 0.308658
v 0.318189 -0.923880 0.212607
v 0.162212 -0.980785 0.108386
v 0.156698 0.980785 0.116215
v 0.307374 0.923880 0.227964
v 0.446237 0.831470 0.330953
v 0.567952 0.707107 0.421223
v 0.667842 0.555570 0.495305
v 0.742067 0.382683 0.550354
v 0.787774 0.195090 0.584253
v 0.803206 0.000000 0.595699
v 0.787774 -0.195090 0.584253
v 0.742067 -0.382683 0.550354
v 0.667842 -0.555570 0.495305
v 0.567952 -0.707107 0.421223
v 0.446237 -0.831470 0.330953
v 0.307374 -0.923880 0.227964
v 0.156698 -0.980785 0.116215
v 0.150807 0.980785 0.123764
v 0.295818 0.923880 0.242772
v 0.429461 0.831470 0.352450
v 0.546600 0.707107 0.448583
v 0.642734 0.555570 0.527478
v 0.714168 0.382683 0.586103
v 0.758157 0.195090 0.622203
v 0.773009 0.000000 0.634393
v 0.758157 -0.195090 0.622203
v 0.714168 -0.382683 0.586103
v 0.642734 -0.555570 0.527478
v 0.546600 -0.707107 0.448583
v 0.429461 -0.831470 0.352450
v 0.295818 -0.923880 0.242772
v 0.150807 -0.980785 0.123764
v 0.144552 0.980785 0.131015
v 0.283549 0.923880 0.256994
v 0.411650 0.831470 0.373098
v 0.523931 0.707107 0.474863
v 0.616078 0.555570 0.558380
v 0.684549 0.382683 0.620439
v 0.726713 0.195090 0.658655
v 0.740950 0.000000 0.671558
v 0.726713 -0.195090 0.658655
v 0.684549 -0.382683 0.620439
v 0.616078 -0.555570 0.558380
v 0.523931 -0.707107 0.474863
v 0.411650 -0.831470 0.373098
v 0.283549 -0.923880 0.256994
v 0.144552 -0.980785 0.131015
v 0.137950 0.980785 0.137950
v 0.270598 0.923880 0.270598
v 0.392847 0.831470 0.392847
v 0.499999 0.707107 0.499999
v 0.587938 0.555570 0.587937
v 0.653281 0.382683 0.653281
v 0.693519 0.195090 0.693520
v 0.707105 0.000000 0.707106
v 0.693519 -0.195090 0.693520
v 0.653281 -0.382683 0.653281
v 0.587938 -0.555570 0.587937
v 0.499999 -0.707107 0.499999
v 0.392847 -0.831470 0.392847
v 0.270598 -0.923880 0.270598
v 0.137950 -0.980785 0.137950
v 0.131015 0.980785 0.144552
v 0.256994 0.923880 0.283550
v 0.373097 0.831470 0.411650
v 0.474863 0.707107 0.523931
v 0.558381 0.555570 0.616078
v 0.620439 0.382683 0.684549
v 0.658655 0.195090 0.726714
v 0.671558 0.000000 0.740950
v 0.658655 -0.195090 0.726714
v 0.620439 -0.382683 0.684549
v 0.558381 -0.555570 0.616078
v 0.474863 -0.707107 0.523931
v 0.373097 -0.831470 0.411650
v 0.256994 -0.923880 0.283550
v 0.131015 -0.980785 0.144552
v 0.123764 0.980785 0.150807
v 0.242772 0.923880 0.295818
v 0.352449 0.831470 0.429461
v 0.448583 0.707107 0.546600
v 0.527479 0.555570 0.642734
v 0.586103 0.382683 0.714168
v 0.622203 0.195090 0.758157
v 0.634392 0.000000 0.773010
v 0.622203 -0.195090 0.758157
v 0.586103 -0.382683 0.714168
v 0.527479 -0.555570 0.642734
v 0.448583 -0.707107 0.546600
v 0.352449 -0.831470 0.429461
v 0.242772 -0.923880 0.295818
v 0.123764 -0.980785 0.150807
v 0.116215 0.980785 0.156698
v 0.227964 0.923880 0.307374
v 0.330952 0.831470 0.446238
v 0.421222 0.707107 0.567953
v 0.495306 0.555570 0.667842
v 0.550354 0.382683 0.742067
v 0.584253 0.195090 0.787774
v 0.595698 0.000000 0.803207
v 0.584253 -0.195090 0.787774
v 0.550354 -0.382683 0.742067
v 0.495306 -0.555570 0.667842
v 0.421222 -0.707107 0.567953
v 0.330952 -0.831470 0.446238
v 0.227964 -0.923880 0.307374
v 0.116215 -0.980785 0.156698
v 0.108386 0.980785 0.162212
v 0.212607 0.923880 0.318189
v 0.308658 0.831470 0.461939
v 0.392847 0.707107 0.587937
v 0.461940 0.555570 0.691341
v 0.513280 0.382683 0.768178
v 0.544895 0.195090 0.815493
v 0.555569 0.000000 0.831469
v 0.544895 -0.195090 0.815493
v 0.513280 -0.382683 0.768178
v 0.461940 -0.555570 0.691341
v 0.392847 -0.707107 0.587937
v 0.308658 -0.831470 0.461939
v 0.212607 -0.923880 0.318189
v 0.108386 -0.980785 0.162212
v 0.100296 0.980785 0.167334
v 0.196738 0.923880 0.328238
v 0.285619 0.831470 0.476528
v 0.363525 0.707107 0.606505
v 0.427461 0.555570 0.713175
v 0.474969 0.382683 0.792438
v 0.504224 0.195090 0.841247
v 0.514102 0.000000 0.857728
v 0.504224 -0.195090 0.841247
v 0.474969 -0.382683 0.792438
v 0.427461 -0.555570 0.713175
v 0.363525 -0.707107 0.606505
v 0.285619 -0.831470 0.476528
v 0.196738 -0.923880 0.328238
v 0.100296 -0.980785 0.167334
v 0.091965 0.980785 0.172054
v 0.180395 0.923880 0.337496
v 0.261893 0.831470 0.489969
v 0.333327 0.707107 0.623612
v 0.391952 0.555570 0.733290
v 0.435513 0.382683 0.814789
v 0.462339 0.195090 0.864975
v 0.471396 0.000000 0.881920
v 0.462339 -0.195090 0.864975
v 0.435513 -0.382683 0.814789
v 0.391952 -0.555570 0.733290
v 0.333327 -0.707107 0.623612
v 0.261893 -0.831470 0.489969
v 0.180395 -0.923880 0.337496
v 0.091965 -0.980785 0.172054
v 0.083412 0.980785 0.176359
v 0.163618 0.923880 0.345941
v 0.237536 0.831470 0.502229
v 0.302326 0.707107 0.639216
v 0.355499 0.555570 0.751639
v 0.395009 0.382683 0.835177
v 0.419339 0.195090 0.886619
v 0.427554 0.000000 0.903988
v 0.419339 -0.195090 0.886619
v 0.395009 -0.382683 0.835177
v 0.355499 -0.555570 0.751639
v 0.302326 -0.707107 0.639216
v 0.237536 -0.831470 0.502229
v 0.163618 -0.923880 0.345941
v 0.083412 -0.980785 0.176359
v 0.074658 0.980785 0.180240
v 0.146446 0.923880 0.353553
v 0.212607 0.831470 0.513279
v 0.270597 0.707107 0.653280
v 0.318190 0.555570 0.768177
v 0.353553 0.382683 0.853553
v 0.375330 0.195090 0.906127
v 0.382683 0.000000 0.923878
v 0.375330 -0.195090 0.906127
v 0.353553 -0.382683 0.853553
v 0.318190 -0.555570 0.768177
v 0.270597 -0.707107 0.653280
v 0.212607 -0.831470 0.513279
v 0.146446 -0.923880 0.353553
v 0.074658 -0.980785 0.180240
v 0.065724 0.980785 0.183686
v 0.128922 0.923880 0.360313
v 0.187165 0.831470 0.523093
v 0.238216 0.707107 0.665771
v 0.280114 0.555570 0.782865
v 0.311245 0.382683 0.869873
v 0.330416 0.195090 0.923452
v 0.336889 0.000000 0.941543
v 0.330416 -0.195090 0.923452
v 0.311245 -0.382683 0.869873
v 0.280114 -0.555570 0.782865
v 0.238216 -0.707107 0.665771
v 0.187165 -0.831470 0.523093
v 0.128922 -0.923880 0.360313
v 0.065724 -0.980785 0.183686
v 0.056632 0.980785 0.186690
v 0.111087 0.923880 0.366205
v 0.161273 0.831470 0.531647
v 0.205262 0.707107 0.676658
v 0.241363 0.555570 0.795666
v 0.268188 0.382683 0.884097
v 0.284707 0.195090 0.938552
v 0.290284 0.000000 0.956939
v 0.284707 -0.195090 0.938552
v 0.268188 -0.382683 0.884097
v 0.241363 -0.555570 0.795666
v 0.205262 -0.707107 0.676658
v 0.161273 -0.831470 0.531647
v 0.111087 -0.923880 0.366205
v 0.056632 -0.980785 0.186690
v 0.047403 0.980785 0.189244
v 0.092984 0.923880 0.371215
v 0.134992 0.831470 0.538920
v 0.171812 0.707107 0.685914
v 0.202031 0.555570 0.806551
v 0.224484 0.382683 0.896192
v 0.238311 0.195090 0.951392
v 0.242979 0.000000 0.970030
v 0.238311 -0.195090 0.951392
v 0.224484 -0.382683 0.896192
v 0.202031 -0.555570 0.806551
v 0.171812 -0.707107 0.685914
v 0.134992 -0.831470 0.538920
v 0.092984 -0.923880 0.371215
v 0.047403 -0.980785 0.189244
v 0.038060 0.980785 0.191342
v 0.074658 0.923880 0.375330
v 0.108386 0.831470 0.544894
v 0.137949 0.707107 0.693519
v 0.162212 0.555570 0.815492
v 0.180240 0.382683 0.906127
v 0.191341 0.195090 0.961939
v 0.195090 0.000000 0.980784
v 0.191341 -0.195090 0.961939
v 0.180240 -0.382683 0.906127
v 0.162212 -0.555570 0.815492
v 0.137949 -0.707107 0.693519
v 0.108386 -0.831470 0.544894
v 0.074658 -0.923880 0.375330
v 0.038060 -0.980785 0.191342
v 0.028626 0.980785 0.192979
v 0.056151 0.923880 0.378541
v 0.081519 0.831470 0.549556
v 0.103754 0.707107 0.699452
v 0.122002 0.555570 0.822469
v 0.135561 0.382683 0.913880
v 0.143911 0.195090 0.970169
v 0.146730 0.000000 0.989175
v 0.143911 -0.195090 0.970169
v 0.135561 -0.382683 0.913880
v 0.122002 -0.555570 0.822469
v 0.103754 -0.707107 0.699452
v 0.081519 -0.831470 0.549556
v 0.056151 -0.923880 0.378541
v 0.028626 -0.980785 0.192979
v 0.019122 0.980785 0.194151
v 0.037509 0.923880 0.380840
v 0.054455 0.831470 0.552894
v 0.069308 0.707107 0.703701
v 0.081498 0.555570 0.827465
v 0.090556 0.382683 0.919430
v 0.096134 0.195090 0.976062
v 0.098017 0.000000 0.995183
v 0.096134 -0.195090 0.976062
v 0.090556 -0.382683 0.919430
v 0.081498 -0.555570 0.827465
v 0.069308 -0.707107 0.703701
v 0.054455 -0.831470 0.552894
v 0.037509 -0.923880 0.380840
v 0.019122 -0.980785 0.194151
v 0.009573 0.980785 0.194855
v 0.018777 0.923880 0.382222
v 0.027260 0.831470 0.554900
v 0.034696 0.707107 0.706254
v 0.040798 0.555570 0.830467
v 0.045332 0.382683 0.922766
v 0.048125 0.195090 0.979603
v 0.049067 0.000000 0.998794
v 0.048125 -0.195090 0.979603
v 0.045332 -0.382683 0.922766
v 0.040798 -0.555570 0.830467
v 0.034696 -0.707107 0.706254
v 0.027260 -0.831470 0.554900
v 0.018777 -0.923880 0.382222
v 0.009573 -0.980785 0.194855
v -0.000000 0.980785 0.195090
v -0.000000 0.923880 0.382683
v 0.000000 0.555570 0.831469
v -0.000000 0.195090 0.980785
v 0.000000 -0.555570 0.831469
v -0.000000 -0.923880 0.382683
vn -0.0216 -0.4713 0.8817
vn -0.0156 0.7729 0.6343
vn -0.0190 -0.6343 0.7729
vn -0.0190 0.6343 0.7729
vn -0.0156 -0.7729 0.6343
vn -0.0216 0.4713 0.8817
vn -0.0116 -0.8819 0.4714
vn -0.0235 0.2902 0.9567
vn -0.0071 -0.9569 0.2903
vn -0.0244 0.0980 0.9949
vn -0.0024 0.9952 0.0980
vn -0.0024 -0.9952 0.0980
vn -0.0244 -0.0980 0.9949
vn -0.0071 0.9569 0.2903
vn -0.0235 -0.2902 0.9567
vn -0.0116 0.8819 0.4714
vn -0.0214 0.9569 0.2896
vn -0.0704 -0.2902 0.9544
vn -0.0347 0.8819 0.4702
vn -0.0649 -0.4713 0.8796
vn -0.0467 0.7729 0.6328
vn -0.0569 -0.6343 0.7710
vn -0.0569 0.6343 0.7710
vn -0.0467 -0.7729 0.6328
vn -0.0649 0.4713 0.8796
vn -0.0347 -0.8819 0.4702
vn -0.0704 0.2902 0.9544
vn -0.0214 -0.9569 0.2896
vn -0.0732 0.0980 0.9925
vn -0.0072 0.9952 0.0978
vn -0.0072 -0.9952 0.0978
vn -0.0732 -0.0980 0.9925
vn -0.1080 0.4713 0.8753
vn -0.0577 -0.8819 0.4680
vn -0.1171 0.2902 0.9498
vn -0.0355 -0.9569 0.2882
vn -0.1218 0.0980 0.9877
vn -0.0120 0.9952 0.0973
vn -0.0120 -0.9952 0.0973
vn -0.1218 -0.0980 0.9877
vn -0.0355 0.9569 0.2882
vn -0.1171 -0.2902 0.9498
vn -0.0577 0.8819 0.4680
vn -0.1080 -0.4713 0.8753
vn -0.0777 0.7729 0.6297
vn -0.0946 -0.6343 0.7673
vn -0.0946 0.6343 0.7673
vn -0.0777 -0.7729 0.6297
vn -0.1636 -0.2902 0.9429
vn -0.0806 0.8819 0.4646
vn -0.1508 -0.4713 0.8690
vn -0.1085 0.7729 0.6252
vn -0.1322 -0.6343 0.7617
vn -0.1322 0.6343 0.7617
vn -0.1085 -0.7729 0.6252
vn -0.1508 0.4713 0.8690
vn -0.0806 -0.8819 0.4646
vn -0.1636 0.2902 0.9429
vn -0.0496 -0.9569 0.2861
vn -0.1701 0.0980 0.9805
vn -0.0168 0.9952 0.0966
vn -0.0168 -0.9952 0.0966
vn -0.1701 -0.0980 0.9805
vn -0.0496 0.9569 0.2861
vn -0.1033 -0.8819 0.4600
vn -0.2097 0.2902 0.9337
vn -0.0636 -0.9569 0.2833
vn -0.2180 0.0980 0.9710
vn -0.0215 0.9952 0.0957
vn -0.0215 -0.9952 0.0957
vn -0.2180 -0.0980 0.9710
vn -0.0636 0.9569 0.2833
vn -0.2097 -0.2902 0.9337
vn -0.1033 0.8819 0.4601
vn -0.1932 -0.4713 0.8606
vn -0.1390 0.7729 0.6191
vn -0.1694 -0.6343 0.7543
vn -0.1694 0.6343 0.7543
vn -0.1390 -0.7729 0.6191
vn -0.1932 0.4713 0.8605
vn -0.2352 -0.4713 0.8500
vn -0.1692 0.7729 0.6115
vn -0.2062 -0.6343 0.7451
vn -0.2062 0.6343 0.7451
vn -0.1692 -0.7729 0.6115
vn -0.2352 0.4713 0.8500
vn -0.1258 -0.8819 0.4544
vn -0.2552 0.2902 0.9223
vn -0.0774 -0.9569 0.2798
vn -0.2654 0.0980 0.9591
vn -0.0261 0.9952 0.0945
vn -0.0261 -0.9952 0.0945
vn -0.2654 -0.0980 0.9591
vn -0.0774 0.9569 0.2798
vn -0.2552 -0.2902 0.9223
vn -0.1258 0.8819 0.4544
vn -0.0911 -0.9569 0.2757
vn -0.3122 0.0980 0.9450
vn -0.0308 0.9952 0.0931
vn -0.0308 -0.9952 0.0931
vn -0.3122 -0.0980 0.9450
vn -0.0911 0.9569 0.2757
vn -0.3002 -0.2902 0.9087
vn -0.1479 0.8819 0.4477
vn -0.2767 -0.4713 0.8375
vn -0.1990 0.7729 0.6025
vn -0.2425 -0.6343 0.7341
vn -0.2425 0.6343 0.7341
vn -0.1990 -0.7729 0.6025
vn -0.2767 0.4713 0.8375
vn -0.1479 -0.8819 0.4477
vn -0.3002 0.2902 0.9087
vn -0.2284 0.7729 0.5920
vn -0.2782 -0.6343 0.7213
vn -0.2782 0.6343 0.7213
vn -0.2284 -0.7729 0.5920
vn -0.3174 0.4713 0.8229
vn -0.1697 -0.8819 0.4399
vn -0.3444 0.2902 0.8928
vn -0.1045 -0.9569 0.2709
vn -0.3582 0.0980 0.9285
vn -0.0353 0.9952 0.0915
vn -0.0353 -0.9952 0.0915
vn -0.3582 -0.0980 0.9285
vn -0.1045 0.9569 0.2709
vn -0.3444 -0.2902 0.8928
vn -0.1697 0.8819 0.4399
vn -0.3174 -0.4713 0.8229
vn -0.4033 0.0980 0.9098
vn -0.0397 0.9952 0.0896
vn -0.0397 -0.9952 0.0896
vn -0.4033 -0.0980 0.9098
vn -0.1177 0.9569 0.2655
vn -0.3878 -0.2902 0.8749
vn -0.1911 0.8819 0.4311
vn -0.3574 -0.4713 0.8063
vn -0.2571 0.7729 0.5801
vn -0.3133 -0.6343 0.7068
vn -0.3133 0.6343 0.7068
vn -0.2571 -0.7729 0.5801
vn -0.3574 0.4713 0.8063
vn -0.1911 -0.8819 0.4311
vn -0.3878 0.2902 0.8749
vn -0.1177 -0.9569 0.2655
vn -0.3476 -0.6343 0.6906
vn -0.3476 0.6343 0.6906
vn -0.2853 -0.7729 0.5668
vn -0.3965 0.4713 0.7878
vn -0.2120 -0.8819 0.4212
vn -0.4303 0.2902 0.8548
vn -0.1305 -0.9569 0.2594
vn -0.4474 0.0980 0.8889
vn -0.0441 0.9952 0.0876
vn -0.0441 -0.9952 0.0876
vn -0.4474 -0.0980 0.8889
vn -0.1306 0.9569 0.2594
vn -0.4303 -0.2902 0.8548
vn -0.2120 0.8819 0.4212
vn -0.3965 -0.4713 0.7878
vn -0.2853 0.7729 0.5668
vn -0.0483 0.9952 0.0853
vn -0.0483 -0.9952 0.0853
vn -0.4905 -0.0980 0.8659
vn -0.1431 0.9569 0.2526
vn -0.4717 -0.2902 0.8326
vn -0.2324 0.8819 0.4103
vn -0.4347 -0.4713 0.7674
vn -0.3127 0.7729 0.5521
vn -0.3811 -0.6343 0.6727
vn -0.3811 0.6343 0.6727
vn -0.3127 -0.7729 0.5521
vn -0.4347 0.4713 0.7674
vn -0.2324 -0.8819 0.4103
vn -0.4717 0.2902 0.8326
vn -0.1431 -0.9569 0.2526
vn -0.4905 0.0980 0.8659
vn -0.4136 0.6343 0.6532
vn -0.3395 -0.7729 0.5361
vn -0.4719 0.4713 0.7451
vn -0.2523 -0.8819 0.3984
vn -0.5120 0.2902 0.8085
vn -0.1553 -0.9569 0.2453
vn -0.5324 0.0980 0.8408
vn -0.0525 0.9952 0.0828
vn -0.0525 -0.9952 0.0828
vn -0.5324 -0.0980 0.8408
vn -0.1553 0.9569 0.2453
vn -0.5120 -0.2902 0.8085
vn -0.2523 0.8819 0.3984
vn -0.4719 -0.4713 0.7451
vn -0.3395 0.7729 0.5361
vn -0.4136 -0.6343 0.6532
vn -0.5730 -0.0980 0.8136
vn -0.1672 0.9569 0.2374
vn -0.5510 -0.2902 0.7824
vn -0.2715 0.8819 0.3855
vn -0.5079 -0.4713 0.7211
vn -0.3654 0.7729 0.5188
vn -0.4452 -0.6343 0.6321
vn -0.4452 0.6343 0.6321
vn -0.3654 -0.7729 0.5188
vn -0.5079 0.4713 0.7211
vn -0.2715 -0.8819 0.3855
vn -0.5510 0.2902 0.7824
vn -0.1672 -0.9569 0.2374
vn -0.5730 0.0980 0.8136
vn -0.0565 0.9952 0.0802
vn -0.0565 -0.9952 0.0802
vn -0.3904 -0.7729 0.5002
vn -0.5426 0.4713 0.6953
vn -0.2901 -0.8819 0.3717
vn -0.5888 0.2902 0.7544
vn -0.1786 -0.9569 0.2289
vn -0.6123 0.0980 0.7846
vn -0.0603 0.9952 0.0773
vn -0.0603 -0.9952 0.0773
vn -0.6123 -0.0980 0.7846
vn -0.1786 0.9569 0.2289
vn -0.5888 -0.2902 0.7544
vn -0.2901 0.8819 0.3717
vn -0.5426 -0.4713 0.6953
vn -0.3904 0.7729 0.5002
vn -0.4756 -0.6343 0.6095
vn -0.4756 0.6343 0.6095
vn -0.6251 -0.2902 0.7246
vn -0.3080 0.8819 0.3570
vn -0.5761 -0.4713 0.6678
vn -0.4144 0.7729 0.4805
vn -0.5050 -0.6343 0.5854
vn -0.5050 0.6343 0.5854
vn -0.4144 -0.7729 0.4805
vn -0.5761 0.4713 0.6678
vn -0.3080 -0.8819 0.3570
vn -0.6251 0.2902 0.7246
vn -0.1897 -0.9569 0.2199
vn -0.6500 0.0980 0.7536
vn -0.0640 0.9952 0.0742
vn -0.0640 -0.9952 0.0742
vn -0.6500 -0.0980 0.7536
vn -0.1897 0.9569 0.2199
vn -0.3251 -0.8819 0.3415
vn -0.6599 0.2902 0.6931
vn -0.2002 -0.9569 0.2103
vn -0.6862 0.0980 0.7208
vn -0.0676 0.9952 0.0710
vn -0.0676 -0.9952 0.0710
vn -0.6862 -0.0980 0.7208
vn -0.2002 0.9569 0.2103
vn -0.6599 -0.2902 0.6931
vn -0.3251 0.8819 0.3415
vn -0.6082 -0.4713 0.6388
vn -0.4375 0.7729 0.4595
vn -0.5331 -0.6343 0.5599
vn -0.5331 0.6343 0.5599
vn -0.4375 -0.7729 0.4595
vn -0.6082 0.4713 0.6388
vn -0.3415 0.8819 0.3251
vn -0.6388 -0.4713 0.6082
vn -0.4595 0.7729 0.4375
vn -0.5599 -0.6343 0.5331
vn -0.5599 0.6343 0.5331
vn -0.4595 -0.7729 0.4375
vn -0.6388 0.4713 0.6082
vn -0.3415 -0.8819 0.3251
vn -0.6931 0.2902 0.6599
vn -0.2103 -0.9569 0.2002
vn -0.7208 0.0980 0.6862
vn -0.0710 0.9952 0.0676
vn -0.0710 -0.9952 0.0676
vn -0.7208 -0.0980 0.6862
vn -0.2103 0.9569 0.2002
vn -0.6931 -0.2902 0.6599
vn -0.7246 0.2902 0.6251
vn -0.2199 -0.9569 0.1897
vn -0.7536 0.0980 0.6500
vn -0.0742 0.9952 0.0640
vn -0.0742 -0.9952 0.0640
vn -0.7536 -0.0980 0.6500
vn -0.2199 0.9569 0.1897
vn -0.7246 -0.2902 0.6251
vn -0.3570 0.8819 0.3080
vn -0.6678 -0.4713 0.5761
vn -0.4805 0.7729 0.4144
vn -0.5854 -0.6343 0.5050
vn -0.5854 0.6343 0.5050
vn -0.4805 -0.7729 0.4144
vn -0.6678 0.4713 0.5761
vn -0.3570 -0.8819 0.3080
vn -0.6953 -0.4713 0.5426
vn -0.5002 0.7729 0.3904
vn -0.6095 -0.6343 0.4756
vn -0.6095 0.6343 0.4756
vn -0.5002 -0.7729 0.3904
vn -0.6953 0.4713 0.5426
vn -0.3717 -0.8819 0.2901
vn -0.7544 0.2902 0.5888
vn -0.2289 -0.9569 0.1786
vn -0.7846 0.0980 0.6123
vn -0.0773 0.9952 0.0603
vn -0.0773 -0.9952 0.0603
vn -0.7846 -0.0980 0.6123
vn -0.2289 0.9569 0.1786
vn -0.7544 -0.2902 0.5888
vn -0.3717 0.8819 0.2901
vn -0.2374 -0.9569 0.1672
vn -0.8136 0.0980 0.5730
vn -0.0802 0.9952 0.0565
vn -0.0802 -0.9952 0.0565
vn -0.8137 -0.0980 0.5730
vn -0.2374 0.9569 0.1672
vn -0.7824 -0.2902 0.5510
vn -0.3855 0.8819 0.2715
vn -0.7211 -0.4713 0.5079
vn -0.5188 0.7729 0.3654
vn -0.6321 -0.6343 0.4452
vn -0.6321 0.6343 0.4452
vn -0.5188 -0.7729 0.3654
vn -0.7211 0.4713 0.5078
vn -0.3855 -0.8819 0.2715
vn -0.7824 0.2902 0.5510
vn -0.5361 0.7729 0.3395
vn -0.6532 -0.6343 0.4136
vn -0.6532 0.6343 0.4136
vn -0.5361 -0.7729 0.3395
vn -0.7451 0.4713 0.4719
vn -0.3984 -0.8819 0.2523
vn -0.8085 0.2902 0.5120
vn -0.2453 -0.9569 0.1553
vn -0.8408 0.0980 0.5324
vn -0.0828 0.9952 0.0525
vn -0.0828 -0.9952 0.0525
vn -0.8408 -0.0980 0.5324
vn -0.2453 0.9569 0.1553
vn -0.8085 -0.2902 0.5120
vn -0.3984 0.8819 0.2523
vn -0.7451 -0.4713 0.4719
vn -0.8659 0.0980 0.4905
vn -0.0853 0.9952 0.0483
vn -0.0853 -0.9952 0.0483
vn -0.8659 -0.0980 0.4905
vn -0.2526 0.9569 0.1431
vn -0.8326 -0.2902 0.4717
vn -0.4103 0.8819 0.2324
vn -0.7674 -0.4713 0.4347
vn -0.5521 0.7729 0.3127
vn -0.6727 -0.6343 0.3811
vn -0.6727 0.6343 0.3811
vn -0.5521 -0.7729 0.3127
vn -0.7674 0.4713 0.4347
vn -0.4103 -0.8819 0.2324
vn -0.8326 0.2902 0.4717
vn -0.2526 -0.9569 0.1431
vn -0.6906 -0.6343 0.3476
vn -0.6906 0.6343 0.3476
vn -0.5668 -0.7729 0.2853
vn -0.7878 0.4713 0.3965
vn -0.4212 -0.8819 0.2120
vn -0.8548 0.2902 0.4303
vn -0.2594 -0.9569 0.1306
vn -0.8889 0.0980 0.4474
vn -0.0876 0.9952 0.0441
vn -0.0876 -0.9952 0.0441
vn -0.8889 -0.0980 0.4474
vn -0.2594 0.9569 0.1306
vn -0.8548 -0.2902 0.4303
vn -0.4212 0.8819 0.2120
vn -0.7878 -0.4713 0.3965
vn -0.5668 0.7729 0.2853
vn -0.0896 -0.9952 0.0397
vn -0.9098 -0.0980 0.4033
vn -0.2655 0.9569 0.1177
vn -0.8749 -0.2902 0.3878
vn -0.4311 0.8819 0.1911
vn -0.8063 -0.4713 0.3574
vn -0.5801 0.7729 0.2571
vn -0.7068 -0.6343 0.3133
vn -0.7068 0.6343 0.3133
vn -0.5801 -0.7729 0.2571
vn -0.8063 0.4713 0.3574
vn -0.4311 -0.8819 0.1911
vn -0.8749 0.2902 0.3878
vn -0.2654 -0.9569 0.1177
vn -0.9098 0.0980 0.4033
vn -0.0896 0.9952 0.0397
vn -0.5920 -0.7729 0.2284
vn -0.8229 0.4713 0.3174
vn -0.4399 -0.8819 0.1697
vn -0.8928 0.2902 0.3444
vn -0.2709 -0.9569 0.1045
vn -0.9285 0.0980 0.3582
vn -0.0915 0.9952 0.0353
vn -0.0915 -0.9952 0.0353
vn -0.9285 -0.0980 0.3582
vn -0.2709 0.9569 0.1045
vn -0.8928 -0.2902 0.3444
vn -0.4399 0.8819 0.1697
vn -0.8229 -0.4713 0.3174
vn -0.5920 0.7729 0.2284
vn -0.7213 -0.6343 0.2782
vn -0.7213 0.6343 0.2782
vn -0.2757 0.9569 0.0911
vn -0.9087 -0.2902 0.3002
vn -0.4477 0.8819 0.1479
vn -0.8375 -0.4713 0.2767
vn -0.6025 0.7729 0.1990
vn -0.7341 -0.6343 0.2425
vn -0.7341 0.6343 0.2425
vn -0.6025 -0.7729 0.1990
vn -0.8375 0.4713 0.2767
vn -0.4477 -0.8819 0.1479
vn -0.9087 0.2902 0.3002
vn -0.2757 -0.9569 0.0911
vn -0.9450 0.0980 0.3122
vn -0.0931 0.9952 0.0308
vn -0.0931 -0.9952 0.0308
vn -0.9450 -0.0980 0.3122
vn -0.8500 0.4713 0.2352
vn -0.4544 -0.8819 0.1258
vn -0.9223 0.2902 0.2552
vn -0.2798 -0.9569 0.0774
vn -0.9591 0.0980 0.2654
vn -0.0945 0.9952 0.0262
vn -0.0945 -0.9952 0.0262
vn -0.9591 -0.0980 0.2654
vn -0.2798 0.9569 0.0774
vn -0.9223 -0.2902 0.2552
vn -0.4544 0.8819 0.1258
vn -0.8500 -0.4713 0.2352
vn -0.6115 0.7729 0.1692
vn -0.7451 -0.6343 0.2062
vn -0.7451 0.6343 0.2062
vn -0.6115 -0.7729 0.1692
vn -0.9337 -0.2902 0.2097
vn -0.4601 0.8819 0.1033
vn -0.8606 -0.4713 0.1932
vn -0.6191 0.7729 0.1390
vn -0.7543 -0.6343 0.1694
vn -0.7543 0.6343 0.1694
vn -0.6191 -0.7729 0.1390
vn -0.8606 0.4713 0.1932
vn -0.4601 -0.8819 0.1033
vn -0.9337 0.2902 0.2097
vn -0.2833 -0.9569 0.0636
vn -0.9710 0.0980 0.2180
vn -0.0957 0.9952 0.0215
vn -0.0957 -0.9952 0.0215
vn -0.9710 -0.0980 0.2180
vn -0.2833 0.9569 0.0636
vn -0.4646 -0.8819 0.0806
vn -0.9429 0.2902 0.1636
vn -0.2861 -0.9569 0.0496
vn -0.9805 0.0980 0.1701
vn -0.0966 0.9952 0.0168
vn -0.0966 -0.9952 0.0168
vn -0.9805 -0.0980 0.1701
vn -0.2861 0.9569 0.0496
vn -0.9429 -0.2902 0.1636
vn -0.4646 0.8819 0.0806
vn -0.8690 -0.4713 0.1508
vn -0.6252 0.7729 0.1085
vn -0.7617 -0.6343 0.1322
vn -0.7617 0.6343 0.1322
vn -0.6252 -0.7729 0.1085
vn -0.8690 0.4713 0.1508
vn -0.4680 0.8819 0.0577
vn -0.8753 -0.4713 0.1080
vn -0.6297 0.7729 0.0777
vn -0.7673 -0.6343 0.0946
vn -0.7673 0.6343 0.0946
vn -0.6297 -0.7729 0.0777
vn -0.8753 0.4713 0.1080
vn -0.4680 -0.8819 0.0577
vn -0.9498 0.2902 0.1171
vn -0.2882 -0.9569 0.0355
vn -0.9877 0.0980 0.1218
vn -0.0973 0.9952 0.0120
vn -0.0973 -0.9952 0.0120
vn -0.9877 -0.0980 0.1218
vn -0.2882 0.9569 0.0355
vn -0.9498 -0.2902 0.1171
vn -0.9544 0.2902 0.0704
vn -0.2896 -0.9569 0.0214
vn -0.9925 0.0980 0.0732
vn -0.0978 0.9952 0.0072
vn -0.0978 -0.9952 0.0072
vn -0.9925 -0.0980 0.0732
vn -0.2896 0.9569 0.0214
vn -0.9544 -0.2902 0.0704
vn -0.4702 0.8819 0.0347
vn -0.8796 -0.4713 0.0649
vn -0.6328 0.7729 0.0467
vn -0.7710 -0.6343 0.0569
vn -0.7710 0.6343 0.0569
vn -0.6328 -0.7729 0.0467
vn -0.8796 0.4713 0.0649
vn -0.4702 -0.8819 0.0347
vn -0.8817 -0.4713 0.0216
vn -0.6343 0.7729 0.0156
vn -0.7729 -0.6343 0.0190
vn -0.7729 0.6343 0.0190
vn -0.6343 -0.7729 0.0156
vn -0.8817 0.4713 0.0216
vn -0.4714 -0.8819 0.0116
vn -0.9567 0.2902 0.0235
vn -0.2903 -0.9569 0.0071
vn -0.9949 0.0980 0.0244
vn -0.0980 0.9952 0.0024
vn -0.0980 -0.9952 0.0024
vn -0.9949 -0.0980 0.0244
vn -0.2903 0.9569 0.0071
vn -0.9567 -0.2902 0.0235
vn -0.4714 0.8819 0.0116
vn -0.2903 -0.9569 -0.0071
vn -0.9949 0.0980 -0.0244
vn -0.0980 0.9952 -0.0024
vn -0.0980 -0.9952 -0.0024
vn -0.9949 -0.0980 -0.0244
vn -0.2903 0.9569 -0.0071
vn -0.9567 -0.2902 -0.0235
vn -0.4714 0.8819 -0.0116
vn -0.8817 -0.4713 -0.0216
vn -0.6343 0.7729 -0.0156
vn -0.7729 -0.6343 -0.0190
vn -0.7729 0.6343 -0.0190
vn -0.6343 -0.7729 -0.0156
vn -0.8817 0.4713 -0.0216
vn -0.4714 -0.8819 -0.0116
vn -0.9567 0.2902 -0.0235
vn -0.7710 -0.6343 -0.0569
vn -0.7710 0.6343 -0.0569
vn -0.6328 -0.7729 -0.0467
vn -0.8796 0.4713 -0.0649
vn -0.4702 -0.8819 -0.0347
vn -0.9544 0.2902 -0.0704
vn -0.2896 -0.9569 -0.0214
vn -0.9925 0.0980 -0.0732
vn -0.0978 0.9952 -0.0072
vn -0.0978 -0.9952 -0.0072
vn -0.9925 -0.0980 -0.0732
vn -0.2896 0.9569 -0.0214
vn -0.9544 -0.2902 -0.0704
vn -0.4702 0.8819 -0.0347
vn -0.8796 -0.4713 -0.0649
vn -0.6328 0.7729 -0.0467
vn -0.0973 0.9952 -0.0120
vn -0.0973 -0.9952 -0.0120
vn -0.9877 -0.0980 -0.1218
vn -0.2882 0.9569 -0.0355
vn -0.9498 -0.2902 -0.1171
vn -0.4680 0.8819 -0.0577
vn -0.8753 -0.4713 -0.1080
vn -0.6297 0.7729 -0.0777
vn -0.7673 -0.6343 -0.0946
vn -0.7673 0.6343 -0.0946
vn -0.6297 -0.7729 -0.0777
vn -0.8753 0.4713 -0.1080
vn -0.4680 -0.8819 -0.0577
vn -0.9498 0.2902 -0.1171
vn -0.2882 -0.9569 -0.0355
vn -0.9877 0.0980 -0.1218
vn -0.7617 0.6343 -0.1322
vn -0.6252 -0.7729 -0.1085
vn -0.8690 0.4713 -0.1508
vn -0.4646 -0.8819 -0.0806
vn -0.9429 0.2902 -0.1636
vn -0.2861 -0.9569 -0.0496
vn -0.9805 0.0980 -0.1701
vn -0.0966 0.9952 -0.0168
vn -0.0966 -0.9952 -0.0168
vn -0.9805 -0.0980 -0.1701
vn -0.2861 0.9569 -0.0496
vn -0.9429 -0.2902 -0.1636
vn -0.4646 0.8819 -0.0806
vn -0.8690 -0.4713 -0.1508
vn -0.6252 0.7729 -0.1085
vn -0.7617 -0.6343 -0.1322
vn -0.9710 -0.0980 -0.2180
vn -0.2833 0.9569 -0.0636
vn -0.9337 -0.2902 -0.2097
vn -0.4601 0.8819 -0.1033
vn -0.8606 -0.4713 -0.1932
vn -0.6191 0.7729 -0.1390
vn -0.7543 -0.6343 -0.1694
vn -0.7543 0.6343 -0.1694
vn -0.6191 -0.7729 -0.1390
vn -0.8605 0.4713 -0.1932
vn -0.4601 -0.8819 -0.1033
vn -0.9337 0.2902 -0.2097
vn -0.2833 -0.9569 -0.0636
vn -0.9710 0.0980 -0.2180
vn -0.0957 0.9952 -0.0215
vn -0.0957 -0.9952 -0.0215
vn -0.6115 -0.7729 -0.1692
vn -0.8500 0.4713 -0.2352
vn -0.4544 -0.8819 -0.1258
vn -0.9223 0.2902 -0.2552
vn -0.2798 -0.9569 -0.0774
vn -0.9591 0.0980 -0.2654
vn -0.0945 0.9952 -0.0262
vn -0.0945 -0.9952 -0.0262
vn -0.9591 -0.0980 -0.2654
vn -0.2798 0.9569 -0.0774
vn -0.9223 -0.2902 -0.2552
vn -0.4544 0.8819 -0.1258
vn -0.8500 -0.4713 -0.2352
vn -0.6115 0.7729 -0.1692
vn -0.7451 -0.6343 -0.2062
vn -0.7451 0.6343 -0.2062
vn -0.2757 0.9569 -0.0911
vn -0.9087 -0.2902 -0.3002
vn -0.4477 0.8819 -0.1479
vn -0.8375 -0.4713 -0.2767
vn -0.6025 0.7729 -0.1990
vn -0.7341 -0.6343 -0.2425
vn -0.7341 0.6343 -0.2425
vn -0.6025 -0.7729 -0.1990
vn -0.8375 0.4713 -0.2767
vn -0.4477 -0.8819 -0.1479
vn -0.9087 0.2902 -0.3002
vn -0.2757 -0.9569 -0.0911
vn -0.9450 0.0980 -0.3122
vn -0.0931 0.9952 -0.0308
vn -0.0931 -0.9952 -0.0308
vn -0.9450 -0.0980 -0.3122
vn -0.8229 0.4713 -0.3174
vn -0.4399 -0.8819 -0.1697
vn -0.8928 0.2902 -0.3444
vn -0.2709 -0.9569 -0.1045
vn -0.9285 0.0980 -0.3582
vn -0.0915 0.9952 -0.0353
vn -0.0915 -0.9952 -0.0353
vn -0.9285 -0.0980 -0.3582
vn -0.2709 0.9569 -0.1045
vn -0.8928 -0.2902 -0.3444
vn -0.4399 0.8819 -0.1697
vn -0.8229 -0.4713 -0.3174
vn -0.5920 0.7729 -0.2284
vn -0.7213 -0.6343 -0.2782
vn -0.7213 0.6343 -0.2782
vn -0.5920 -0.7729 -0.2284
vn -0.8749 -0.2902 -0.3878
vn -0.4311 0.8819 -0.1911
vn -0.8063 -0.4713 -0.3574
vn -0.5801 0.7729 -0.2571
vn -0.7068 -0.6343 -0.3133
vn -0.7068 0.6343 -0.3133
vn -0.5801 -0.7729 -0.2571
vn -0.8063 0.4713 -0.3574
vn -0.4311 -0.8819 -0.1911
vn -0.8749 0.2902 -0.3878
vn -0.2655 -0.9569 -0.1177
vn -0.9098 0.0980 -0.4033
vn -0.0896 0.9952 -0.0397
vn -0.0896 -0.9952 -0.0397
vn -0.9098 -0.0980 -0.4033
vn -0.2655 0.9569 -0.1177
vn -0.4212 -0.8819 -0.2120
vn -0.8548 0.2902 -0.4303
vn -0.2594 -0.9569 -0.1306
vn -0.8889 0.0980 -0.4474
vn -0.0876 0.9952 -0.0441
vn -0.0876 -0.9952 -0.0441
vn -0.8889 -0.0980 -0.4474
vn -0.2594 0.9569 -0.1306
vn -0.8548 -0.2902 -0.4303
vn -0.4212 0.8819 -0.2120
vn -0.7878 -0.4713 -0.3966
vn -0.5668 0.7729 -0.2853
vn -0.6906 -0.6343 -0.3476
vn -0.6906 0.6343 -0.3476
vn -0.5668 -0.7729 -0.2853
vn -0.7878 0.4713 -0.3965
vn -0.7674 -0.4713 -0.4347
vn -0.5521 0.7729 -0.3127
vn -0.6727 -0.6343 -0.3811
vn -0.6727 0.6343 -0.3811
vn -0.5521 -0.7729 -0.3128
vn -0.7674 0.4713 -0.4347
vn -0.4103 -0.8819 -0.2324
vn -0.8326 0.2902 -0.4717
vn -0.2526 -0.9569 -0.1431
vn -0.8659 0.0980 -0.4905
vn -0.0853 0.9952 -0.0483
vn -0.0853 -0.9952 -0.0483
vn -0.8659 -0.0980 -0.4905
vn -0.2526 0.9569 -0.1431
vn -0.8326 -0.2902 -0.4717
vn -0.4103 0.8819 -0.2324
vn -0.2453 -0.9569 -0.1553
vn -0.8408 0.0980 -0.5324
vn -0.0828 0.9952 -0.0525
vn -0.0828 -0.9952 -0.0525
vn -0.8408 -0.0980 -0.5324
vn -0.2453 0.9569 -0.1553
vn -0.8085 -0.2902 -0.5120
vn -0.3984 0.8819 -0.2523
vn -0.7451 -0.4713 -0.4719
vn -0.5361 0.7729 -0.3395
vn -0.6532 -0.6343 -0.4136
vn -0.6532 0.6343 -0.4136
vn -0.5361 -0.7729 -0.3395
vn -0.7451 0.4713 -0.4719
vn -0.3984 -0.8819 -0.2523
vn -0.8085 0.2902 -0.5120
vn -0.5188 0.7729 -0.3654
vn -0.6321 -0.6343 -0.4452
vn -0.6321 0.6343 -0.4452
vn -0.5188 -0.7729 -0.3654
vn -0.7211 0.4713 -0.5079
vn -0.3855 -0.8819 -0.2715
vn -0.7824 0.2902 -0.5510
vn -0.2374 -0.9569 -0.1672
vn -0.8136 0.0980 -0.5730
vn -0.0802 0.9952 -0.0565
vn -0.0802 -0.9952 -0.0565
vn -0.8136 -0.0980 -0.5730
vn -0.2374 0.9569 -0.1672
vn -0.7824 -0.2902 -0.5510
vn -0.3855 0.8819 -0.2715
vn -0.7211 -0.4713 -0.5079
vn -0.7846 0.0980 -0.6123
vn -0.0773 0.9952 -0.0603
vn -0.0773 -0.9952 -0.0603
vn -0.7846 -0.0980 -0.6123
vn -0.2289 0.9569 -0.1786
vn -0.7544 -0.2902 -0.5888
vn -0.3717 0.8819 -0.2901
vn -0.6953 -0.4713 -0.5426
vn -0.5002 0.7729 -0.3904
vn -0.6095 -0.6343 -0.4756
vn -0.6095 0.6343 -0.4756
vn -0.5002 -0.7729 -0.3904
vn -0.6953 0.4713 -0.5426
vn -0.3717 -0.8819 -0.2901
vn -0.7544 0.2902 -0.5888
vn -0.2289 -0.9569 -0.1786
vn -0.5854 -0.6343 -0.5050
vn -0.5854 0.6343 -0.5050
vn -0.4805 -0.7729 -0.4144
vn -0.6678 0.4713 -0.5761
vn -0.3570 -0.8819 -0.3080
vn -0.7246 0.2902 -0.6251
vn -0.2199 -0.9569 -0.1897
vn -0.7536 0.0980 -0.6500
vn -0.0742 0.9952 -0.0640
vn -0.0742 -0.9952 -0.0640
vn -0.7536 -0.0980 -0.6500
vn -0.2199 0.9569 -0.1897
vn -0.7246 -0.2902 -0.6251
vn -0.3570 0.8819 -0.3080
vn -0.6678 -0.4713 -0.5761
vn -0.4805 0.7729 -0.4144
vn -0.0710 0.9952 -0.0676
vn -0.0710 -0.9952 -0.0676
vn -0.7208 -0.0980 -0.6862
vn -0.2103 0.9569 -0.2002
vn -0.6931 -0.2902 -0.6599
vn -0.3415 0.8819 -0.3251
vn -0.6388 -0.4713 -0.6082
vn -0.4595 0.7729 -0.4375
vn -0.5599 -0.6343 -0.5331
vn -0.5599 0.6343 -0.5331
vn -0.4595 -0.7729 -0.4375
vn -0.6388 0.4713 -0.6082
vn -0.3415 -0.8819 -0.3251
vn -0.6931 0.2902 -0.6599
vn -0.2103 -0.9569 -0.2002
vn -0.7208 0.0980 -0.6862
vn -0.5331 0.6343 -0.5599
vn -0.4375 -0.7729 -0.4595
vn -0.6082 0.4713 -0.6388
vn -0.3251 -0.8819 -0.3415
vn -0.6599 0.2902 -0.6931
vn -0.2002 -0.9569 -0.2103
vn -0.6862 0.0980 -0.7208
vn -0.0676 0.9952 -0.0710
vn -0.0676 -0.9952 -0.0710
vn -0.6862 -0.0980 -0.7208
vn -0.2002 0.9569 -0.2103
vn -0.6599 -0.2902 -0.6931
vn -0.3251 0.8819 -0.3415
vn -0.6082 -0.4713 -0.6388
vn -0.4375 0.7729 -0.4595
vn -0.5331 -0.6343 -0.5599
vn -0.6500 -0.0980 -0.7536
vn -0.1897 0.9569 -0.2199
vn -0.6251 -0.2902 -0.7246
vn -0.3080 0.8819 -0.3570
vn -0.5761 -0.4713 -0.6678
vn -0.4144 0.7729 -0.4805
vn -0.5050 -0.6343 -0.5854
vn -0.5050 0.6343 -0.5854
vn -0.4144 -0.7729 -0.4805
vn -0.5761 0.4713 -0.6678
vn -0.3080 -0.8819 -0.3570
vn -0.6251 0.2902 -0.7246
vn -0.1897 -0.9569 -0.2199
vn -0.6500 0.0980 -0.7536
vn -0.0640 0.9952 -0.0742
vn -0.0640 -0.9952 -0.0742
vn -0.5426 0.4713 -0.6953
vn -0.2901 -0.8819 -0.3717
vn -0.5888 0.2902 -0.7544
vn -0.1786 -0.9569 -0.2289
vn -0.6123 0.0980 -0.7846
vn -0.0603 -0.9952 -0.0773
vn -0.0603 0.9952 -0.0773
vn -0.6123 -0.0980 -0.7846
vn -0.1786 0.9569 -0.2289
vn -0.5888 -0.2902 -0.7544
vn -0.2901 0.8819 -0.3717
vn -0.5426 -0.4713 -0.6953
vn -0.3904 0.7729 -0.5002
vn -0.4756 -0.6343 -0.6095
vn -0.4756 0.6343 -0.6095
vn -0.3904 -0.7729 -0.5002
vn -0.5510 -0.2902 -0.7824
vn -0.2715 0.8819 -0.3855
vn -0.5079 -0.4713 -0.7211
vn -0.3654 0.7729 -0.5188
vn -0.4452 -0.6343 -0.6321
vn -0.4452 0.6343 -0.6321
vn -0.3654 -0.7729 -0.5188
vn -0.5079 0.4713 -0.7211
vn -0.2715 -0.8819 -0.3855
vn -0.5510 0.2902 -0.7824
vn -0.1672 -0.9569 -0.2374
vn -0.5730 0.0980 -0.8137
vn -0.0565 0.9952 -0.0802
vn -0.0565 -0.9952 -0.0802
vn -0.5730 -0.0980 -0.8137
vn -0.1672 0.9569 -0.2374
vn -0.2523 -0.8819 -0.3984
vn -0.5120 0.2902 -0.8085
vn -0.1553 -0.9569 -0.2453
vn -0.5324 0.0980 -0.8408
vn -0.0525 0.9952 -0.0828
vn -0.0525 -0.9952 -0.0828
vn -0.5324 -0.0980 -0.8408
vn -0.1553 0.9569 -0.2453
vn -0.5120 -0.2902 -0.8085
vn -0.2523 0.8819 -0.3984
vn -0.4719 -0.4713 -0.7451
vn -0.3395 0.7729 -0.5361
vn -0.4136 -0.6343 -0.6532
vn -0.4136 0.6343 -0.6532
vn -0.3395 -0.7729 -0.5361
vn -0.4719 0.4713 -0.7451
vn -0.2324 0.8819 -0.4103
vn -0.4347 -0.4713 -0.7674
vn -0.3127 0.7729 -0.5521
vn -0.3811 -0.6343 -0.6727
vn -0.3811 0.6343 -0.6727
vn -0.3127 -0.7729 -0.5521
vn -0.4347 0.4713 -0.7674
vn -0.2324 -0.8819 -0.4103
vn -0.4717 0.2902 -0.8326
vn -0.1431 -0.9569 -0.2526
vn -0.4905 0.0980 -0.8659
vn -0.0483 0.9952 -0.0853
vn -0.0483 -0.9952 -0.0853
vn -0.4905 -0.0980 -0.8659
vn -0.1431 0.9569 -0.2526
vn -0.4717 -0.2902 -0.8326
vn -0.4303 0.2902 -0.8548
vn -0.1306 -0.9569 -0.2594
vn -0.4474 0.0980 -0.8889
vn -0.0441 0.9952 -0.0876
vn -0.0441 -0.9952 -0.0876
vn -0.4474 -0.0980 -0.8889
vn -0.1306 0.9569 -0.2594
vn -0.4303 -0.2902 -0.8548
vn -0.2120 0.8819 -0.4212
vn -0.3965 -0.4713 -0.7878
vn -0.2853 0.7729 -0.5668
vn -0.3476 -0.6343 -0.6906
vn -0.3476 0.6343 -0.6906
vn -0.2853 -0.7729 -0.5668
vn -0.3965 0.4713 -0.7878
vn -0.2120 -0.8819 -0.4212
vn -0.3574 -0.4713 -0.8063
vn -0.2571 0.7729 -0.5801
vn -0.3133 -0.6343 -0.7068
vn -0.3133 0.6343 -0.7068
vn -0.2571 -0.7729 -0.5801
vn -0.3574 0.4713 -0.8063
vn -0.1911 -0.8819 -0.4311
vn -0.3878 0.2902 -0.8749
vn -0.1177 -0.9569 -0.2655
vn -0.4033 0.0980 -0.9098
vn -0.0397 0.9952 -0.0896
vn -0.0397 -0.9952 -0.0896
vn -0.4033 -0.0980 -0.9098
vn -0.1177 0.9569 -0.2655
vn -0.3878 -0.2902 -0.8749
vn -0.1911 0.8819 -0.4311
vn -0.1045 -0.9569 -0.2709
vn -0.3582 0.0980 -0.9285
vn -0.0353 0.9952 -0.0915
vn -0.0353 -0.9952 -0.0915
vn -0.3582 -0.0980 -0.9285
vn -0.1045 0.9569 -0.2709
vn -0.3444 -0.2902 -0.8928
vn -0.1697 0.8819 -0.4399
vn -0.3174 -0.4713 -0.8229
vn -0.2284 0.7729 -0.5920
vn -0.2782 -0.6343 -0.7213
vn -0.2782 0.6343 -0.7213
vn -0.2284 -0.7729 -0.5920
vn -0.3174 0.4713 -0.8229
vn -0.1697 -0.8819 -0.4399
vn -0.3444 0.2902 -0.8928
vn -0.2425 -0.6343 -0.7341
vn -0.2425 0.6343 -0.7341
vn -0.1990 -0.7729 -0.6025
vn -0.2767 0.4713 -0.8375
vn -0.1479 -0.8819 -0.4477
vn -0.3002 0.2902 -0.9087
vn -0.0911 -0.9569 -0.2757
vn -0.3122 0.0980 -0.9450
vn -0.0308 0.9952 -0.0931
vn -0.0308 -0.9952 -0.0931
vn -0.3122 -0.0980 -0.9450
vn -0.0911 0.9569 -0.2757
vn -0.3002 -0.2902 -0.9087
vn -0.1479 0.8819 -0.4477
vn -0.2767 -0.4713 -0.8375
vn -0.1990 0.7729 -0.6025
vn -0.0261 0.9952 -0.0945
vn -0.0261 -0.9952 -0.0945
vn -0.2654 -0.0980 -0.9591
vn -0.0774 0.9569 -0.2798
vn -0.2552 -0.2902 -0.9223
vn -0.1258 0.8819 -0.4544
vn -0.2352 -0.4713 -0.8500
vn -0.1692 0.7729 -0.6115
vn -0.2062 -0.6343 -0.7451
vn -0.2062 0.6343 -0.7451
vn -0.1692 -0.7729 -0.6115
vn -0.2352 0.4713 -0.8500
vn -0.1258 -0.8819 -0.4544
vn -0.2552 0.2902 -0.9223
vn -0.0774 -0.9569 -0.2798
vn -0.2654 0.0980 -0.9591
vn -0.1694 0.6343 -0.7543
vn -0.1390 -0.7729 -0.6191
vn -0.1932 0.4713 -0.8605
vn -0.1033 -0.8819 -0.4601
vn -0.2097 0.2902 -0.9337
vn -0.0636 -0.9569 -0.2833
vn -0.2180 0.0980 -0.9710
vn -0.0215 0.9952 -0.0957
vn -0.0215 -0.9952 -0.0957
vn -0.2180 -0.0980 -0.9710
vn -0.0636 0.9569 -0.2833
vn -0.2097 -0.2902 -0.9337
vn -0.1033 0.8819 -0.4601
vn -0.1932 -0.4713 -0.8605
vn -0.1390 0.7729 -0.6191
vn -0.1694 -0.6343 -0.7543
vn -0.1701 -0.0980 -0.9805
vn -0.0496 0.9569 -0.2861
vn -0.1636 -0.2902 -0.9429
vn -0.0806 0.8819 -0.4646
vn -0.1508 -0.4713 -0.8690
vn -0.1085 0.7729 -0.6252
vn -0.1322 -0.6343 -0.7617
vn -0.1322 0.6343 -0.7617
vn -0.1085 -0.7729 -0.6252
vn -0.1508 0.4713 -0.8690
vn -0.0806 -0.8819 -0.4646
vn -0.1636 0.2902 -0.9429
vn -0.0496 -0.9569 -0.2861
vn -0.1701 0.0980 -0.9805
vn -0.0168 0.9952 -0.0966
vn -0.0168 -0.9952 -0.0966
vn -0.0777 -0.7729 -0.6297
vn -0.1080 0.4713 -0.8753
vn -0.0577 -0.8819 -0.4680
vn -0.1171 0.2902 -0.9498
vn -0.0356 -0.9569 -0.2882
vn -0.1218 0.0980 -0.9877
vn -0.0120 0.9952 -0.0973
vn -0.0120 -0.9952 -0.0973
vn -0.1218 -0.0980 -0.9877
vn -0.0355 0.9569 -0.2882
vn -0.1171 -0.2902 -0.9498
vn -0.0577 0.8819 -0.4680
vn -0.1080 -0.4713 -0.8753
vn -0.0777 0.7729 -0.6297
vn -0.0946 -0.6343 -0.7673
vn -0.0946 0.6343 -0.7673
vn -0.0214 0.9569 -0.2896
vn -0.0704 -0.2902 -0.9544
vn -0.0347 0.8819 -0.4702
vn -0.0649 -0.4713 -0.8796
vn -0.0467 0.7729 -0.6328
vn -0.0569 -0.6343 -0.7710
vn -0.0569 0.6343 -0.7710
vn -0.0467 -0.7729 -0.6328
vn -0.0649 0.4713 -0.8796
vn -0.0347 -0.8819 -0.4702
vn -0.0704 0.2902 -0.9544
vn -0.0214 -0.9569 -0.2896
vn -0.0732 0.0980 -0.9925
vn -0.0072 0.9952 -0.0978
vn -0.0072 -0.9952 -0.0978
vn -0.0732 -0.0980 -0.9925
vn -0.0216 0.4713 -0.8817
vn -0.0116 -0.8819 -0.4714
vn -0.0235 0.2902 -0.9567
vn -0.0071 -0.9569 -0.2903
vn -0.0244 0.0980 -0.9949
vn -0.0024 0.9952 -0.0980
vn -0.0024 -0.9952 -0.0980
vn -0.0244 -0.0980 -0.9949
vn -0.0071 0.9569 -0.2903
vn -0.0235 -0.2902 -0.9567
vn -0.0116 0.8819 -0.4714
vn -0.0216 -0.4713 -0.8817
vn -0.0156 0.7729 -0.6343
vn -0.0190 -0.6343 -0.7729
vn -0.0190 0.6343 -0.7729
vn -0.0156 -0.7729 -0.6343
vn 0.0235 -0.2902 -0.9567
vn 0.0116 0.8819 -0.4714
vn 0.0216 -0.4713 -0.8817
vn 0.0156 0.7729 -0.6343
vn 0.0190 -0.6343 -0.7729
vn 0.0190 0.6343 -0.7729
vn 0.0156 -0.7729 -0.6343
vn 0.0216 0.4713 -0.8817
vn 0.0116 -0.8819 -0.4714
vn 0.0235 0.2902 -0.9567
vn 0.0071 -0.9569 -0.2903
vn 0.0244 0.0980 -0.9949
vn 0.0024 0.9952 -0.0980
vn 0.0024 -0.9952 -0.0980
vn 0.0244 -0.0980 -0.9949
vn 0.0071 0.9569 -0.2903
vn 0.0347 -0.8819 -0.4702
vn 0.0704 0.2902 -0.9544
vn 0.0214 -0.9569 -0.2896
vn 0.0732 0.0980 -0.9925
vn 0.0072 0.9952 -0.0978
vn 0.0072 -0.9952 -0.0978
vn 0.0732 -0.0980 -0.9925
vn 0.0214 0.9569 -0.2896
vn 0.0704 -0.2902 -0.9544
vn 0.0347 0.8819 -0.4702
vn 0.0649 -0.4713 -0.8796
vn 0.0467 0.7729 -0.6328
vn 0.0569 -0.6343 -0.7710
vn 0.0569 0.6343 -0.7710
vn 0.0467 -0.7729 -0.6328
vn 0.0649 0.4713 -0.8796
vn 0.1080 -0.4713 -0.8753
vn 0.0777 0.7729 -0.6297
vn 0.0946 -0.6343 -0.7673
vn 0.0946 0.6343 -0.7673
vn 0.0777 -0.7729 -0.6297
vn 0.1080 0.4713 -0.8753
vn 0.0577 -0.8819 -0.4680
vn 0.1171 0.2902 -0.9498
vn 0.0356 -0.9569 -0.2882
vn 0.1218 0.0980 -0.9877
vn 0.0120 0.9952 -0.0973
vn 0.0120 -0.9952 -0.0973
vn 0.1218 -0.0980 -0.9877
vn 0.0355 0.9569 -0.2882
vn 0.1171 -0.2902 -0.9498
vn 0.0577 0.8819 -0.4680
vn 0.0496 -0.9569 -0.2861
vn 0.1701 0.0980 -0.9805
vn 0.0168 0.9952 -0.0966
vn 0.0168 -0.9952 -0.0966
vn 0.1701 -0.0980 -0.9805
vn 0.0496 0.9569 -0.2861
vn 0.1636 -0.2902 -0.9429
vn 0.0806 0.8819 -0.4646
vn 0.1508 -0.4713 -0.8690
vn 0.1085 0.7729 -0.6252
vn 0.1322 -0.6343 -0.7617
vn 0.1322 0.6343 -0.7617
vn 0.1085 -0.7729 -0.6252
vn 0.1508 0.4713 -0.8690
vn 0.0806 -0.8819 -0.4646
vn 0.1636 0.2902 -0.9429
vn 0.1390 0.7729 -0.6191
vn 0.1694 -0.6343 -0.7543
vn 0.1694 0.6343 -0.7543
vn 0.1390 -0.7729 -0.6191
vn 0.1932 0.4713 -0.8605
vn 0.1033 -0.8819 -0.4601
vn 0.2097 0.2902 -0.9337
vn 0.0636 -0.9569 -0.2833
vn 0.2180 0.0980 -0.9710
vn 0.0215 0.9952 -0.0957
vn 0.0215 -0.9952 -0.0957
vn 0.2180 -0.0980 -0.9710
vn 0.0636 0.9569 -0.2833
vn 0.2097 -0.2902 -0.9337
vn 0.1033 0.8819 -0.4601
vn 0.1932 -0.4713 -0.8605
vn 0.2654 0.0980 -0.9591
vn 0.0261 0.9952 -0.0945
vn 0.0261 -0.9952 -0.0945
vn 0.2654 -0.0980 -0.9591
vn 0.0774 0.9569 -0.2798
vn 0.2552 -0.2902 -0.9223
vn 0.1258 0.8819 -0.4544
vn 0.2352 -0.4713 -0.8500
vn 0.1692 0.7729 -0.6115
vn 0.2062 -0.6343 -0.7451
vn 0.2062 0.6343 -0.7451
vn 0.1692 -0.7729 -0.6115
vn 0.2352 0.4713 -0.8500
vn 0.1258 -0.8819 -0.4544
vn 0.2552 0.2902 -0.9223
vn 0.0774 -0.9569 -0.2798
vn 0.2425 -0.6343 -0.7341
vn 0.2425 0.6343 -0.7341
vn 0.1990 -0.7729 -0.6025
vn 0.2767 0.4713 -0.8375
vn 0.1479 -0.8819 -0.4477
vn 0.3002 0.2902 -0.9087
vn 0.0911 -0.9569 -0.2757
vn 0.3122 0.0980 -0.9450
vn 0.0308 0.9952 -0.0931
vn 0.0308 -0.9952 -0.0931
vn 0.3122 -0.0980 -0.9450
vn 0.0911 0.9569 -0.2757
vn 0.3002 -0.2902 -0.9087
vn 0.1479 0.8819 -0.4477
vn 0.2767 -0.4713 -0.8375
vn 0.1990 0.7729 -0.6025
vn 0.0353 0.9952 -0.0915
vn 0.0353 -0.9952 -0.0915
vn 0.3582 -0.0980 -0.9285
vn 0.1045 0.9569 -0.2709
vn 0.3444 -0.2902 -0.8928
vn 0.1697 0.8819 -0.4399
vn 0.3174 -0.4713 -0.8229
vn 0.2284 0.7729 -0.5920
vn 0.2782 -0.6343 -0.7213
vn 0.2782 0.6343 -0.7213
vn 0.2284 -0.7729 -0.5920
vn 0.3174 0.4713 -0.8229
vn 0.1697 -0.8819 -0.4399
vn 0.3444 0.2902 -0.8928
vn 0.1045 -0.9569 -0.2709
vn 0.3582 0.0980 -0.9285
vn 0.3133 0.6343 -0.7068
vn 0.2571 -0.7729 -0.5801
vn 0.3574 0.4713 -0.8063
vn 0.1911 -0.8819 -0.4311
vn 0.3878 0.2902 -0.8749
vn 0.1177 -0.9569 -0.2655
vn 0.4033 0.0980 -0.9098
vn 0.0397 0.9952 -0.0896
vn 0.0397 -0.9952 -0.0896
vn 0.4033 -0.0980 -0.9098
vn 0.1177 0.9569 -0.2655
vn 0.3878 -0.2902 -0.8749
vn 0.1911 0.8819 -0.4311
vn 0.3574 -0.4713 -0.8063
vn 0.2571 0.7729 -0.5801
vn 0.3133 -0.6343 -0.7068
vn 0.4474 -0.0980 -0.8889
vn 0.1306 0.9569 -0.2594
vn 0.4303 -0.2902 -0.8548
vn 0.2120 0.8819 -0.4212
vn 0.3965 -0.4713 -0.7878
vn 0.2853 0.7729 -0.5668
vn 0.3476 -0.6343 -0.6906
vn 0.3476 0.6343 -0.6906
vn 0.2853 -0.7729 -0.5668
vn 0.3965 0.4713 -0.7878
vn 0.2120 -0.8819 -0.4212
vn 0.4303 0.2902 -0.8548
vn 0.1306 -0.9569 -0.2594
vn 0.4474 0.0980 -0.8889
vn 0.0441 0.9952 -0.0876
vn 0.0441 -0.9952 -0.0876
vn 0.3127 -0.7729 -0.5521
vn 0.4347 0.4713 -0.7674
vn 0.2324 -0.8819 -0.4103
vn 0.4717 0.2902 -0.8326
vn 0.1431 -0.9569 -0.2526
vn 0.4905 0.0980 -0.8659
vn 0.0483 0.9952 -0.0853
vn 0.0483 -0.9952 -0.0853
vn 0.4905 -0.0980 -0.8659
vn 0.1431 0.9569 -0.2526
vn 0.4717 -0.2902 -0.8326
vn 0.2324 0.8819 -0.4103
vn 0.4347 -0.4713 -0.7674
vn 0.3127 0.7729 -0.5521
vn 0.3811 -0.6343 -0.6727
vn 0.3811 0.6343 -0.6727
vn 0.5120 -0.2902 -0.8085
vn 0.2523 0.8819 -0.3984
vn 0.4719 -0.4713 -0.7451
vn 0.3395 0.7729 -0.5361
vn 0.4136 -0.6343 -0.6532
vn 0.4136 0.6343 -0.6532
vn 0.3395 -0.7729 -0.5361
vn 0.4719 0.4713 -0.7451
vn 0.2523 -0.8819 -0.3984
vn 0.5120 0.2902 -0.8085
vn 0.1553 -0.9569 -0.2453
vn 0.5324 0.0980 -0.8408
vn 0.0525 0.9952 -0.0828
vn 0.0525 -0.9952 -0.0828
vn 0.5324 -0.0980 -0.8408
vn 0.1553 0.9569 -0.2453
vn 0.2715 -0.8819 -0.3855
vn 0.5510 0.2902 -0.7824
vn 0.1672 -0.9569 -0.2374
vn 0.5730 0.0980 -0.8136
vn 0.0565 0.9952 -0.0802
vn 0.0565 -0.9952 -0.0802
vn 0.5730 -0.0980 -0.8136
vn 0.1672 0.9569 -0.2374
vn 0.5510 -0.2902 -0.7824
vn 0.2715 0.8819 -0.3855
vn 0.5079 -0.4713 -0.7211
vn 0.3654 0.7729 -0.5188
vn 0.4452 -0.6343 -0.6321
vn 0.4452 0.6343 -0.6321
vn 0.3654 -0.7729 -0.5188
vn 0.5079 0.4713 -0.7211
vn 0.2901 0.8819 -0.3717
vn 0.5426 -0.4713 -0.6953
vn 0.3904 0.7729 -0.5002
vn 0.4756 -0.6343 -0.6095
vn 0.4756 0.6343 -0.6095
vn 0.3904 -0.7729 -0.5002
vn 0.5426 0.4713 -0.6953
vn 0.2901 -0.8819 -0.3717
vn 0.5888 0.2902 -0.7544
vn 0.1786 -0.9569 -0.2289
vn 0.6123 0.0980 -0.7846
vn 0.0603 0.9952 -0.0773
vn 0.0603 -0.9952 -0.0773
vn 0.6123 -0.0980 -0.7846
vn 0.1786 0.9569 -0.2289
vn 0.5888 -0.2902 -0.7544
vn 0.6251 0.2902 -0.7246
vn 0.1897 -0.9569 -0.2199
vn 0.6500 0.0980 -0.7536
vn 0.0640 0.9952 -0.0742
vn 0.0640 -0.9952 -0.0742
vn 0.6500 -0.0980 -0.7536
vn 0.1897 0.9569 -0.2199
vn 0.6251 -0.2902 -0.7246
vn 0.3080 0.8819 -0.3570
vn 0.5761 -0.4713 -0.6678
vn 0.4144 0.7729 -0.4805
vn 0.5050 -0.6343 -0.5854
vn 0.5050 0.6343 -0.5854
vn 0.4144 -0.7729 -0.4805
vn 0.5761 0.4713 -0.6678
vn 0.3080 -0.8819 -0.3570
vn 0.6082 -0.4713 -0.6388
vn 0.4375 0.7729 -0.4595
vn 0.5331 -0.6343 -0.5599
vn 0.5331 0.6343 -0.5599
vn 0.4375 -0.7729 -0.4595
vn 0.6082 0.4713 -0.6388
vn 0.3251 -0.8819 -0.3415
vn 0.6599 0.2902 -0.6931
vn 0.2002 -0.9569 -0.2103
vn 0.6862 0.0980 -0.7208
vn 0.0676 0.9952 -0.0710
vn 0.0676 -0.9952 -0.0710
vn 0.6862 -0.0980 -0.7208
vn 0.2002 0.9569 -0.2103
vn 0.6599 -0.2902 -0.6931
vn 0.3251 0.8819 -0.3415
vn 0.2103 -0.9569 -0.2002
vn 0.7208 0.0980 -0.6862
vn 0.0710 0.9952 -0.0676
vn 0.0710 -0.9952 -0.0676
vn 0.7208 -0.0980 -0.6862
vn 0.2103 0.9569 -0.2002
vn 0.6931 -0.2902 -0.6599
vn 0.3415 0.8819 -0.3251
vn 0.6388 -0.4713 -0.6082
vn 0.4595 0.7729 -0.4375
vn 0.5599 -0.6343 -0.5331
vn 0.5599 0.6343 -0.5331
vn 0.4595 -0.7729 -0.4375
vn 0.6388 0.4713 -0.6082
vn 0.3415 -0.8819 -0.3251
vn 0.6931 0.2902 -0.6599
vn 0.4805 0.7729 -0.4144
vn 0.5854 -0.6343 -0.5050
vn 0.5854 0.6343 -0.5050
vn 0.4805 -0.7729 -0.4144
vn 0.6678 0.4713 -0.5761
vn 0.3570 -0.8819 -0.3080
vn 0.7246 0.2902 -0.6251
vn 0.2199 -0.9569 -0.1897
vn 0.7536 0.0980 -0.6500
vn 0.0742 0.9952 -0.0640
vn 0.0742 -0.9952 -0.0640
vn 0.7536 -0.0980 -0.6500
vn 0.2199 0.9569 -0.1897
vn 0.7246 -0.2902 -0.6251
vn 0.3570 0.8819 -0.3080
vn 0.6678 -0.4713 -0.5761
vn 0.7846 0.0980 -0.6123
vn 0.0773 0.9952 -0.0603
vn 0.0773 -0.9952 -0.0603
vn 0.7846 -0.0980 -0.6123
vn 0.2289 0.9569 -0.1786
vn 0.7544 -0.2902 -0.5888
vn 0.3717 0.8819 -0.2901
vn 0.6953 -0.4713 -0.5426
vn 0.5002 0.7729 -0.3904
vn 0.6095 -0.6343 -0.4756
vn 0.6095 0.6343 -0.4756
vn 0.5002 -0.7729 -0.3904
vn 0.6953 0.4713 -0.5426
vn 0.3717 -0.8819 -0.2901
vn 0.7544 0.2902 -0.5888
vn 0.2289 -0.9569 -0.1786
vn 0.6321 -0.6343 -0.4452
vn 0.6321 0.6343 -0.4452
vn 0.5188 -0.7729 -0.3654
vn 0.7211 0.4713 -0.5079
vn 0.3855 -0.8819 -0.2715
vn 0.7824 0.2902 -0.5510
vn 0.2374 -0.9569 -0.1672
vn 0.8137 0.0980 -0.5730
vn 0.0802 0.9952 -0.0565
vn 0.0802 -0.9952 -0.0565
vn 0.8136 -0.0980 -0.5730
vn 0.2374 0.9569 -0.1672
vn 0.7824 -0.2902 -0.5510
vn 0.3855 0.8819 -0.2715
vn 0.7211 -0.4713 -0.5079
vn 0.5188 0.7729 -0.3654
vn 0.0828 -0.9952 -0.0525
vn 0.8408 -0.0980 -0.5324
vn 0.2453 0.9569 -0.1553
vn 0.8085 -0.2902 -0.5120
vn 0.3984 0.8819 -0.2523
vn 0.7451 -0.4713 -0.4719
vn 0.5361 0.7729 -0.3395
vn 0.6532 -0.6343 -0.4136
vn 0.6532 0.6343 -0.4136
vn 0.5361 -0.7729 -0.3395
vn 0.7451 0.4713 -0.4719
vn 0.3984 -0.8819 -0.2523
vn 0.8085 0.2902 -0.5120
vn 0.2453 -0.9569 -0.1553
vn 0.8408 0.0980 -0.5324
vn 0.0828 0.9952 -0.0525
vn 0.5521 -0.7729 -0.3127
vn 0.7674 0.4713 -0.4347
vn 0.4103 -0.8819 -0.2324
vn 0.8326 0.2902 -0.4717
vn 0.2526 -0.9569 -0.1431
vn 0.8659 0.0980 -0.4905
vn 0.0853 0.9952 -0.0483
vn 0.0853 -0.9952 -0.0483
vn 0.8659 -0.0980 -0.4905
vn 0.2526 0.9569 -0.1431
vn 0.8326 -0.2902 -0.4717
vn 0.4103 0.8819 -0.2324
vn 0.7674 -0.4713 -0.4347
vn 0.5521 0.7729 -0.3127
vn 0.6727 -0.6343 -0.3811
vn 0.6727 0.6343 -0.3811
vn 0.2594 0.9569 -0.1306
vn 0.8548 -0.2902 -0.4303
vn 0.4212 0.8819 -0.2120
vn 0.7878 -0.4713 -0.3965
vn 0.5668 0.7729 -0.2853
vn 0.6906 -0.6343 -0.3476
vn 0.6906 0.6343 -0.3476
vn 0.5668 -0.7729 -0.2853
vn 0.7878 0.4713 -0.3965
vn 0.4212 -0.8819 -0.2120
vn 0.8548 0.2902 -0.4303
vn 0.2594 -0.9569 -0.1306
vn 0.8889 0.0980 -0.4474
vn 0.0876 0.9952 -0.0441
vn 0.0876 -0.9952 -0.0441
vn 0.8889 -0.0980 -0.4474
vn 0.8063 0.4713 -0.3574
vn 0.4311 -0.8819 -0.1911
vn 0.8749 0.2902 -0.3878
vn 0.2655 -0.9569 -0.1177
vn 0.9098 0.0980 -0.4033
vn 0.0896 0.9952 -0.0397
vn 0.0896 -0.9952 -0.0397
vn 0.9098 -0.0980 -0.4033
vn 0.2655 0.9569 -0.1177
vn 0.8749 -0.2902 -0.3878
vn 0.4311 0.8819 -0.1911
vn 0.8063 -0.4713 -0.3574
vn 0.5801 0.7729 -0.2571
vn 0.7068 -0.6343 -0.3133
vn 0.7068 0.6343 -0.3133
vn 0.5801 -0.7729 -0.2571
vn 0.8928 -0.2902 -0.3444
vn 0.4399 0.8819 -0.1697
vn 0.8229 -0.4713 -0.3174
vn 0.5920 0.7729 -0.2284
vn 0.7213 -0.6343 -0.2782
vn 0.7213 0.6343 -0.2782
vn 0.5920 -0.7729 -0.2284
vn 0.8229 0.4713 -0.3174
vn 0.4399 -0.8819 -0.1697
vn 0.8928 0.2902 -0.3444
vn 0.2709 -0.9569 -0.1045
vn 0.9285 0.0980 -0.3582
vn 0.0915 0.9952 -0.0353
vn 0.0915 -0.9952 -0.0353
vn 0.9285 -0.0980 -0.3582
vn 0.2709 0.9569 -0.1045
vn 0.4477 -0.8819 -0.1479
vn 0.9087 0.2902 -0.3002
vn 0.2757 -0.9569 -0.0911
vn 0.9450 0.0980 -0.3122
vn 0.0931 0.9952 -0.0308
vn 0.0931 -0.9952 -0.0308
vn 0.9450 -0.0980 -0.3122
vn 0.2757 0.9569 -0.0911
vn 0.9087 -0.2902 -0.3002
vn 0.4477 0.8819 -0.1479
vn 0.8375 -0.4713 -0.2767
vn 0.6025 0.7729 -0.1990
vn 0.7341 -0.6343 -0.2425
vn 0.7341 0.6343 -0.2425
vn 0.6025 -0.7729 -0.1990
vn 0.8375 0.4713 -0.2767
vn 0.4544 0.8819 -0.1258
vn 0.8500 -0.4713 -0.2352
vn 0.6115 0.7729 -0.1692
vn 0.7451 -0.6343 -0.2062
vn 0.7451 0.6343 -0.2062
vn 0.6115 -0.7729 -0.1692
vn 0.8500 0.4713 -0.2352
vn 0.4544 -0.8819 -0.1258
vn 0.9223 0.2902 -0.2552
vn 0.2798 -0.9569 -0.0774
vn 0.9591 0.0980 -0.2654
vn 0.0945 0.9952 -0.0262
vn 0.0945 -0.9952 -0.0262
vn 0.9591 -0.0980 -0.2654
vn 0.2798 0.9569 -0.0774
vn 0.9223 -0.2902 -0.2552
vn 0.9337 0.2902 -0.2097
vn 0.2833 -0.9569 -0.0636
vn 0.9710 0.0980 -0.2180
vn 0.0957 0.9952 -0.0215
vn 0.0957 -0.9952 -0.0215
vn 0.9710 -0.0980 -0.2180
vn 0.2833 0.9569 -0.0636
vn 0.9337 -0.2902 -0.2097
vn 0.4601 0.8819 -0.1033
vn 0.8605 -0.4713 -0.1932
vn 0.6191 0.7729 -0.1390
vn 0.7543 -0.6343 -0.1694
vn 0.7543 0.6343 -0.1694
vn 0.6191 -0.7729 -0.1390
vn 0.8605 0.4713 -0.1932
vn 0.4600 -0.8819 -0.1033
vn 0.8690 -0.4713 -0.1508
vn 0.6252 0.7729 -0.1085
vn 0.7617 -0.6343 -0.1322
vn 0.7617 0.6343 -0.1322
vn 0.6252 -0.7729 -0.1085
vn 0.8690 0.4713 -0.1508
vn 0.4646 -0.8819 -0.0806
vn 0.9429 0.2902 -0.1636
vn 0.2861 -0.9569 -0.0496
vn 0.9805 0.0980 -0.1701
vn 0.0966 0.9952 -0.0168
vn 0.0966 -0.9952 -0.0168
vn 0.9805 -0.0980 -0.1701
vn 0.2861 0.9569 -0.0496
vn 0.9429 -0.2902 -0.1636
vn 0.4646 0.8819 -0.0806
vn 0.2882 -0.9569 -0.0355
vn 0.9877 0.0980 -0.1218
vn 0.0973 0.9952 -0.0120
vn 0.0973 -0.9952 -0.0120
vn 0.9877 -0.0980 -0.1218
vn 0.2882 0.9569 -0.0355
vn 0.9498 -0.2902 -0.1171
vn 0.4680 0.8819 -0.0577
vn 0.8753 -0.4713 -0.1080
vn 0.6297 0.7729 -0.0777
vn 0.7673 -0.6343 -0.0946
vn 0.7673 0.6343 -0.0946
vn 0.6297 -0.7729 -0.0777
vn 0.8753 0.4713 -0.1080
vn 0.4680 -0.8819 -0.0577
vn 0.9498 0.2902 -0.1171
vn 0.7710 -0.6343 -0.0569
vn 0.7710 0.6343 -0.0569
vn 0.6328 -0.7729 -0.0467
vn 0.8796 0.4713 -0.0649
vn 0.4702 -0.8819 -0.0347
vn 0.9544 0.2902 -0.0704
vn 0.2896 -0.9569 -0.0214
vn 0.9925 0.0980 -0.0732
vn 0.0978 0.9952 -0.0072
vn 0.0978 -0.9952 -0.0072
vn 0.9925 -0.0980 -0.0732
vn 0.2896 0.9569 -0.0214
vn 0.9544 -0.2902 -0.0704
vn 0.4702 0.8819 -0.0347
vn 0.8796 -0.4713 -0.0649
vn 0.6328 0.7729 -0.0467
vn 0.0980 0.9952 -0.0024
vn 0.0980 -0.9952 -0.0024
vn 0.9949 -0.0980 -0.0244
vn 0.2903 0.9569 -0.0071
vn 0.9567 -0.2902 -0.0235
vn 0.4714 0.8819 -0.0116
vn 0.8817 -0.4713 -0.0216
vn 0.6343 0.7729 -0.0156
vn 0.7729 -0.6343 -0.0190
vn 0.7729 0.6343 -0.0190
vn 0.6343 -0.7729 -0.0156
vn 0.8817 0.4713 -0.0216
vn 0.4714 -0.8819 -0.0116
vn 0.9567 0.2902 -0.0235
vn 0.2903 -0.9569 -0.0071
vn 0.9949 0.0980 -0.0244
vn 0.7729 0.6343 0.0190
vn 0.6343 -0.7729 0.0156
vn 0.8817 0.4713 0.0216
vn 0.4714 -0.8819 0.0116
vn 0.9567 0.2902 0.0235
vn 0.2903 -0.9569 0.0071
vn 0.9949 0.0980 0.0244
vn 0.0980 0.9952 0.0024
vn 0.0980 -0.9952 0.0024
vn 0.9949 -0.0980 0.0244
vn 0.2903 0.9569 0.0071
vn 0.9567 -0.2902 0.0235
vn 0.4714 0.8819 0.0116
vn 0.8817 -0.4713 0.0216
vn 0.6343 0.7729 0.0156
vn 0.7729 -0.6343 0.0190
vn 0.9925 -0.0980 0.0732
vn 0.2896 0.9569 0.0214
vn 0.9544 -0.2902 0.0704
vn 0.4702 0.8819 0.0347
vn 0.8796 -0.4713 0.0649
vn 0.6328 0.7729 0.0467
vn 0.7710 -0.6343 0.0569
vn 0.7710 0.6343 0.0569
vn 0.6328 -0.7729 0.0467
vn 0.8796 0.4713 0.0649
vn 0.4702 -0.8819 0.0347
vn 0.9544 0.2902 0.0704
vn 0.2896 -0.9569 0.0214
vn 0.9925 0.0980 0.0732
vn 0.0978 0.9952 0.0072
vn 0.0978 -0.9952 0.0072
vn 0.6297 -0.7729 0.0777
vn 0.8753 0.4713 0.1080
vn 0.4680 -0.8819 0.0577
vn 0.9498 0.2902 0.1171
vn 0.2882 -0.9569 0.0355
vn 0.9877 0.0980 0.1218
vn 0.0973 0.9952 0.0120
vn 0.0973 -0.9952 0.0120
vn 0.9877 -0.0980 0.1218
vn 0.2882 0.9569 0.0355
vn 0.9498 -0.2902 0.1171
vn 0.4680 0.8819 0.0577
vn 0.8753 -0.4713 0.1080
vn 0.6297 0.7729 0.0777
vn 0.7673 -0.6343 0.0946
vn 0.7673 0.6343 0.0946
vn 0.2861 0.9569 0.0496
vn 0.9429 -0.2902 0.1636
vn 0.4646 0.8819 0.0806
vn 0.8690 -0.4713 0.1508
vn 0.6252 0.7729 0.1085
vn 0.7617 -0.6343 0.1322
vn 0.7617 0.6343 0.1322
vn 0.6252 -0.7729 0.1085
vn 0.8690 0.4713 0.1508
vn 0.4646 -0.8819 0.0806
vn 0.9429 0.2902 0.1636
vn 0.2861 -0.9569 0.0496
vn 0.9805 0.0980 0.1701
vn 0.0966 0.9952 0.0168
vn 0.0966 -0.9952 0.0168
vn 0.9805 -0.0980 0.1701
vn 0.9337 -0.2902 0.2097
vn 0.4601 0.8819 0.1033
vn 0.8605 -0.4713 0.1932
vn 0.6191 0.7729 0.1390
vn 0.7543 -0.6343 0.1694
vn 0.7543 0.6343 0.1694
vn 0.6191 -0.7729 0.1390
vn 0.8606 0.4713 0.1932
vn 0.4600 -0.8819 0.1033
vn 0.9337 0.2902 0.2097
vn 0.2833 -0.9569 0.0636
vn 0.9710 0.0980 0.2180
vn 0.0957 0.9952 0.0215
vn 0.0957 -0.9952 0.0215
vn 0.9710 -0.0980 0.2180
vn 0.2833 0.9569 0.0636
vn 0.4544 -0.8819 0.1258
vn 0.9223 0.2902 0.2552
vn 0.2798 -0.9569 0.0774
vn 0.9591 0.0980 0.2654
vn 0.0945 0.9952 0.0262
vn 0.0945 -0.9952 0.0262
vn 0.9591 -0.0980 0.2654
vn 0.2798 0.9569 0.0774
vn 0.9223 -0.2902 0.2552
vn 0.4544 0.8819 0.1258
vn 0.8500 -0.4713 0.2352
vn 0.6115 0.7729 0.1692
vn 0.7451 -0.6343 0.2062
vn 0.7451 0.6343 0.2062
vn 0.6115 -0.7729 0.1692
vn 0.8500 0.4713 0.2352
vn 0.4477 0.8819 0.1479
vn 0.8375 -0.4713 0.2767
vn 0.6025 0.7729 0.1990
vn 0.7341 -0.6343 0.2425
vn 0.7341 0.6343 0.2425
vn 0.6025 -0.7729 0.1990
vn 0.8375 0.4713 0.2767
vn 0.4477 -0.8819 0.1479
vn 0.9087 0.2902 0.3002
vn 0.2757 -0.9569 0.0911
vn 0.9450 0.0980 0.3122
vn 0.0931 0.9952 0.0308
vn 0.0931 -0.9952 0.0308
vn 0.9450 -0.0980 0.3122
vn 0.2757 0.9569 0.0911
vn 0.9087 -0.2902 0.3002
vn 0.8928 0.2902 0.3444
vn 0.2709 -0.9569 0.1045
vn 0.9285 0.0980 0.3582
vn 0.0915 0.9952 0.0353
vn 0.0915 -0.9952 0.0353
vn 0.9285 -0.0980 0.3582
vn 0.2709 0.9569 0.1045
vn 0.8928 -0.2902 0.3444
vn 0.4399 0.8819 0.1697
vn 0.8229 -0.4713 0.3174
vn 0.5920 0.7729 0.2284
vn 0.7213 -0.6343 0.2782
vn 0.7213 0.6343 0.2782
vn 0.5920 -0.7729 0.2284
vn 0.8229 0.4713 0.3174
vn 0.4399 -0.8819 0.1697
vn 0.8063 -0.4713 0.3574
vn 0.5801 0.7729 0.2571
vn 0.7068 -0.6343 0.3133
vn 0.7068 0.6343 0.3133
vn 0.5801 -0.7729 0.2571
vn 0.8063 0.4713 0.3574
vn 0.4311 -0.8819 0.1911
vn 0.8749 0.2902 0.3878
vn 0.2655 -0.9569 0.1177
vn 0.9098 0.0980 0.4033
vn 0.0896 0.9952 0.0397
vn 0.0896 -0.9952 0.0397
vn 0.9098 -0.0980 0.4033
vn 0.2655 0.9569 0.1177
vn 0.8749 -0.2902 0.3878
vn 0.4311 0.8819 0.1911
vn 0.2594 -0.9569 0.1306
vn 0.8889 0.0980 0.4474
vn 0.0876 0.9952 0.0441
vn 0.0876 -0.9952 0.0441
vn 0.8889 -0.0980 0.4474
vn 0.2594 0.9569 0.1306
vn 0.8548 -0.2902 0.4303
vn 0.4212 0.8819 0.2120
vn 0.7878 -0.4713 0.3965
vn 0.5668 0.7729 0.2853
vn 0.6906 -0.6343 0.3476
vn 0.6906 0.6343 0.3476
vn 0.5668 -0.7729 0.2853
vn 0.7878 0.4713 0.3965
vn 0.4212 -0.8819 0.2120
vn 0.8548 0.2902 0.4303
vn 0.6727 -0.6343 0.3811
vn 0.6727 0.6343 0.3811
vn 0.5521 -0.7729 0.3127
vn 0.7674 0.4713 0.4347
vn 0.4103 -0.8819 0.2324
vn 0.8326 0.2902 0.4717
vn 0.2526 -0.9569 0.1431
vn 0.8659 0.0980 0.4905
vn 0.0853 0.9952 0.0483
vn 0.0853 -0.9952 0.0483
vn 0.8659 -0.0980 0.4905
vn 0.2526 0.9569 0.1431
vn 0.8326 -0.2902 0.4717
vn 0.4103 0.8819 0.2324
vn 0.7674 -0.4713 0.4347
vn 0.5521 0.7729 0.3127
vn 0.0828 0.9952 0.0525
vn 0.0828 -0.9952 0.0525
vn 0.8408 -0.0980 0.5324
vn 0.2453 0.9569 0.1553
vn 0.8085 -0.2902 0.5120
vn 0.3984 0.8819 0.2523
vn 0.7451 -0.4713 0.4719
vn 0.5361 0.7729 0.3395
vn 0.6532 -0.6343 0.4136
vn 0.6532 0.6343 0.4136
vn 0.5361 -0.7729 0.3395
vn 0.7451 0.4713 0.4719
vn 0.3984 -0.8819 0.2523
vn 0.8085 0.2902 0.5120
vn 0.2453 -0.9569 0.1553
vn 0.8408 0.0980 0.5324
vn 0.6321 0.6343 0.4452
vn 0.5188 -0.7729 0.3654
vn 0.7211 0.4713 0.5079
vn 0.3855 -0.8819 0.2715
vn 0.7824 0.2902 0.5510
vn 0.2374 -0.9569 0.1672
vn 0.8137 0.0980 0.5730
vn 0.0802 0.9952 0.0565
vn 0.0802 -0.9952 0.0565
vn 0.8137 -0.0980 0.5730
vn 0.2374 0.9569 0.1672
vn 0.7824 -0.2902 0.5510
vn 0.3855 0.8819 0.2715
vn 0.7211 -0.4713 0.5079
vn 0.5188 0.7729 0.3654
vn 0.6321 -0.6343 0.4452
vn 0.7846 -0.0980 0.6123
vn 0.2289 0.9569 0.1786
vn 0.7544 -0.2902 0.5888
vn 0.3717 0.8819 0.2901
vn 0.6953 -0.4713 0.5426
vn 0.5002 0.7729 0.3904
vn 0.6095 -0.6343 0.4756
vn 0.6095 0.6343 0.4756
vn 0.5002 -0.7729 0.3904
vn 0.6953 0.4713 0.5426
vn 0.3717 -0.8819 0.2901
vn 0.7544 0.2902 0.5888
vn 0.2289 -0.9569 0.1786
vn 0.7846 0.0980 0.6123
vn 0.0773 0.9952 0.0603
vn 0.0773 -0.9952 0.0603
vn 0.4805 -0.7729 0.4144
vn 0.6678 0.4713 0.5761
vn 0.3570 -0.8819 0.3080
vn 0.7246 0.2902 0.6251
vn 0.2199 -0.9569 0.1897
vn 0.7536 0.0980 0.6500
vn 0.0742 0.9952 0.0640
vn 0.0742 -0.9952 0.0640
vn 0.7536 -0.0980 0.6500
vn 0.2199 0.9569 0.1897
vn 0.7246 -0.2902 0.6251
vn 0.3570 0.8819 0.3080
vn 0.6678 -0.4713 0.5761
vn 0.4805 0.7729 0.4144
vn 0.5854 -0.6343 0.5050
vn 0.5854 0.6343 0.5050
vn 0.2103 0.9569 0.2002
vn 0.6931 -0.2902 0.6599
vn 0.3415 0.8819 0.3251
vn 0.6388 -0.4713 0.6082
vn 0.4595 0.7729 0.4375
vn 0.5599 -0.6343 0.5331
vn 0.5599 0.6343 0.5331
vn 0.4595 -0.7729 0.4375
vn 0.6388 0.4713 0.6082
vn 0.3415 -0.8819 0.3251
vn 0.6931 0.2902 0.6599
vn 0.2103 -0.9569 0.2002
vn 0.7208 0.0980 0.6862
vn 0.0710 0.9952 0.0676
vn 0.0710 -0.9952 0.0676
vn 0.7208 -0.0980 0.6862
vn 0.6082 0.4713 0.6388
vn 0.3251 -0.8819 0.3415
vn 0.6599 0.2902 0.6931
vn 0.2002 -0.9569 0.2103
vn 0.6862 0.0980 0.7208
vn 0.0676 0.9952 0.0710
vn 0.0676 -0.9952 0.0710
vn 0.6862 -0.0980 0.7208
vn 0.2002 0.9569 0.2103
vn 0.6599 -0.2902 0.6931
vn 0.3251 0.8819 0.3415
vn 0.6082 -0.4713 0.6388
vn 0.4375 0.7729 0.4595
vn 0.5331 -0.6343 0.5599
vn 0.5331 0.6343 0.5599
vn 0.4375 -0.7729 0.4595
vn 0.6251 -0.2902 0.7246
vn 0.3080 0.8819 0.3570
vn 0.5761 -0.4713 0.6678
vn 0.4144 0.7729 0.4805
vn 0.5050 -0.6343 0.5854
vn 0.5050 0.6343 0.5854
vn 0.4144 -0.7729 0.4805
vn 0.5761 0.4713 0.6678
vn 0.3080 -0.8819 0.3570
vn 0.6251 0.2902 0.7246
vn 0.1897 -0.9569 0.2199
vn 0.6500 0.0980 0.7536
vn 0.0640 0.9952 0.0742
vn 0.0640 -0.9952 0.0742
vn 0.6500 -0.0980 0.7536
vn 0.1897 0.9569 0.2199
vn 0.2901 -0.8819 0.3717
vn 0.5888 0.2902 0.7544
vn 0.1787 -0.9569 0.2289
vn 0.6123 0.0980 0.7846
vn 0.0603 0.9952 0.0773
vn 0.0603 -0.9952 0.0773
vn 0.6123 -0.0980 0.7846
vn 0.1786 0.9569 0.2289
vn 0.5888 -0.2902 0.7544
vn 0.2901 0.8819 0.3717
vn 0.5426 -0.4713 0.6953
vn 0.3904 0.7729 0.5002
vn 0.4756 -0.6343 0.6095
vn 0.4756 0.6343 0.6095
vn 0.3904 -0.7729 0.5002
vn 0.5426 0.4713 0.6953
vn 0.5079 -0.4713 0.7211
vn 0.3654 0.7729 0.5188
vn 0.4452 -0.6343 0.6321
vn 0.4452 0.6343 0.6321
vn 0.3654 -0.7729 0.5188
vn 0.5079 0.4713 0.7211
vn 0.2715 -0.8819 0.3855
vn 0.5510 0.2902 0.7824
vn 0.1672 -0.9569 0.2374
vn 0.5730 0.0980 0.8137
vn 0.0565 0.9952 0.0802
vn 0.0565 -0.9952 0.0802
vn 0.5730 -0.0980 0.8137
vn 0.1672 0.9569 0.2374
vn 0.5510 -0.2902 0.7824
vn 0.2715 0.8819 0.3855
vn 0.1553 -0.9569 0.2453
vn 0.5324 0.0980 0.8408
vn 0.0525 0.9952 0.0828
vn 0.0525 -0.9952 0.0828
vn 0.5324 -0.0980 0.8408
vn 0.1553 0.9569 0.2453
vn 0.5120 -0.2902 0.8085
vn 0.2523 0.8819 0.3984
vn 0.4719 -0.4713 0.7451
vn 0.3395 0.7729 0.5361
vn 0.4136 -0.6343 0.6532
vn 0.4136 0.6343 0.6532
vn 0.3395 -0.7729 0.5361
vn 0.4719 0.4713 0.7451
vn 0.2523 -0.8819 0.3984
vn 0.5120 0.2902 0.8085
vn 0.3127 0.7729 0.5521
vn 0.3811 -0.6343 0.6727
vn 0.3811 0.6343 0.6727
vn 0.3127 -0.7729 0.5521
vn 0.4347 0.4713 0.7674
vn 0.2324 -0.8819 0.4103
vn 0.4717 0.2902 0.8326
vn 0.1431 -0.9569 0.2526
vn 0.4905 0.0980 0.8659
vn 0.0483 0.9952 0.0853
vn 0.0483 -0.9952 0.0853
vn 0.4905 -0.0980 0.8659
vn 0.1431 0.9569 0.2526
vn 0.4717 -0.2902 0.8326
vn 0.2324 0.8819 0.4103
vn 0.4347 -0.4713 0.7674
vn 0.4474 0.0980 0.8889
vn 0.0441 0.9952 0.0876
vn 0.0441 -0.9952 0.0876
vn 0.4474 -0.0980 0.8889
vn 0.1306 0.9569 0.2594
vn 0.4303 -0.2902 0.8548
vn 0.2120 0.8819 0.4212
vn 0.3965 -0.4713 0.7878
vn 0.2853 0.7729 0.5668
vn 0.3476 -0.6343 0.6906
vn 0.3476 0.6343 0.6906
vn 0.2853 -0.7729 0.5668
vn 0.3965 0.4713 0.7878
vn 0.2120 -0.8819 0.4212
vn 0.4303 0.2902 0.8548
vn 0.1305 -0.9569 0.2594
vn 0.3133 -0.6343 0.7068
vn 0.3133 0.6343 0.7068
vn 0.2571 -0.7729 0.5801
vn 0.3574 0.4713 0.8063
vn 0.1911 -0.8819 0.4311
vn 0.3878 0.2902 0.8749
vn 0.1177 -0.9569 0.2655
vn 0.4033 0.0980 0.9098
vn 0.0397 0.9952 0.0896
vn 0.0397 -0.9952 0.0896
vn 0.4033 -0.0980 0.9098
vn 0.1177 0.9569 0.2655
vn 0.3878 -0.2902 0.8749
vn 0.1911 0.8819 0.4311
vn 0.3574 -0.4713 0.8063
vn 0.2571 0.7729 0.5801
vn 0.0353 0.9952 0.0915
vn 0.0353 -0.9952 0.0915
vn 0.3582 -0.0980 0.9285
vn 0.1045 0.9569 0.2709
vn 0.3444 -0.2902 0.8928
vn 0.1697 0.8819 0.4399
vn 0.3174 -0.4713 0.8229
vn 0.2284 0.7729 0.5920
vn 0.2782 -0.6343 0.7213
vn 0.2782 0.6343 0.7213
vn 0.2284 -0.7729 0.5920
vn 0.3174 0.4713 0.8229
vn 0.1697 -0.8819 0.4399
vn 0.3444 0.2902 0.8928
vn 0.1045 -0.9569 0.2709
vn 0.3582 0.0980 0.9285
vn 0.2425 0.6343 0.7341
vn 0.1990 -0.7729 0.6025
vn 0.2767 0.4713 0.8375
vn 0.1479 -0.8819 0.4477
vn 0.3002 0.2902 0.9087
vn 0.0911 -0.9569 0.2757
vn 0.3122 0.0980 0.9450
vn 0.0308 0.9952 0.0931
vn 0.0308 -0.9952 0.0931
vn 0.3122 -0.0980 0.9450
vn 0.0911 0.9569 0.2757
vn 0.3002 -0.2902 0.9087
vn 0.1479 0.8819 0.4477
vn 0.2767 -0.4713 0.8375
vn 0.1990 0.7729 0.6025
vn 0.2425 -0.6343 0.7341
vn 0.2654 -0.0980 0.9591
vn 0.0774 0.9569 0.2798
vn 0.2552 -0.2902 0.9223
vn 0.1258 0.8819 0.4544
vn 0.2352 -0.4713 0.8500
vn 0.1692 0.7729 0.6115
vn 0.2062 -0.6343 0.7451
vn 0.2062 0.6343 0.7451
vn 0.1692 -0.7729 0.6115
vn 0.2352 0.4713 0.8500
vn 0.1258 -0.8819 0.4544
vn 0.2552 0.2902 0.9223
vn 0.0774 -0.9569 0.2798
vn 0.2654 0.0980 0.9591
vn 0.0261 0.9952 0.0945
vn 0.0261 -0.9952 0.0945
vn 0.1390 -0.7729 0.6191
vn 0.1932 0.4713 0.8605
vn 0.1033 -0.8819 0.4601
vn 0.2097 0.2902 0.9337
vn 0.0636 -0.9569 0.2833
vn 0.2180 0.0980 0.9710
vn 0.0215 0.9952 0.0957
vn 0.0215 -0.9952 0.0957
vn 0.2180 -0.0980 0.9710
vn 0.0636 0.9569 0.2833
vn 0.2097 -0.2902 0.9337
vn 0.1033 0.8819 0.4601
vn 0.1932 -0.4713 0.8605
vn 0.1390 0.7729 0.6191
vn 0.1694 -0.6343 0.7543
vn 0.1694 0.6343 0.7543
vn 0.1636 -0.2902 0.9429
vn 0.0806 0.8819 0.4646
vn 0.1508 -0.4713 0.8690
vn 0.1085 0.7729 0.6252
vn 0.1322 -0.6343 0.7617
vn 0.1322 0.6343 0.7617
vn 0.1085 -0.7729 0.6252
vn 0.1508 0.4713 0.8690
vn 0.0806 -0.8819 0.4646
vn 0.1636 0.2902 0.9429
vn 0.0496 -0.9569 0.2861
vn 0.1701 0.0980 0.9805
vn 0.0168 0.9952 0.0966
vn 0.0168 -0.9952 0.0966
vn 0.1701 -0.0980 0.9805
vn 0.0496 0.9569 0.2861
vn 0.0577 -0.8819 0.4680
vn 0.1171 0.2902 0.9498
vn 0.0356 -0.9569 0.2882
vn 0.1218 0.0980 0.9877
vn 0.0120 0.9952 0.0973
vn 0.0120 -0.9952 0.0973
vn 0.1218 -0.0980 0.9877
vn 0.0355 0.9569 0.2882
vn 0.1171 -0.2902 0.9498
vn 0.0577 0.8819 0.4680
vn 0.1080 -0.4713 0.8753
vn 0.0777 0.7729 0.6297
vn 0.0946 -0.6343 0.7673
vn 0.0946 0.6343 0.7673
vn 0.0777 -0.7729 0.6297
vn 0.1080 0.4713 0.8753
vn 0.0347 0.8819 0.4702
vn 0.0649 -0.4713 0.8796
vn 0.0467 0.7729 0.6328
vn 0.0569 -0.6343 0.7710
vn 0.0569 0.6343 0.7710
vn 0.0467 -0.7729 0.6328
vn 0.0649 0.4713 0.8796
vn 0.0347 -0.8819 0.4702
vn 0.0704 0.2902 0.9544
vn 0.0214 -0.9569 0.2896
vn 0.0732 0.0980 0.9925
vn 0.0072 0.9952 0.0978
vn 0.0072 -0.9952 0.0978
vn 0.0732 -0.0980 0.9925
vn 0.0214 0.9569 0.2896
vn 0.0704 -0.2902 0.9544
vn 0.0235 0.2902 0.9567
vn 0.0071 -0.9569 0.2903
vn 0.0245 0.0980 0.9949
vn 0.0024 0.9952 0.0980
vn 0.0024 -0.9952 0.0980
vn 0.0244 -0.0980 0.9949
vn 0.0071 0.9569 0.2903
vn 0.0235 -0.2902 0.9567
vn 0.0116 0.8819 0.4714
vn 0.0216 -0.4713 0.8817
vn 0.0156 0.7729 0.6343
vn 0.0190 -0.6343 0.7729
vn 0.0190 0.6343 0.7729
vn 0.0156 -0.7729 0.6343
vn 0.0217 0.4713 0.8817
vn 0.0116 -0.8819 0.4714
vn -0.1033 -0.8819 0.4601
vn -0.1932 -0.4713 0.8605
vn -0.1932 0.4713 0.8606
vn -0.1306 -0.9569 0.2594
vn -0.1305 0.9569 0.2594
vn -0.3128 -0.7729 0.5521
vn -0.5730 -0.0980 0.8137
vn -0.5730 0.0980 0.8137
vn -0.1896 -0.9569 0.2199
vn -0.8137 0.0980 0.5730
vn -0.8136 -0.0980 0.5730
vn -0.7211 -0.4713 0.5078
vn -0.7211 0.4713 0.5079
vn -0.2654 0.9569 0.1177
vn -0.2655 -0.9569 0.1177
vn -0.8605 -0.4713 0.1932
vn -0.8605 0.4713 0.1932
vn -0.4600 0.8819 -0.1033
vn -0.8605 -0.4713 -0.1932
vn -0.8606 0.4713 -0.1932
vn -0.4600 -0.8819 -0.1033
vn -0.8889 0.0980 -0.4475
vn -0.7878 -0.4713 -0.3965
vn -0.7878 0.4713 -0.3966
vn -0.5521 0.7729 -0.3128
vn -0.5521 -0.7729 -0.3127
vn -0.5730 -0.0980 -0.8136
vn -0.1305 -0.9569 -0.2594
vn -0.1305 0.9569 -0.2594
vn -0.0775 0.9569 -0.2798
vn -0.0355 -0.9569 -0.2882
vn -0.0356 0.9569 -0.2882
vn 0.0355 -0.9569 -0.2882
vn 0.0356 0.9569 -0.2882
vn 0.0775 0.9569 -0.2798
vn 0.1305 -0.9569 -0.2594
vn 0.8136 0.0980 -0.5730
vn 0.8137 -0.0980 -0.5730
vn 0.4601 -0.8819 -0.1033
vn 0.4600 0.8819 0.1033
vn 0.8606 -0.4713 0.1932
vn 0.8605 0.4713 0.1932
vn 0.4601 -0.8819 0.1033
vn 0.1786 -0.9569 0.2289
vn 0.1305 0.9569 0.2594
vn 0.0355 -0.9569 0.2882
vn 0.0356 0.9569 0.2882
vn 0.0244 0.0980 0.9949
vn 0.0245 -0.0980 0.9949
vn 0.0217 -0.4713 0.8817
vn 0.0216 0.4713 0.8817
vt 0.750000 0.375000
vt 0.742188 0.312500
vt 0.750000 0.312500
vt 0.750000 0.812500
vt 0.742188 0.750000
vt 0.750000 0.750000
vt 0.742188 0.250000
vt 0.750000 0.250000
vt 0.750000 0.687500
vt 0.742188 0.687500
vt 0.750000 0.187500
vt 0.742188 0.187500
vt 0.750000 0.625000
vt 0.742188 0.625000
vt 0.742188 0.125000
vt 0.750000 0.125000
vt 0.750000 0.562500
vt 0.742188 0.562500
vt 0.742188 0.062500
vt 0.750000 0.062500
vt 0.750000 0.500000
vt 0.742188 0.500000
vt 0.750000 0.937500
vt 0.746094 1.000000
vt 0.742188 0.937500
vt 0.746094 0.000000
vt 0.750000 0.437500
vt 0.742188 0.437500
vt 0.750000 0.875000
vt 0.742188 0.875000
vt 0.742188 0.375000
vt 0.742188 0.812500
vt 0.734375 0.875000
vt 0.734375 0.375000
vt 0.734375 0.812500
vt 0.734375 0.312500
vt 0.734375 0.750000
vt 0.734375 0.250000
vt 0.734375 0.687500
vt 0.734375 0.187500
vt 0.734375 0.625000
vt 0.734375 0.125000
vt 0.734375 0.562500
vt 0.734375 0.062500
vt 0.734375 0.500000
vt 0.738281 1.000000
vt 0.734375 0.937500
vt 0.738281 0.000000
vt 0.734375 0.437500
vt 0.726562 0.687500
vt 0.726562 0.625000
vt 0.726562 0.187500
vt 0.726562 0.125000
vt 0.726562 0.562500
vt 0.726562 0.062500
vt 0.726562 0.500000
vt 0.730469 1.000000
vt 0.726562 0.937500
vt 0.730469 0.000000
vt 0.726562 0.437500
vt 0.726562 0.875000
vt 0.726562 0.375000
vt 0.726562 0.812500
vt 0.726562 0.312500
vt 0.726562 0.750000
vt 0.726562 0.250000
vt 0.718750 0.375000
vt 0.718750 0.812500
vt 0.718750 0.312500
vt 0.718750 0.750000
vt 0.718750 0.250000
vt 0.718750 0.687500
vt 0.718750 0.187500
vt 0.718750 0.625000
vt 0.718750 0.125000
vt 0.718750 0.562500
vt 0.718750 0.062500
vt 0.718750 0.500000
vt 0.722656 1.000000
vt 0.718750 0.937500
vt 0.722656 0.000000
vt 0.718750 0.437500
vt 0.718750 0.875000
vt 0.710938 0.125000
vt 0.710938 0.562500
vt 0.710938 0.062500
vt 0.710938 0.500000
vt 0.714844 1.000000
vt 0.710938 0.937500
vt 0.714844 0.000000
vt 0.710938 0.437500
vt 0.710938 0.875000
vt 0.710938 0.375000
vt 0.710938 0.812500
vt 0.710938 0.312500
vt 0.710938 0.750000
vt 0.710938 0.250000
vt 0.710938 0.687500
vt 0.710938 0.187500
vt 0.710938 0.625000
vt 0.703125 0.312500
vt 0.703125 0.750000
vt 0.703125 0.250000
vt 0.703125 0.687500
vt 0.703125 0.187500
vt 0.703125 0.625000
vt 0.703125 0.125000
vt 0.703125 0.562500
vt 0.703125 0.062500
vt 0.703125 0.500000
vt 0.707031 1.000000
vt 0.703125 0.937500
vt 0.707031 0.000000
vt 0.703125 0.437500
vt 0.703125 0.875000
vt 0.703125 0.375000
vt 0.703125 0.812500
vt 0.695312 0.125000
vt 0.695312 0.062500
vt 0.695312 0.500000
vt 0.699219 1.000000
vt 0.695312 0.937500
vt 0.699219 0.000000
vt 0.695312 0.437500
vt 0.695312 0.875000
vt 0.695312 0.375000
vt 0.695312 0.812500
vt 0.695312 0.312500
vt 0.695312 0.750000
vt 0.695312 0.250000
vt 0.695312 0.687500
vt 0.695312 0.187500
vt 0.695312 0.625000
vt 0.695312 0.562500
vt 0.687500 0.750000
vt 0.687500 0.312500
vt 0.687500 0.250000
vt 0.687500 0.687500
vt 0.687500 0.187500
vt 0.687500 0.625000
vt 0.687500 0.125000
vt 0.687500 0.562500
vt 0.687500 0.062500
vt 0.687500 0.500000
vt 0.691406 1.000000
vt 0.687500 0.937500
vt 0.691406 0.000000
vt 0.687500 0.437500
vt 0.687500 0.875000
vt 0.687500 0.375000
vt 0.687500 0.812500
vt 0.679688 0.562500
vt 0.679688 0.500000
vt 0.683594 1.000000
vt 0.679688 0.937500
vt 0.683594 0.000000
vt 0.679688 0.062500
vt 0.679688 0.437500
vt 0.679688 0.875000
vt 0.679688 0.375000
vt 0.679688 0.812500
vt 0.679688 0.312500
vt 0.679688 0.750000
vt 0.679688 0.250000
vt 0.679688 0.687500
vt 0.679688 0.187500
vt 0.679688 0.625000
vt 0.679688 0.125000
vt 0.671875 0.250000
vt 0.671875 0.687500
vt 0.671875 0.187500
vt 0.671875 0.625000
vt 0.671875 0.125000
vt 0.671875 0.562500
vt 0.671875 0.062500
vt 0.671875 0.500000
vt 0.675781 1.000000
vt 0.671875 0.937500
vt 0.675781 0.000000
vt 0.671875 0.437500
vt 0.671875 0.875000
vt 0.671875 0.375000
vt 0.671875 0.812500
vt 0.671875 0.312500
vt 0.671875 0.750000
vt 0.667969 1.000000
vt 0.664062 0.937500
vt 0.667969 0.000000
vt 0.664062 0.062500
vt 0.664062 0.437500
vt 0.664062 0.875000
vt 0.664062 0.375000
vt 0.664062 0.812500
vt 0.664062 0.312500
vt 0.664062 0.750000
vt 0.664062 0.250000
vt 0.664062 0.687500
vt 0.664062 0.187500
vt 0.664062 0.625000
vt 0.664062 0.125000
vt 0.664062 0.562500
vt 0.664062 0.500000
vt 0.656250 0.687500
vt 0.656250 0.187500
vt 0.656250 0.625000
vt 0.656250 0.125000
vt 0.656250 0.562500
vt 0.656250 0.062500
vt 0.656250 0.500000
vt 0.660156 1.000000
vt 0.656250 0.937500
vt 0.660156 0.000000
vt 0.656250 0.437500
vt 0.656250 0.875000
vt 0.656250 0.375000
vt 0.656250 0.812500
vt 0.656250 0.312500
vt 0.656250 0.750000
vt 0.656250 0.250000
vt 0.648438 0.437500
vt 0.648438 0.875000
vt 0.648438 0.375000
vt 0.648438 0.812500
vt 0.648438 0.312500
vt 0.648438 0.750000
vt 0.648438 0.250000
vt 0.648438 0.687500
vt 0.648438 0.187500
vt 0.648438 0.625000
vt 0.648438 0.125000
vt 0.648438 0.562500
vt 0.648438 0.062500
vt 0.648438 0.500000
vt 0.652344 1.000000
vt 0.648438 0.937500
vt 0.652344 0.000000
vt 0.640625 0.187500
vt 0.640625 0.625000
vt 0.640625 0.125000
vt 0.640625 0.562500
vt 0.640625 0.062500
vt 0.640625 0.500000
vt 0.644531 1.000000
vt 0.640625 0.937500
vt 0.644531 0.000000
vt 0.640625 0.437500
vt 0.640625 0.875000
vt 0.640625 0.375000
vt 0.640625 0.812500
vt 0.640625 0.312500
vt 0.640625 0.750000
vt 0.640625 0.250000
vt 0.640625 0.687500
vt 0.632812 0.375000
vt 0.632812 0.812500
vt 0.632812 0.312500
vt 0.632812 0.750000
vt 0.632812 0.250000
vt 0.632812 0.687500
vt 0.632812 0.187500
vt 0.632812 0.625000
vt 0.632812 0.125000
vt 0.632812 0.562500
vt 0.632812 0.062500
vt 0.632812 0.500000
vt 0.636719 1.000000
vt 0.632812 0.937500
vt 0.636719 0.000000
vt 0.632812 0.437500
vt 0.632812 0.875000
vt 0.625000 0.125000
vt 0.625000 0.562500
vt 0.625000 0.062500
vt 0.625000 0.500000
vt 0.628906 1.000000
vt 0.625000 0.937500
vt 0.628906 0.000000
vt 0.625000 0.437500
vt 0.625000 0.875000
vt 0.625000 0.375000
vt 0.625000 0.812500
vt 0.625000 0.312500
vt 0.625000 0.750000
vt 0.625000 0.250000
vt 0.625000 0.687500
vt 0.625000 0.187500
vt 0.625000 0.625000
vt 0.617188 0.812500
vt 0.617188 0.312500
vt 0.617188 0.750000
vt 0.617188 0.250000
vt 0.617188 0.687500
vt 0.617188 0.187500
vt 0.617188 0.625000
vt 0.617188 0.125000
vt 0.617188 0.562500
vt 0.617188 0.062500
vt 0.617188 0.500000
vt 0.621094 1.000000
vt 0.617188 0.937500
vt 0.621094 0.000000
vt 0.617188 0.437500
vt 0.617188 0.875000
vt 0.617188 0.375000
vt 0.609375 0.562500
vt 0.609375 0.062500
vt 0.609375 0.500000
vt 0.613281 1.000000
vt 0.609375 0.937500
vt 0.613281 0.000000
vt 0.609375 0.437500
vt 0.609375 0.875000
vt 0.609375 0.375000
vt 0.609375 0.812500
vt 0.609375 0.312500
vt 0.609375 0.750000
vt 0.609375 0.250000
vt 0.609375 0.687500
vt 0.609375 0.187500
vt 0.609375 0.625000
vt 0.609375 0.125000
vt 0.601562 0.312500
vt 0.601562 0.812500
vt 0.601562 0.750000
vt 0.601562 0.250000
vt 0.601562 0.687500
vt 0.601562 0.187500
vt 0.601562 0.625000
vt 0.601562 0.125000
vt 0.601562 0.562500
vt 0.601562 0.062500
vt 0.601562 0.500000
vt 0.605469 1.000000
vt 0.601562 0.937500
vt 0.605469 0.000000
vt 0.601562 0.437500
vt 0.601562 0.875000
vt 0.601562 0.375000
vt 0.593750 0.062500
vt 0.593750 0.500000
vt 0.597656 1.000000
vt 0.593750 0.937500
vt 0.597656 0.000000
vt 0.593750 0.437500
vt 0.593750 0.875000
vt 0.593750 0.375000
vt 0.593750 0.812500
vt 0.593750 0.312500
vt 0.593750 0.750000
vt 0.593750 0.250000
vt 0.593750 0.687500
vt 0.593750 0.187500
vt 0.593750 0.625000
vt 0.593750 0.125000
vt 0.593750 0.562500
vt 0.585938 0.750000
vt 0.585938 0.312500
vt 0.585938 0.250000
vt 0.585938 0.687500
vt 0.585938 0.187500
vt 0.585938 0.625000
vt 0.585938 0.125000
vt 0.585938 0.562500
vt 0.585938 0.062500
vt 0.585937 0.500000
vt 0.589844 1.000000
vt 0.585938 0.937500
vt 0.589844 0.000000
vt 0.585938 0.437500
vt 0.585938 0.875000
vt 0.585938 0.375000
vt 0.585938 0.812500
vt 0.578125 0.562500
vt 0.578125 0.500000
vt 0.582031 1.000000
vt 0.578125 0.937500
vt 0.582031 0.000000
vt 0.578125 0.062500
vt 0.578125 0.437500
vt 0.578125 0.875000
vt 0.578125 0.375000
vt 0.578125 0.812500
vt 0.578125 0.312500
vt 0.578125 0.750000
vt 0.578125 0.250000
vt 0.578125 0.687500
vt 0.578125 0.187500
vt 0.578125 0.625000
vt 0.578125 0.125000
vt 0.570312 0.312500
vt 0.570312 0.250000
vt 0.570312 0.687500
vt 0.570312 0.187500
vt 0.570312 0.625000
vt 0.570312 0.125000
vt 0.570312 0.562500
vt 0.570312 0.062500
vt 0.570312 0.500000
vt 0.574219 1.000000
vt 0.570312 0.937500
vt 0.574219 0.000000
vt 0.570312 0.437500
vt 0.570312 0.875000
vt 0.570312 0.375000
vt 0.570312 0.812500
vt 0.570312 0.750000
vt 0.566406 0.000000
vt 0.562500 0.062500
vt 0.562500 0.500000
vt 0.562500 0.437500
vt 0.562500 0.937500
vt 0.562500 0.875000
vt 0.562500 0.375000
vt 0.562500 0.812500
vt 0.562500 0.312500
vt 0.562500 0.750000
vt 0.562500 0.250000
vt 0.562500 0.687500
vt 0.562500 0.187500
vt 0.562500 0.625000
vt 0.562500 0.125000
vt 0.562500 0.562500
vt 0.566406 1.000000
vt 0.554688 0.250000
vt 0.554688 0.187500
vt 0.554688 0.687500
vt 0.554688 0.625000
vt 0.554688 0.125000
vt 0.554688 0.562500
vt 0.554688 0.062500
vt 0.554688 0.500000
vt 0.558594 1.000000
vt 0.554688 0.937500
vt 0.558594 0.000000
vt 0.554688 0.437500
vt 0.554688 0.875000
vt 0.554688 0.375000
vt 0.554688 0.812500
vt 0.554688 0.312500
vt 0.554688 0.750000
vt 0.546875 0.937500
vt 0.546875 0.875000
vt 0.546875 0.375000
vt 0.546875 0.812500
vt 0.546875 0.312500
vt 0.546875 0.750000
vt 0.546875 0.250000
vt 0.546875 0.687500
vt 0.546875 0.187500
vt 0.546875 0.625000
vt 0.546875 0.125000
vt 0.546875 0.562500
vt 0.546875 0.062500
vt 0.546875 0.500000
vt 0.550781 1.000000
vt 0.550781 0.000000
vt 0.546875 0.437500
vt 0.539062 0.625000
vt 0.539062 0.125000
vt 0.539062 0.562500
vt 0.539062 0.062500
vt 0.539062 0.500000
vt 0.542969 1.000000
vt 0.539062 0.937500
vt 0.542969 0.000000
vt 0.539062 0.437500
vt 0.539062 0.875000
vt 0.539062 0.375000
vt 0.539062 0.812500
vt 0.539062 0.312500
vt 0.539062 0.750000
vt 0.539062 0.250000
vt 0.539062 0.687500
vt 0.539062 0.187500
vt 0.531250 0.437500
vt 0.531250 0.375000
vt 0.531250 0.812500
vt 0.531250 0.312500
vt 0.531250 0.750000
vt 0.531250 0.250000
vt 0.531250 0.687500
vt 0.531250 0.187500
vt 0.531250 0.625000
vt 0.531250 0.125000
vt 0.531250 0.562500
vt 0.531250 0.062500
vt 0.531250 0.500000
vt 0.535156 1.000000
vt 0.531250 0.937500
vt 0.535156 0.000000
vt 0.531250 0.875000
vt 0.523438 0.125000
vt 0.523438 0.625000
vt 0.523438 0.562500
vt 0.523438 0.062500
vt 0.523438 0.500000
vt 0.527344 1.000000
vt 0.523438 0.937500
vt 0.527344 0.000000
vt 0.523438 0.437500
vt 0.523438 0.875000
vt 0.523438 0.375000
vt 0.523438 0.812500
vt 0.523438 0.312500
vt 0.523438 0.750000
vt 0.523438 0.250000
vt 0.523438 0.687500
vt 0.523438 0.187500
vt 0.515625 0.875000
vt 0.515625 0.812500
vt 0.515625 0.312500
vt 0.515625 0.750000
vt 0.515625 0.250000
vt 0.515625 0.687500
vt 0.515625 0.187500
vt 0.515625 0.625000
vt 0.515625 0.125000
vt 0.515625 0.562500
vt 0.515625 0.062500
vt 0.515625 0.500000
vt 0.519531 1.000000
vt 0.515625 0.937500
vt 0.519531 0.000000
vt 0.515625 0.437500
vt 0.515625 0.375000
vt 0.507812 0.562500
vt 0.507812 0.125000
vt 0.507812 0.062500
vt 0.507812 0.500000
vt 0.511719 1.000000
vt 0.507812 0.937500
vt 0.511719 0.000000
vt 0.507812 0.437500
vt 0.507812 0.875000
vt 0.507812 0.375000
vt 0.507812 0.812500
vt 0.507812 0.312500
vt 0.507812 0.750000
vt 0.507812 0.250000
vt 0.507812 0.687500
vt 0.507812 0.187500
vt 0.507812 0.625000
vt 0.500000 0.312500
vt 0.500000 0.750000
vt 0.500000 0.250000
vt 0.500000 0.687500
vt 0.500000 0.187500
vt 0.500000 0.625000
vt 0.500000 0.125000
vt 0.500000 0.562500
vt 0.500000 0.062500
vt 0.500000 0.500000
vt 0.503906 1.000000
vt 0.500000 0.937500
vt 0.503906 0.000000
vt 0.500000 0.437500
vt 0.500000 0.875000
vt 0.500000 0.375000
vt 0.500000 0.812500
vt 0.492188 0.062500
vt 0.492188 0.562500
vt 0.492187 0.500000
vt 0.496094 1.000000
vt 0.492188 0.937500
vt 0.496094 0.000000
vt 0.492188 0.437500
vt 0.492188 0.875000
vt 0.492187 0.375000
vt 0.492187 0.812500
vt 0.492188 0.312500
vt 0.492188 0.750000
vt 0.492188 0.250000
vt 0.492188 0.687500
vt 0.492187 0.187500
vt 0.492187 0.625000
vt 0.492188 0.125000
vt 0.484375 0.250000
vt 0.484375 0.687500
vt 0.484375 0.187500
vt 0.484375 0.625000
vt 0.484375 0.125000
vt 0.484375 0.562500
vt 0.484375 0.062500
vt 0.484375 0.500000
vt 0.488281 1.000000
vt 0.484375 0.937500
vt 0.488281 0.000000
vt 0.484375 0.437500
vt 0.484375 0.875000
vt 0.484375 0.375000
vt 0.484375 0.812500
vt 0.484375 0.312500
vt 0.484375 0.750000
vt 0.480469 1.000000
vt 0.476562 0.937500
vt 0.480469 0.000000
vt 0.476562 0.062500
vt 0.476562 0.437500
vt 0.476562 0.875000
vt 0.476562 0.375000
vt 0.476562 0.812500
vt 0.476562 0.312500
vt 0.476562 0.750000
vt 0.476562 0.250000
vt 0.476562 0.687500
vt 0.476562 0.187500
vt 0.476562 0.625000
vt 0.476562 0.125000
vt 0.476562 0.562500
vt 0.476562 0.500000
vt 0.468750 0.687500
vt 0.468750 0.250000
vt 0.468750 0.187500
vt 0.468750 0.625000
vt 0.468750 0.125000
vt 0.468750 0.562500
vt 0.468750 0.062500
vt 0.468750 0.500000
vt 0.472656 1.000000
vt 0.468750 0.937500
vt 0.472656 0.000000
vt 0.468750 0.437500
vt 0.468750 0.875000
vt 0.468750 0.375000
vt 0.468750 0.812500
vt 0.468750 0.312500
vt 0.468750 0.750000
vt 0.460938 0.437500
vt 0.460938 0.937500
vt 0.460938 0.875000
vt 0.460937 0.375000
vt 0.460937 0.812500
vt 0.460938 0.312500
vt 0.460938 0.750000
vt 0.460938 0.250000
vt 0.460938 0.687500
vt 0.460937 0.187500
vt 0.460937 0.625000
vt 0.460938 0.125000
vt 0.460938 0.562500
vt 0.460938 0.062500
vt 0.460937 0.500000
vt 0.464844 1.000000
vt 0.464844 0.000000
vt 0.453125 0.250000
vt 0.453125 0.187500
vt 0.453125 0.687500
vt 0.453125 0.625000
vt 0.453125 0.125000
vt 0.453125 0.562500
vt 0.453125 0.062500
vt 0.453125 0.500000
vt 0.457031 1.000000
vt 0.453125 0.937500
vt 0.457031 0.000000
vt 0.453125 0.437500
vt 0.453125 0.875000
vt 0.453125 0.375000
vt 0.453125 0.812500
vt 0.453125 0.312500
vt 0.453125 0.750000
vt 0.445312 0.937500
vt 0.445312 0.875000
vt 0.445312 0.375000
vt 0.445312 0.812500
vt 0.445312 0.312500
vt 0.445312 0.750000
vt 0.445312 0.250000
vt 0.445312 0.687500
vt 0.445312 0.187500
vt 0.445312 0.625000
vt 0.445312 0.125000
vt 0.445312 0.562500
vt 0.445312 0.062500
vt 0.445312 0.500000
vt 0.449219 1.000000
vt 0.449219 0.000000
vt 0.445312 0.437500
vt 0.437500 0.687500
vt 0.437500 0.625000
vt 0.437500 0.187500
vt 0.437500 0.125000
vt 0.437500 0.562500
vt 0.437500 0.062500
vt 0.437500 0.500000
vt 0.441406 1.000000
vt 0.437500 0.937500
vt 0.441406 0.000000
vt 0.437500 0.437500
vt 0.437500 0.875000
vt 0.437500 0.375000
vt 0.437500 0.812500
vt 0.437500 0.312500
vt 0.437500 0.750000
vt 0.437500 0.250000
vt 0.429688 0.375000
vt 0.429688 0.875000
vt 0.429687 0.812500
vt 0.429688 0.312500
vt 0.429688 0.750000
vt 0.429688 0.250000
vt 0.429688 0.687500
vt 0.429687 0.187500
vt 0.429688 0.625000
vt 0.429688 0.125000
vt 0.429688 0.562500
vt 0.429688 0.062500
vt 0.429687 0.500000
vt 0.433594 1.000000
vt 0.429688 0.937500
vt 0.433594 0.000000
vt 0.429688 0.437500
vt 0.421875 0.187500
vt 0.421875 0.125000
vt 0.421875 0.562500
vt 0.421875 0.062500
vt 0.421875 0.500000
vt 0.425781 1.000000
vt 0.421875 0.937500
vt 0.425781 0.000000
vt 0.421875 0.437500
vt 0.421875 0.875000
vt 0.421875 0.375000
vt 0.421875 0.812500
vt 0.421875 0.312500
vt 0.421875 0.750000
vt 0.421875 0.250000
vt 0.421875 0.687500
vt 0.421875 0.625000
vt 0.414062 0.312500
vt 0.414062 0.750000
vt 0.414062 0.250000
vt 0.414062 0.687500
vt 0.414062 0.187500
vt 0.414062 0.625000
vt 0.414062 0.125000
vt 0.414062 0.562500
vt 0.414062 0.062500
vt 0.414062 0.500000
vt 0.417969 1.000000
vt 0.414062 0.937500
vt 0.417969 0.000000
vt 0.414062 0.437500
vt 0.414062 0.875000
vt 0.414062 0.375000
vt 0.414062 0.812500
vt 0.406250 0.062500
vt 0.406250 0.500000
vt 0.410156 1.000000
vt 0.406250 0.937500
vt 0.410156 0.000000
vt 0.406250 0.437500
vt 0.406250 0.875000
vt 0.406250 0.375000
vt 0.406250 0.812500
vt 0.406250 0.312500
vt 0.406250 0.750000
vt 0.406250 0.250000
vt 0.406250 0.687500
vt 0.406250 0.187500
vt 0.406250 0.625000
vt 0.406250 0.125000
vt 0.406250 0.562500
vt 0.398437 0.750000
vt 0.398438 0.312500
vt 0.398437 0.250000
vt 0.398438 0.687500
vt 0.398437 0.187500
vt 0.398438 0.625000
vt 0.398438 0.125000
vt 0.398438 0.562500
vt 0.398438 0.062500
vt 0.398437 0.500000
vt 0.402344 1.000000
vt 0.398438 0.937500
vt 0.402344 0.000000
vt 0.398438 0.437500
vt 0.398438 0.875000
vt 0.398438 0.375000
vt 0.398437 0.812500
vt 0.390625 0.562500
vt 0.390625 0.500000
vt 0.394531 1.000000
vt 0.390625 0.937500
vt 0.394531 0.000000
vt 0.390625 0.062500
vt 0.390625 0.437500
vt 0.390625 0.875000
vt 0.390625 0.375000
vt 0.390625 0.812500
vt 0.390625 0.312500
vt 0.390625 0.750000
vt 0.390625 0.250000
vt 0.390625 0.687500
vt 0.390625 0.187500
vt 0.390625 0.625000
vt 0.390625 0.125000
vt 0.382813 0.312500
vt 0.382812 0.250000
vt 0.382813 0.687500
vt 0.382812 0.187500
vt 0.382812 0.625000
vt 0.382812 0.125000
vt 0.382812 0.562500
vt 0.382812 0.062500
vt 0.382812 0.500000
vt 0.386719 1.000000
vt 0.382812 0.937500
vt 0.386719 0.000000
vt 0.382812 0.437500
vt 0.382812 0.875000
vt 0.382812 0.375000
vt 0.382812 0.812500
vt 0.382812 0.750000
vt 0.378906 1.000000
vt 0.375000 0.937500
vt 0.378906 0.000000
vt 0.375000 0.062500
vt 0.375000 0.437500
vt 0.375000 0.875000
vt 0.375000 0.375000
vt 0.375000 0.812500
vt 0.375000 0.312500
vt 0.375000 0.750000
vt 0.375000 0.250000
vt 0.375000 0.687500
vt 0.375000 0.187500
vt 0.375000 0.625000
vt 0.375000 0.125000
vt 0.375000 0.562500
vt 0.375000 0.500000
vt 0.367188 0.687500
vt 0.367187 0.187500
vt 0.367188 0.625000
vt 0.367188 0.125000
vt 0.367188 0.562500
vt 0.367188 0.062500
vt 0.367188 0.500000
vt 0.371094 1.000000
vt 0.367188 0.937500
vt 0.371094 0.000000
vt 0.367188 0.437500
vt 0.367188 0.875000
vt 0.367188 0.375000
vt 0.367187 0.812500
vt 0.367188 0.312500
vt 0.367187 0.750000
vt 0.367187 0.250000
vt 0.359375 0.437500
vt 0.359375 0.937500
vt 0.359375 0.875000
vt 0.359375 0.375000
vt 0.359375 0.812500
vt 0.359375 0.312500
vt 0.359375 0.750000
vt 0.359375 0.250000
vt 0.359375 0.687500
vt 0.359375 0.187500
vt 0.359375 0.625000
vt 0.359375 0.125000
vt 0.359375 0.562500
vt 0.359375 0.062500
vt 0.359375 0.500000
vt 0.363281 1.000000
vt 0.363281 0.000000
vt 0.351563 0.687500
vt 0.351562 0.625000
vt 0.351562 0.125000
vt 0.351562 0.562500
vt 0.351562 0.062500
vt 0.351562 0.500000
vt 0.355469 0.000000
vt 0.355469 1.000000
vt 0.351562 0.937500
vt 0.351562 0.437500
vt 0.351562 0.875000
vt 0.351562 0.375000
vt 0.351562 0.812500
vt 0.351563 0.312500
vt 0.351562 0.750000
vt 0.351562 0.250000
vt 0.351562 0.187500
vt 0.343750 0.375000
vt 0.343750 0.875000
vt 0.343750 0.812500
vt 0.343750 0.312500
vt 0.343750 0.750000
vt 0.343750 0.250000
vt 0.343750 0.687500
vt 0.343750 0.187500
vt 0.343750 0.625000
vt 0.343750 0.125000
vt 0.343750 0.562500
vt 0.343750 0.062500
vt 0.343750 0.500000
vt 0.347656 1.000000
vt 0.343750 0.937500
vt 0.347656 0.000000
vt 0.343750 0.437500
vt 0.335937 0.187500
vt 0.335938 0.125000
vt 0.335938 0.625000
vt 0.335937 0.562500
vt 0.335938 0.062500
vt 0.335937 0.500000
vt 0.339844 1.000000
vt 0.335938 0.937500
vt 0.339844 0.000000
vt 0.335937 0.437500
vt 0.335938 0.875000
vt 0.335938 0.375000
vt 0.335937 0.812500
vt 0.335938 0.312500
vt 0.335937 0.750000
vt 0.335937 0.250000
vt 0.335938 0.687500
vt 0.328125 0.875000
vt 0.328125 0.812500
vt 0.328125 0.312500
vt 0.328125 0.750000
vt 0.328125 0.250000
vt 0.328125 0.687500
vt 0.328125 0.187500
vt 0.328125 0.625000
vt 0.328125 0.125000
vt 0.328125 0.562500
vt 0.328125 0.062500
vt 0.328125 0.500000
vt 0.332031 1.000000
vt 0.328125 0.937500
vt 0.332031 0.000000
vt 0.328125 0.437500
vt 0.328125 0.375000
vt 0.320312 0.625000
vt 0.320312 0.562500
vt 0.320312 0.062500
vt 0.320312 0.500000
vt 0.324219 1.000000
vt 0.320312 0.937500
vt 0.324219 0.000000
vt 0.320312 0.437500
vt 0.320312 0.875000
vt 0.320312 0.375000
vt 0.320312 0.812500
vt 0.320313 0.312500
vt 0.320312 0.750000
vt 0.320312 0.250000
vt 0.320313 0.687500
vt 0.320312 0.187500
vt 0.320312 0.125000
vt 0.312500 0.312500
vt 0.312500 0.750000
vt 0.312500 0.250000
vt 0.312500 0.687500
vt 0.312500 0.187500
vt 0.312500 0.625000
vt 0.312500 0.125000
vt 0.312500 0.562500
vt 0.312500 0.062500
vt 0.312500 0.500000
vt 0.316406 1.000000
vt 0.312500 0.937500
vt 0.316406 0.000000
vt 0.312500 0.437500
vt 0.312500 0.875000
vt 0.312500 0.375000
vt 0.312500 0.812500
vt 0.304688 0.062500
vt 0.304688 0.500000
vt 0.308594 1.000000
vt 0.304688 0.937500
vt 0.308594 0.000000
vt 0.304688 0.437500
vt 0.304688 0.875000
vt 0.304688 0.375000
vt 0.304687 0.812500
vt 0.304688 0.312500
vt 0.304687 0.750000
vt 0.304687 0.250000
vt 0.304688 0.687500
vt 0.304687 0.187500
vt 0.304688 0.625000
vt 0.304688 0.125000
vt 0.304688 0.562500
vt 0.296875 0.312500
vt 0.296875 0.250000
vt 0.296875 0.687500
vt 0.296875 0.187500
vt 0.296875 0.625000
vt 0.296875 0.125000
vt 0.296875 0.562500
vt 0.296875 0.062500
vt 0.296875 0.500000
vt 0.300781 1.000000
vt 0.296875 0.937500
vt 0.300781 0.000000
vt 0.296875 0.437500
vt 0.296875 0.875000
vt 0.296875 0.375000
vt 0.296875 0.812500
vt 0.296875 0.750000
vt 0.292969 1.000000
vt 0.289062 0.937500
vt 0.292969 0.000000
vt 0.289062 0.062500
vt 0.289062 0.437500
vt 0.289062 0.875000
vt 0.289062 0.375000
vt 0.289062 0.812500
vt 0.289062 0.312500
vt 0.289062 0.750000
vt 0.289062 0.250000
vt 0.289062 0.687500
vt 0.289062 0.187500
vt 0.289062 0.625000
vt 0.289062 0.125000
vt 0.289062 0.562500
vt 0.289062 0.500000
vt 0.281250 0.687500
vt 0.281250 0.250000
vt 0.281250 0.187500
vt 0.281250 0.625000
vt 0.281250 0.125000
vt 0.281250 0.562500
vt 0.281250 0.062500
vt 0.281250 0.500000
vt 0.285156 1.000000
vt 0.281250 0.937500
vt 0.285156 0.000000
vt 0.281250 0.437500
vt 0.281250 0.875000
vt 0.281250 0.375000
vt 0.281250 0.812500
vt 0.281250 0.312500
vt 0.281250 0.750000
vt 0.273438 0.437500
vt 0.273438 0.875000
vt 0.273438 0.375000
vt 0.273437 0.812500
vt 0.273438 0.312500
vt 0.273437 0.750000
vt 0.273437 0.250000
vt 0.273438 0.687500
vt 0.273437 0.187500
vt 0.273438 0.625000
vt 0.273438 0.125000
vt 0.273438 0.562500
vt 0.273438 0.062500
vt 0.273437 0.500000
vt 0.277344 1.000000
vt 0.273438 0.937500
vt 0.277344 0.000000
vt 0.265625 0.187500
vt 0.265625 0.687500
vt 0.265625 0.625000
vt 0.265625 0.125000
vt 0.265625 0.562500
vt 0.265625 0.062500
vt 0.265625 0.500000
vt 0.269531 1.000000
vt 0.265625 0.937500
vt 0.269531 0.000000
vt 0.265625 0.437500
vt 0.265625 0.875000
vt 0.265625 0.375000
vt 0.265625 0.812500
vt 0.265625 0.312500
vt 0.265625 0.750000
vt 0.265625 0.250000
vt 0.257812 0.875000
vt 0.257812 0.375000
vt 0.257812 0.812500
vt 0.257812 0.312500
vt 0.257812 0.750000
vt 0.257812 0.250000
vt 0.257812 0.687500
vt 0.257812 0.187500
vt 0.257812 0.625000
vt 0.257812 0.125000
vt 0.257812 0.562500
vt 0.257812 0.062500
vt 0.257812 0.500000
vt 0.261719 1.000000
vt 0.257812 0.937500
vt 0.261719 0.000000
vt 0.257812 0.437500
vt 0.250000 0.687500
vt 0.250000 0.625000
vt 0.250000 0.125000
vt 0.250000 0.562500
vt 0.250000 0.062500
vt 0.250000 0.500000
vt 0.253906 1.000000
vt 0.250000 0.937500
vt 0.253906 0.000000
vt 0.250000 0.437500
vt 0.250000 0.875000
vt 0.250000 0.375000
vt 0.250000 0.812500
vt 0.250000 0.312500
vt 0.250000 0.750000
vt 0.250000 0.250000
vt 0.250000 0.187500
vt 0.242188 0.375000
vt 0.242187 0.812500
vt 0.242188 0.312500
vt 0.242187 0.750000
vt 0.242187 0.250000
vt 0.242188 0.687500
vt 0.242187 0.187500
vt 0.242188 0.625000
vt 0.242188 0.125000
vt 0.242187 0.562500
vt 0.242188 0.062500
vt 0.242187 0.500000
vt 0.246094 1.000000
vt 0.242188 0.937500
vt 0.246094 0.000000
vt 0.242187 0.437500
vt 0.242188 0.875000
vt 0.234375 0.125000
vt 0.234375 0.625000
vt 0.234375 0.562500
vt 0.234375 0.062500
vt 0.234375 0.500000
vt 0.238281 1.000000
vt 0.234375 0.937500
vt 0.238281 0.000000
vt 0.234375 0.437500
vt 0.234375 0.875000
vt 0.234375 0.375000
vt 0.234375 0.812500
vt 0.234375 0.312500
vt 0.234375 0.750000
vt 0.234375 0.250000
vt 0.234375 0.687500
vt 0.234375 0.187500
vt 0.226562 0.312500
vt 0.226562 0.812500
vt 0.226562 0.750000
vt 0.226562 0.250000
vt 0.226562 0.687500
vt 0.226562 0.187500
vt 0.226562 0.625000
vt 0.226562 0.125000
vt 0.226562 0.562500
vt 0.226562 0.062500
vt 0.226562 0.500000
vt 0.230469 1.000000
vt 0.226562 0.937500
vt 0.230469 0.000000
vt 0.226562 0.437500
vt 0.226562 0.875000
vt 0.226562 0.375000
vt 0.218750 0.125000
vt 0.218750 0.062500
vt 0.218750 0.500000
vt 0.222656 1.000000
vt 0.218750 0.937500
vt 0.222656 0.000000
vt 0.218750 0.437500
vt 0.218750 0.875000
vt 0.218750 0.375000
vt 0.218750 0.812500
vt 0.218750 0.312500
vt 0.218750 0.750000
vt 0.218750 0.250000
vt 0.218750 0.687500
vt 0.218750 0.187500
vt 0.218750 0.625000
vt 0.218750 0.562500
vt 0.210937 0.750000
vt 0.210938 0.312500
vt 0.210937 0.250000
vt 0.210938 0.687500
vt 0.210937 0.187500
vt 0.210938 0.625000
vt 0.210938 0.125000
vt 0.210938 0.562500
vt 0.210938 0.062500
vt 0.210937 0.500000
vt 0.214844 1.000000
vt 0.210938 0.937500
vt 0.214844 0.000000
vt 0.210938 0.437500
vt 0.210938 0.875000
vt 0.210938 0.375000
vt 0.210937 0.812500
vt 0.203125 0.500000
vt 0.207031 1.000000
vt 0.203125 0.937500
vt 0.207031 0.000000
vt 0.203125 0.062500
vt 0.203125 0.437500
vt 0.203125 0.875000
vt 0.203125 0.375000
vt 0.203125 0.812500
vt 0.203125 0.312500
vt 0.203125 0.750000
vt 0.203125 0.250000
vt 0.203125 0.687500
vt 0.203125 0.187500
vt 0.203125 0.625000
vt 0.203125 0.125000
vt 0.203125 0.562500
vt 0.195313 0.312500
vt 0.195312 0.250000
vt 0.195313 0.687500
vt 0.195312 0.187500
vt 0.195312 0.625000
vt 0.195312 0.125000
vt 0.195312 0.562500
vt 0.195312 0.062500
vt 0.195312 0.500000
vt 0.199219 1.000000
vt 0.195312 0.937500
vt 0.199219 0.000000
vt 0.195312 0.437500
vt 0.195312 0.875000
vt 0.195312 0.375000
vt 0.195312 0.812500
vt 0.195312 0.750000
vt 0.191406 1.000000
vt 0.187500 0.937500
vt 0.191406 0.000000
vt 0.187500 0.062500
vt 0.187500 0.437500
vt 0.187500 0.875000
vt 0.187500 0.375000
vt 0.187500 0.812500
vt 0.187500 0.312500
vt 0.187500 0.750000
vt 0.187500 0.250000
vt 0.187500 0.687500
vt 0.187500 0.187500
vt 0.187500 0.625000
vt 0.187500 0.125000
vt 0.187500 0.562500
vt 0.187500 0.500000
vt 0.179688 0.687500
vt 0.179687 0.250000
vt 0.179687 0.187500
vt 0.179687 0.625000
vt 0.179688 0.125000
vt 0.179687 0.562500
vt 0.179688 0.062500
vt 0.179687 0.500000
vt 0.183594 1.000000
vt 0.179688 0.937500
vt 0.183594 0.000000
vt 0.179687 0.437500
vt 0.179688 0.875000
vt 0.179687 0.375000
vt 0.179687 0.812500
vt 0.179688 0.312500
vt 0.179687 0.750000
vt 0.171875 0.437500
vt 0.171875 0.875000
vt 0.171875 0.375000
vt 0.171875 0.812500
vt 0.171875 0.312500
vt 0.171875 0.750000
vt 0.171875 0.250000
vt 0.171875 0.687500
vt 0.171875 0.187500
vt 0.171875 0.625000
vt 0.171875 0.125000
vt 0.171875 0.562500
vt 0.171875 0.062500
vt 0.171875 0.500000
vt 0.175781 1.000000
vt 0.171875 0.937500
vt 0.175781 0.000000
vt 0.164062 0.250000
vt 0.164062 0.187500
vt 0.164062 0.687500
vt 0.164062 0.625000
vt 0.164062 0.125000
vt 0.164062 0.562500
vt 0.164062 0.062500
vt 0.164062 0.500000
vt 0.167969 1.000000
vt 0.164062 0.937500
vt 0.167969 0.000000
vt 0.164062 0.437500
vt 0.164062 0.875000
vt 0.164062 0.375000
vt 0.164062 0.812500
vt 0.164062 0.312500
vt 0.164062 0.750000
vt 0.156250 0.375000
vt 0.156250 0.875000
vt 0.156250 0.812500
vt 0.156250 0.312500
vt 0.156250 0.750000
vt 0.156250 0.250000
vt 0.156250 0.687500
vt 0.156250 0.187500
vt 0.156250 0.625000
vt 0.156250 0.125000
vt 0.156250 0.562500
vt 0.156250 0.062500
vt 0.156250 0.500000
vt 0.160156 1.000000
vt 0.156250 0.937500
vt 0.160156 0.000000
vt 0.156250 0.437500
vt 0.148438 0.125000
vt 0.148438 0.562500
vt 0.148438 0.062500
vt 0.148437 0.500000
vt 0.152344 1.000000
vt 0.148438 0.937500
vt 0.152344 0.000000
vt 0.148438 0.437500
vt 0.148438 0.875000
vt 0.148438 0.375000
vt 0.148437 0.812500
vt 0.148438 0.312500
vt 0.148437 0.750000
vt 0.148437 0.250000
vt 0.148438 0.687500
vt 0.148437 0.187500
vt 0.148438 0.625000
vt 0.140625 0.875000
vt 0.140625 0.812500
vt 0.140625 0.312500
vt 0.140625 0.750000
vt 0.140625 0.250000
vt 0.140625 0.687500
vt 0.140625 0.187500
vt 0.140625 0.625000
vt 0.140625 0.125000
vt 0.140625 0.562500
vt 0.140625 0.062500
vt 0.140625 0.500000
vt 0.144531 1.000000
vt 0.140625 0.937500
vt 0.144531 0.000000
vt 0.140625 0.437500
vt 0.140625 0.375000
vt 0.132812 0.562500
vt 0.132812 0.062500
vt 0.132812 0.500000
vt 0.136719 1.000000
vt 0.132812 0.937500
vt 0.136719 0.000000
vt 0.132812 0.437500
vt 0.132812 0.875000
vt 0.132812 0.375000
vt 0.132812 0.812500
vt 0.132813 0.312500
vt 0.132812 0.750000
vt 0.132812 0.250000
vt 0.132813 0.687500
vt 0.132812 0.187500
vt 0.132812 0.625000
vt 0.132812 0.125000
vt 0.125000 0.312500
vt 0.125000 0.750000
vt 0.125000 0.250000
vt 0.125000 0.687500
vt 0.125000 0.187500
vt 0.125000 0.625000
vt 0.125000 0.125000
vt 0.125000 0.562500
vt 0.125000 0.062500
vt 0.125000 0.500000
vt 0.128906 1.000000
vt 0.125000 0.937500
vt 0.128906 0.000000
vt 0.125000 0.437500
vt 0.125000 0.875000
vt 0.125000 0.375000
vt 0.125000 0.812500
vt 0.117188 0.125000
vt 0.117188 0.062500
vt 0.117188 0.562500
vt 0.117187 0.500000
vt 0.121094 1.000000
vt 0.117188 0.937500
vt 0.121094 0.000000
vt 0.117188 0.437500
vt 0.117188 0.875000
vt 0.117188 0.375000
vt 0.117187 0.812500
vt 0.117188 0.312500
vt 0.117187 0.750000
vt 0.117187 0.250000
vt 0.117188 0.687500
vt 0.117187 0.187500
vt 0.117188 0.625000
vt 0.109375 0.750000
vt 0.109375 0.312500
vt 0.109375 0.250000
vt 0.109375 0.687500
vt 0.109375 0.187500
vt 0.109375 0.625000
vt 0.109375 0.125000
vt 0.109375 0.562500
vt 0.109375 0.062500
vt 0.109375 0.500000
vt 0.113281 1.000000
vt 0.109375 0.937500
vt 0.113281 0.000000
vt 0.109375 0.437500
vt 0.109375 0.875000
vt 0.109375 0.375000
vt 0.109375 0.812500
vt 0.101562 0.562500
vt 0.101562 0.500000
vt 0.105469 1.000000
vt 0.101562 0.937500
vt 0.105469 0.000000
vt 0.101562 0.062500
vt 0.101562 0.437500
vt 0.101562 0.875000
vt 0.101562 0.375000
vt 0.101562 0.812500
vt 0.101563 0.312500
vt 0.101562 0.750000
vt 0.101562 0.250000
vt 0.101563 0.687500
vt 0.101562 0.187500
vt 0.101562 0.625000
vt 0.101562 0.125000
vt 0.093750 0.312500
vt 0.093750 0.250000
vt 0.093750 0.687500
vt 0.093750 0.187500
vt 0.093750 0.625000
vt 0.093750 0.125000
vt 0.093750 0.562500
vt 0.093750 0.062500
vt 0.093750 0.500000
vt 0.097656 1.000000
vt 0.093750 0.937500
vt 0.097656 0.000000
vt 0.093750 0.437500
vt 0.093750 0.875000
vt 0.093750 0.375000
vt 0.093750 0.812500
vt 0.093750 0.750000
vt 0.089844 0.000000
vt 0.085937 0.062500
vt 0.085937 0.437500
vt 0.085937 0.875000
vt 0.085937 0.375000
vt 0.085937 0.812500
vt 0.085938 0.312500
vt 0.085937 0.750000
vt 0.085937 0.250000
vt 0.085938 0.687500
vt 0.085937 0.187500
vt 0.085937 0.625000
vt 0.085937 0.125000
vt 0.085937 0.562500
vt 0.085937 0.500000
vt 0.089844 1.000000
vt 0.085937 0.937500
vt 0.078125 0.250000
vt 0.078125 0.187500
vt 0.078125 0.687500
vt 0.078125 0.625000
vt 0.078125 0.125000
vt 0.078125 0.562500
vt 0.078125 0.062500
vt 0.078125 0.500000
vt 0.082031 1.000000
vt 0.078125 0.937500
vt 0.082031 0.000000
vt 0.078125 0.437500
vt 0.078125 0.875000
vt 0.078125 0.375000
vt 0.078125 0.812500
vt 0.078125 0.312500
vt 0.078125 0.750000
vt 0.070312 0.875000
vt 0.070312 0.437500
vt 0.070312 0.375000
vt 0.070312 0.812500
vt 0.070313 0.312500
vt 0.070312 0.750000
vt 0.070312 0.250000
vt 0.070313 0.687500
vt 0.070312 0.187500
vt 0.070312 0.625000
vt 0.070312 0.125000
vt 0.070312 0.562500
vt 0.070312 0.062500
vt 0.070312 0.500000
vt 0.074219 1.000000
vt 0.070312 0.937500
vt 0.074219 0.000000
vt 0.062500 0.687500
vt 0.062500 0.625000
vt 0.062500 0.125000
vt 0.062500 0.562500
vt 0.062500 0.062500
vt 0.062500 0.500000
vt 0.066406 1.000000
vt 0.062500 0.937500
vt 0.066406 0.000000
vt 0.062500 0.437500
vt 0.062500 0.875000
vt 0.062500 0.375000
vt 0.062500 0.812500
vt 0.062500 0.312500
vt 0.062500 0.750000
vt 0.062500 0.250000
vt 0.062500 0.187500
vt 0.054687 0.375000
vt 0.054687 0.812500
vt 0.054688 0.312500
vt 0.054687 0.750000
vt 0.054687 0.250000
vt 0.054688 0.687500
vt 0.054687 0.187500
vt 0.054687 0.625000
vt 0.054687 0.125000
vt 0.054688 0.562500
vt 0.054688 0.062500
vt 0.054687 0.500000
vt 0.058594 1.000000
vt 0.054688 0.937500
vt 0.058594 0.000000
vt 0.054688 0.437500
vt 0.054687 0.875000
vt 0.046875 0.125000
vt 0.046875 0.562500
vt 0.046875 0.062500
vt 0.046875 0.500000
vt 0.050781 1.000000
vt 0.046875 0.937500
vt 0.050781 0.000000
vt 0.046875 0.437500
vt 0.046875 0.875000
vt 0.046875 0.375000
vt 0.046875 0.812500
vt 0.046875 0.312500
vt 0.046875 0.750000
vt 0.046875 0.250000
vt 0.046875 0.687500
vt 0.046875 0.187500
vt 0.046875 0.625000
vt 0.039062 0.875000
vt 0.039062 0.812500
vt 0.039063 0.312500
vt 0.039062 0.750000
vt 0.039062 0.250000
vt 0.039063 0.687500
vt 0.039062 0.187500
vt 0.039062 0.625000
vt 0.039062 0.125000
vt 0.039062 0.562500
vt 0.039062 0.062500
vt 0.039062 0.500000
vt 0.042969 1.000000
vt 0.039062 0.937500
vt 0.042969 0.000000
vt 0.039062 0.437500
vt 0.039062 0.375000
vt 0.031250 0.562500
vt 0.031250 0.125000
vt 0.031250 0.062500
vt 0.031250 0.500000
vt 0.035156 1.000000
vt 0.031250 0.937500
vt 0.035156 0.000000
vt 0.031250 0.437500
vt 0.031250 0.875000
vt 0.031250 0.375000
vt 0.031250 0.812500
vt 0.031250 0.312500
vt 0.031250 0.750000
vt 0.031250 0.250000
vt 0.031250 0.687500
vt 0.031250 0.187500
vt 0.031250 0.625000
vt 0.023438 0.312500
vt 0.023437 0.750000
vt 0.023437 0.250000
vt 0.023438 0.687500
vt 0.023437 0.187500
vt 0.023438 0.625000
vt 0.023438 0.125000
vt 0.023438 0.562500
vt 0.023438 0.062500
vt 0.023438 0.500000
vt 0.027344 1.000000
vt 0.023438 0.937500
vt 0.027344 0.000000
vt 0.023438 0.437500
vt 0.023438 0.875000
vt 0.023438 0.375000
vt 0.023437 0.812500
vt 0.015625 0.125000
vt 0.015625 0.062500
vt 0.015625 0.562500
vt 0.015625 0.500000
vt 0.019531 1.000000
vt 0.015625 0.937500
vt 0.019531 0.000000
vt 0.015625 0.437500
vt 0.015625 0.875000
vt 0.015625 0.375000
vt 0.015625 0.812500
vt 0.015625 0.312500
vt 0.015625 0.750000
vt 0.015625 0.250000
vt 0.015625 0.687500
vt 0.015625 0.187500
vt 0.015625 0.625000
vt 0.007813 0.312500
vt 0.007812 0.250000
vt 0.007813 0.687500
vt 0.007812 0.187500
vt 0.007812 0.625000
vt 0.007812 0.125000
vt 0.007812 0.562500
vt 0.007812 0.062500
vt 0.007812 0.500000
vt 0.011719 1.000000
vt 0.007812 0.937500
vt 0.011719 0.000000
vt 0.007812 0.437500
vt 0.007812 0.875000
vt 0.007812 0.375000
vt 0.007812 0.812500
vt 0.007812 0.750000
vt 0.003906 1.000000
vt 0.000000 0.937500
vt 0.003906 0.000000
vt 0.000000 0.062500
vt 0.000000 0.437500
vt 0.000000 0.875000
vt 0.000000 0.375000
vt 0.000000 0.812500
vt 0.000000 0.312500
vt 0.000000 0.750000
vt 0.000000 0.250000
vt 0.000000 0.687500
vt 0.000000 0.187500
vt 0.000000 0.625000
vt 0.000000 0.125000
vt 0.000000 0.562500
vt 0.000000 0.500000
vt 1.000000 0.750000
vt 0.992188 0.687500
vt 1.000000 0.687500
vt 1.000000 0.250000
vt 0.992187 0.187500
vt 1.000000 0.187500
vt 1.000000 0.625000
vt 0.992187 0.625000
vt 0.992187 0.125000
vt 1.000000 0.125000
vt 0.992187 0.562500
vt 1.000000 0.562500
vt 0.992187 0.062500
vt 1.000000 0.062500
vt 1.000000 0.500000
vt 0.992187 0.500000
vt 1.000000 0.937500
vt 0.996094 1.000000
vt 0.992187 0.937500
vt 0.996094 0.000000
vt 0.992187 0.437500
vt 1.000000 0.437500
vt 1.000000 0.875000
vt 0.992187 0.875000
vt 0.992187 0.375000
vt 1.000000 0.375000
vt 1.000000 0.812500
vt 0.992187 0.812500
vt 0.992188 0.312500
vt 1.000000 0.312500
vt 0.992187 0.750000
vt 0.992187 0.250000
vt 0.984375 0.437500
vt 0.984375 0.875000
vt 0.984375 0.375000
vt 0.984375 0.812500
vt 0.984375 0.312500
vt 0.984375 0.750000
vt 0.984375 0.250000
vt 0.984375 0.687500
vt 0.984375 0.187500
vt 0.984375 0.625000
vt 0.984375 0.125000
vt 0.984375 0.562500
vt 0.984375 0.062500
vt 0.984375 0.500000
vt 0.988281 1.000000
vt 0.984375 0.937500
vt 0.988281 0.000000
vt 0.976562 0.250000
vt 0.976562 0.187500
vt 0.976562 0.687500
vt 0.976562 0.625000
vt 0.976562 0.125000
vt 0.976562 0.562500
vt 0.976562 0.062500
vt 0.976562 0.500000
vt 0.980469 1.000000
vt 0.976562 0.937500
vt 0.980469 0.000000
vt 0.976562 0.437500
vt 0.976562 0.875000
vt 0.976562 0.375000
vt 0.976562 0.812500
vt 0.976562 0.312500
vt 0.976562 0.750000
vt 0.968750 0.875000
vt 0.968750 0.437500
vt 0.968750 0.375000
vt 0.968750 0.812500
vt 0.968750 0.312500
vt 0.968750 0.750000
vt 0.968750 0.250000
vt 0.968750 0.687500
vt 0.968750 0.187500
vt 0.968750 0.625000
vt 0.968750 0.125000
vt 0.968750 0.562500
vt 0.968750 0.062500
vt 0.968750 0.500000
vt 0.972656 1.000000
vt 0.968750 0.937500
vt 0.972656 0.000000
vt 0.960938 0.437500
vt 0.960937 0.375000
vt 0.960937 0.875000
vt 0.960937 0.812500
vt 0.960938 0.312500
vt 0.960937 0.750000
vt 0.960937 0.250000
vt 0.960938 0.687500
vt 0.960937 0.187500
vt 0.960937 0.625000
vt 0.960937 0.125000
vt 0.960938 0.562500
vt 0.960938 0.062500
vt 0.960937 0.500000
vt 0.964844 1.000000
vt 0.960938 0.937500
vt 0.964844 0.000000
vt 0.953125 0.187500
vt 0.953125 0.125000
vt 0.953125 0.562500
vt 0.953125 0.062500
vt 0.953125 0.500000
vt 0.957031 1.000000
vt 0.953125 0.937500
vt 0.957031 0.000000
vt 0.953125 0.437500
vt 0.953125 0.875000
vt 0.953125 0.375000
vt 0.953125 0.812500
vt 0.953125 0.312500
vt 0.953125 0.750000
vt 0.953125 0.250000
vt 0.953125 0.687500
vt 0.953125 0.625000
vt 0.945312 0.875000
vt 0.945312 0.812500
vt 0.945312 0.312500
vt 0.945312 0.750000
vt 0.945312 0.250000
vt 0.945312 0.687500
vt 0.945312 0.187500
vt 0.945312 0.625000
vt 0.945312 0.125000
vt 0.945312 0.562500
vt 0.945312 0.062500
vt 0.945312 0.500000
vt 0.949219 1.000000
vt 0.945312 0.937500
vt 0.949219 0.000000
vt 0.945312 0.437500
vt 0.945312 0.375000
vt 0.937500 0.562500
vt 0.937500 0.062500
vt 0.937500 0.500000
vt 0.941406 1.000000
vt 0.937500 0.937500
vt 0.941406 0.000000
vt 0.937500 0.437500
vt 0.937500 0.875000
vt 0.937500 0.375000
vt 0.937500 0.812500
vt 0.937500 0.312500
vt 0.937500 0.750000
vt 0.937500 0.250000
vt 0.937500 0.687500
vt 0.937500 0.187500
vt 0.937500 0.625000
vt 0.937500 0.125000
vt 0.929688 0.312500
vt 0.929687 0.750000
vt 0.929687 0.250000
vt 0.929688 0.687500
vt 0.929687 0.187500
vt 0.929687 0.625000
vt 0.929687 0.125000
vt 0.929687 0.562500
vt 0.929687 0.062500
vt 0.929687 0.500000
vt 0.933594 1.000000
vt 0.929687 0.937500
vt 0.933594 0.000000
vt 0.929687 0.437500
vt 0.929687 0.875000
vt 0.929687 0.375000
vt 0.929687 0.812500
vt 0.921875 0.062500
vt 0.921875 0.562500
vt 0.921875 0.500000
vt 0.925781 1.000000
vt 0.921875 0.937500
vt 0.925781 0.000000
vt 0.921875 0.437500
vt 0.921875 0.875000
vt 0.921875 0.375000
vt 0.921875 0.812500
vt 0.921875 0.312500
vt 0.921875 0.750000
vt 0.921875 0.250000
vt 0.921875 0.687500
vt 0.921875 0.187500
vt 0.921875 0.625000
vt 0.921875 0.125000
vt 0.914062 0.312500
vt 0.914062 0.250000
vt 0.914062 0.687500
vt 0.914062 0.187500
vt 0.914062 0.625000
vt 0.914062 0.125000
vt 0.914062 0.562500
vt 0.914062 0.062500
vt 0.914062 0.500000
vt 0.917969 1.000000
vt 0.914062 0.937500
vt 0.917969 0.000000
vt 0.914062 0.437500
vt 0.914062 0.875000
vt 0.914062 0.375000
vt 0.914062 0.812500
vt 0.914062 0.750000
vt 0.910156 1.000000
vt 0.906250 0.937500
vt 0.910156 0.000000
vt 0.906250 0.062500
vt 0.906250 0.437500
vt 0.906250 0.875000
vt 0.906250 0.375000
vt 0.906250 0.812500
vt 0.906250 0.312500
vt 0.906250 0.750000
vt 0.906250 0.250000
vt 0.906250 0.687500
vt 0.906250 0.187500
vt 0.906250 0.625000
vt 0.906250 0.125000
vt 0.906250 0.562500
vt 0.906250 0.500000
vt 0.898438 0.687500
vt 0.898437 0.250000
vt 0.898437 0.187500
vt 0.898437 0.625000
vt 0.898437 0.125000
vt 0.898438 0.562500
vt 0.898437 0.062500
vt 0.898437 0.500000
vt 0.902344 1.000000
vt 0.898437 0.937500
vt 0.902344 0.000000
vt 0.898438 0.437500
vt 0.898437 0.875000
vt 0.898437 0.375000
vt 0.898437 0.812500
vt 0.898438 0.312500
vt 0.898437 0.750000
vt 0.890625 0.437500
vt 0.890625 0.875000
vt 0.890625 0.375000
vt 0.890625 0.812500
vt 0.890625 0.312500
vt 0.890625 0.750000
vt 0.890625 0.250000
vt 0.890625 0.687500
vt 0.890625 0.187500
vt 0.890625 0.625000
vt 0.890625 0.125000
vt 0.890625 0.562500
vt 0.890625 0.062500
vt 0.890625 0.500000
vt 0.894531 1.000000
vt 0.890625 0.937500
vt 0.894531 0.000000
vt 0.882812 0.187500
vt 0.882812 0.687500
vt 0.882812 0.625000
vt 0.882812 0.125000
vt 0.882812 0.562500
vt 0.882812 0.062500
vt 0.882812 0.500000
vt 0.886719 1.000000
vt 0.882812 0.937500
vt 0.886719 0.000000
vt 0.882812 0.437500
vt 0.882812 0.875000
vt 0.882812 0.375000
vt 0.882812 0.812500
vt 0.882812 0.312500
vt 0.882812 0.750000
vt 0.882812 0.250000
vt 0.875000 0.875000
vt 0.875000 0.375000
vt 0.875000 0.812500
vt 0.875000 0.312500
vt 0.875000 0.750000
vt 0.875000 0.250000
vt 0.875000 0.687500
vt 0.875000 0.187500
vt 0.875000 0.625000
vt 0.875000 0.125000
vt 0.875000 0.562500
vt 0.875000 0.062500
vt 0.875000 0.500000
vt 0.878906 1.000000
vt 0.875000 0.937500
vt 0.878906 0.000000
vt 0.875000 0.437500
vt 0.867188 0.687500
vt 0.867188 0.625000
vt 0.867187 0.125000
vt 0.867188 0.562500
vt 0.867188 0.062500
vt 0.867187 0.500000
vt 0.871094 1.000000
vt 0.867188 0.937500
vt 0.871094 0.000000
vt 0.867188 0.437500
vt 0.867187 0.875000
vt 0.867188 0.375000
vt 0.867187 0.812500
vt 0.867188 0.312500
vt 0.867187 0.750000
vt 0.867187 0.250000
vt 0.867187 0.187500
vt 0.859375 0.375000
vt 0.859375 0.875000
vt 0.859375 0.812500
vt 0.859375 0.312500
vt 0.859375 0.750000
vt 0.859375 0.250000
vt 0.859375 0.687500
vt 0.859375 0.187500
vt 0.859375 0.625000
vt 0.859375 0.125000
vt 0.859375 0.562500
vt 0.859375 0.062500
vt 0.859375 0.500000
vt 0.863281 1.000000
vt 0.859375 0.937500
vt 0.863281 0.000000
vt 0.859375 0.437500
vt 0.851562 0.125000
vt 0.851562 0.562500
vt 0.851562 0.062500
vt 0.851562 0.500000
vt 0.855469 1.000000
vt 0.851562 0.937500
vt 0.855469 0.000000
vt 0.851562 0.437500
vt 0.851562 0.875000
vt 0.851562 0.375000
vt 0.851562 0.812500
vt 0.851562 0.312500
vt 0.851562 0.750000
vt 0.851562 0.250000
vt 0.851562 0.687500
vt 0.851562 0.187500
vt 0.851562 0.625000
vt 0.843750 0.312500
vt 0.843750 0.750000
vt 0.843750 0.250000
vt 0.843750 0.687500
vt 0.843750 0.187500
vt 0.843750 0.625000
vt 0.843750 0.125000
vt 0.843750 0.562500
vt 0.843750 0.062500
vt 0.843750 0.500000
vt 0.847656 1.000000
vt 0.843750 0.937500
vt 0.847656 0.000000
vt 0.843750 0.437500
vt 0.843750 0.875000
vt 0.843750 0.375000
vt 0.843750 0.812500
vt 0.835938 0.062500
vt 0.835938 0.562500
vt 0.835937 0.500000
vt 0.839844 1.000000
vt 0.835938 0.937500
vt 0.839844 0.000000
vt 0.835938 0.437500
vt 0.835937 0.875000
vt 0.835938 0.375000
vt 0.835937 0.812500
vt 0.835938 0.312500
vt 0.835937 0.750000
vt 0.835937 0.250000
vt 0.835938 0.687500
vt 0.835937 0.187500
vt 0.835938 0.625000
vt 0.835937 0.125000
vt 0.828125 0.750000
vt 0.828125 0.312500
vt 0.828125 0.250000
vt 0.828125 0.687500
vt 0.828125 0.187500
vt 0.828125 0.625000
vt 0.828125 0.125000
vt 0.828125 0.562500
vt 0.828125 0.062500
vt 0.828125 0.500000
vt 0.832031 1.000000
vt 0.828125 0.937500
vt 0.832031 0.000000
vt 0.828125 0.437500
vt 0.828125 0.875000
vt 0.828125 0.375000
vt 0.828125 0.812500
vt 0.820312 0.562500
vt 0.820312 0.500000
vt 0.824219 1.000000
vt 0.820312 0.937500
vt 0.824219 0.000000
vt 0.820312 0.062500
vt 0.820312 0.437500
vt 0.820312 0.875000
vt 0.820312 0.375000
vt 0.820312 0.812500
vt 0.820312 0.312500
vt 0.820312 0.750000
vt 0.820312 0.250000
vt 0.820312 0.687500
vt 0.820312 0.187500
vt 0.820312 0.625000
vt 0.820312 0.125000
vt 0.812500 0.312500
vt 0.812500 0.250000
vt 0.812500 0.687500
vt 0.812500 0.187500
vt 0.812500 0.625000
vt 0.812500 0.125000
vt 0.812500 0.562500
vt 0.812500 0.062500
vt 0.812500 0.500000
vt 0.816406 1.000000
vt 0.812500 0.937500
vt 0.816406 0.000000
vt 0.812500 0.437500
vt 0.812500 0.875000
vt 0.812500 0.375000
vt 0.812500 0.812500
vt 0.812500 0.750000
vt 0.808594 1.000000
vt 0.804688 0.937500
vt 0.808594 0.000000
vt 0.804688 0.062500
vt 0.804688 0.437500
vt 0.804687 0.875000
vt 0.804687 0.375000
vt 0.804687 0.812500
vt 0.804688 0.312500
vt 0.804687 0.750000
vt 0.804687 0.250000
vt 0.804688 0.687500
vt 0.804687 0.187500
vt 0.804687 0.625000
vt 0.804687 0.125000
vt 0.804688 0.562500
vt 0.804687 0.500000
vt 0.796875 0.687500
vt 0.796875 0.250000
vt 0.796875 0.187500
vt 0.796875 0.625000
vt 0.796875 0.125000
vt 0.796875 0.562500
vt 0.796875 0.062500
vt 0.796875 0.500000
vt 0.800781 1.000000
vt 0.796875 0.937500
vt 0.800781 0.000000
vt 0.796875 0.437500
vt 0.796875 0.875000
vt 0.796875 0.375000
vt 0.796875 0.812500
vt 0.796875 0.312500
vt 0.796875 0.750000
vt 0.789062 0.437500
vt 0.789062 0.875000
vt 0.789062 0.375000
vt 0.789062 0.812500
vt 0.789062 0.312500
vt 0.789062 0.750000
vt 0.789062 0.250000
vt 0.789062 0.687500
vt 0.789062 0.187500
vt 0.789062 0.625000
vt 0.789062 0.125000
vt 0.789062 0.562500
vt 0.789062 0.062500
vt 0.789062 0.500000
vt 0.792969 1.000000
vt 0.789062 0.937500
vt 0.792969 0.000000
vt 0.781250 0.250000
vt 0.781250 0.187500
vt 0.781250 0.687500
vt 0.781250 0.625000
vt 0.781250 0.125000
vt 0.781250 0.562500
vt 0.781250 0.062500
vt 0.781250 0.500000
vt 0.785156 1.000000
vt 0.781250 0.937500
vt 0.785156 0.000000
vt 0.781250 0.437500
vt 0.781250 0.875000
vt 0.781250 0.375000
vt 0.781250 0.812500
vt 0.781250 0.312500
vt 0.781250 0.750000
vt 0.773437 0.375000
vt 0.773437 0.812500
vt 0.773438 0.312500
vt 0.773437 0.750000
vt 0.773437 0.250000
vt 0.773438 0.687500
vt 0.773437 0.187500
vt 0.773437 0.625000
vt 0.773437 0.125000
vt 0.773438 0.562500
vt 0.773437 0.062500
vt 0.773437 0.500000
vt 0.777344 1.000000
vt 0.773437 0.937500
vt 0.777344 0.000000
vt 0.773438 0.437500
vt 0.773437 0.875000
vt 0.765625 0.125000
vt 0.765625 0.562500
vt 0.765625 0.062500
vt 0.765625 0.500000
vt 0.769531 1.000000
vt 0.765625 0.937500
vt 0.769531 0.000000
vt 0.765625 0.437500
vt 0.765625 0.875000
vt 0.765625 0.375000
vt 0.765625 0.812500
vt 0.765625 0.312500
vt 0.765625 0.750000
vt 0.765625 0.250000
vt 0.765625 0.687500
vt 0.765625 0.187500
vt 0.765625 0.625000
vt 0.757812 0.812500
vt 0.757812 0.312500
vt 0.757812 0.750000
vt 0.757812 0.250000
vt 0.757812 0.687500
vt 0.757812 0.187500
vt 0.757812 0.625000
vt 0.757812 0.125000
vt 0.757812 0.562500
vt 0.757812 0.062500
vt 0.757812 0.500000
vt 0.761719 1.000000
vt 0.757812 0.937500
vt 0.761719 0.000000
vt 0.757812 0.437500
vt 0.757812 0.875000
vt 0.757812 0.375000
vt 0.753906 1.000000
vt 0.753906 0.000000
s 0
f 6/1/1 20/2/1 1921/3/1
f 1/4/2 13/5/2 2/6/2
f 1921/3/3 21/7/3 7/8/3
f 1919/9/4 13/5/4 14/10/4
f 8/11/5 21/7/5 22/12/5
f 3/13/6 14/10/6 15/14/6
f 8/11/7 23/15/7 1922/16/7
f 1920/17/8 15/14/8 16/18/8
f 1922/16/9 24/19/9 9/20/9
f 4/21/10 16/18/10 17/22/10
f 1917/23/11 970/24/11 10/25/11
f 1376/26/12 9/20/12 24/19/12
f 5/27/13 17/22/13 18/28/13
f 1918/29/14 10/25/14 11/30/14
f 6/1/15 18/28/15 19/31/15
f 1/4/16 11/30/16 12/32/16
f 10/25/17 26/33/17 11/30/17
f 18/28/18 34/34/18 19/31/18
f 11/30/19 27/35/19 12/32/19
f 19/31/20 35/36/20 20/2/20
f 13/5/21 27/35/21 28/37/21
f 20/2/22 36/38/22 21/7/22
f 14/10/23 28/37/23 29/39/23
f 21/7/24 37/40/24 22/12/24
f 15/14/25 29/39/25 30/41/25
f 22/12/26 38/42/26 23/15/26
f 15/14/27 31/43/27 16/18/27
f 23/15/28 39/44/28 24/19/28
f 16/18/29 32/45/29 17/22/29
f 10/25/30 970/46/30 25/47/30
f 1376/48/31 24/19/31 39/44/31
f 17/22/32 33/49/32 18/28/32
f 30/41/33 44/50/33 45/51/33
f 38/42/34 52/52/34 53/53/34
f 30/41/35 46/54/35 31/43/35
f 38/42/36 54/55/36 39/44/36
f 31/43/37 47/56/37 32/45/37
f 25/47/38 970/57/38 40/58/38
f 1376/59/39 39/44/39 54/55/39
f 32/45/40 48/60/40 33/49/40
f 25/47/41 41/61/41 26/33/41
f 33/49/42 49/62/42 34/34/42
f 26/33/43 42/63/43 27/35/43
f 34/34/44 50/64/44 35/36/44
f 27/35/45 43/65/45 28/37/45
f 35/36/46 51/66/46 36/38/46
f 28/37/47 44/50/47 29/39/47
f 36/38/48 52/52/48 37/40/48
f 48/60/49 64/67/49 49/62/49
f 41/61/50 57/68/50 42/63/50
f 49/62/51 65/69/51 50/64/51
f 42/63/52 58/70/52 43/65/52
f 50/64/53 66/71/53 51/66/53
f 43/65/54 59/72/54 44/50/54
f 51/66/55 67/73/55 52/52/55
f 44/50/56 60/74/56 45/51/56
f 53/53/57 67/73/57 68/75/57
f 45/51/58 61/76/58 46/54/58
f 54/55/59 68/75/59 69/77/59
f 46/54/60 62/78/60 47/56/60
f 40/58/61 970/79/61 55/80/61
f 1376/81/62 54/55/62 69/77/62
f 48/60/63 62/78/63 63/82/63
f 40/58/64 56/83/64 41/61/64
f 67/73/65 83/84/65 68/75/65
f 60/74/66 76/85/66 61/76/66
f 69/77/67 83/84/67 84/86/67
f 61/76/68 77/87/68 62/78/68
f 55/80/69 970/88/69 70/89/69
f 1376/90/70 69/77/70 84/86/70
f 62/78/71 78/91/71 63/82/71
f 55/80/72 71/92/72 56/83/72
f 63/82/73 79/93/73 64/67/73
f 56/83/74 72/94/74 57/68/74
f 64/67/75 80/95/75 65/69/75
f 57/68/76 73/96/76 58/70/76
f 65/69/77 81/97/77 66/71/77
f 58/70/78 74/98/78 59/72/78
f 66/71/79 82/99/79 67/73/79
f 59/72/80 75/100/80 60/74/80
f 79/93/81 95/101/81 80/95/81
f 72/94/82 88/102/82 73/96/82
f 81/97/83 95/101/83 96/103/83
f 73/96/84 89/104/84 74/98/84
f 81/97/85 97/105/85 82/99/85
f 75/100/86 89/104/86 90/106/86
f 83/84/87 97/105/87 98/107/87
f 75/100/88 91/108/88 76/85/88
f 83/84/89 99/109/89 84/86/89
f 76/85/90 92/110/90 77/87/90
f 70/89/91 970/111/91 85/112/91
f 1376/113/92 84/86/92 99/109/92
f 78/91/93 92/110/93 93/114/93
f 70/89/94 86/115/94 71/92/94
f 78/91/95 94/116/95 79/93/95
f 71/92/96 87/117/96 72/94/96
f 99/109/97 113/118/97 114/119/97
f 91/108/98 107/120/98 92/110/98
f 85/112/99 970/121/99 100/122/99
f 1376/123/100 99/109/100 114/119/100
f 93/114/101 107/120/101 108/124/101
f 86/115/102 100/122/102 101/125/102
f 93/114/103 109/126/103 94/116/103
f 86/115/104 102/127/104 87/117/104
f 94/116/105 110/128/105 95/101/105
f 87/117/106 103/129/106 88/102/106
f 96/103/107 110/128/107 111/130/107
f 88/102/108 104/131/108 89/104/108
f 96/103/109 112/132/109 97/105/109
f 89/104/110 105/133/110 90/106/110
f 98/107/111 112/132/111 113/118/111
f 90/106/112 106/134/112 91/108/112
f 102/127/113 118/135/113 103/129/113
f 111/130/114 125/136/114 126/137/114
f 103/129/115 119/138/115 104/131/115
f 112/132/116 126/137/116 127/139/116
f 105/133/117 119/138/117 120/140/117
f 113/118/118 127/139/118 128/141/118
f 105/133/119 121/142/119 106/134/119
f 113/118/120 129/143/120 114/119/120
f 106/134/121 122/144/121 107/120/121
f 100/122/122 970/145/122 115/146/122
f 1376/147/123 114/119/123 129/143/123
f 107/120/124 123/148/124 108/124/124
f 100/122/125 116/149/125 101/125/125
f 108/124/126 124/150/126 109/126/126
f 102/127/127 116/149/127 117/151/127
f 109/126/128 125/136/128 110/128/128
f 122/144/129 136/152/129 137/153/129
f 115/146/130 970/154/130 130/155/130
f 1376/156/131 129/143/131 144/157/131
f 122/144/132 138/158/132 123/148/132
f 115/146/133 131/159/133 116/149/133
f 123/148/134 139/160/134 124/150/134
f 116/149/135 132/161/135 117/151/135
f 124/150/136 140/162/136 125/136/136
f 117/151/137 133/163/137 118/135/137
f 125/136/138 141/164/138 126/137/138
f 119/138/139 133/163/139 134/165/139
f 127/139/140 141/164/140 142/166/140
f 119/138/141 135/167/141 120/140/141
f 127/139/142 143/168/142 128/141/142
f 120/140/143 136/152/143 121/142/143
f 128/141/144 144/157/144 129/143/144
f 140/162/145 156/169/145 141/164/145
f 133/163/146 149/170/146 134/165/146
f 142/166/147 156/169/147 157/171/147
f 134/165/148 150/172/148 135/167/148
f 143/168/149 157/171/149 158/173/149
f 135/167/150 151/174/150 136/152/150
f 144/157/151 158/173/151 159/175/151
f 136/152/152 152/176/152 137/153/152
f 130/155/153 970/177/153 145/178/153
f 1376/179/154 144/157/154 159/175/154
f 137/153/155 153/180/155 138/158/155
f 130/155/156 146/181/156 131/159/156
f 138/158/157 154/182/157 139/160/157
f 132/161/158 146/181/158 147/183/158
f 139/160/159 155/184/159 140/162/159
f 132/161/160 148/185/160 133/163/160
f 145/178/161 970/186/161 160/187/161
f 1376/188/162 159/175/162 174/189/162
f 152/176/163 168/190/163 153/180/163
f 145/178/164 161/191/164 146/181/164
f 153/180/165 169/192/165 154/182/165
f 147/183/166 161/191/166 162/193/166
f 154/182/167 170/194/167 155/184/167
f 147/183/168 163/195/168 148/185/168
f 155/184/169 171/196/169 156/169/169
f 148/185/170 164/197/170 149/170/170
f 156/169/171 172/198/171 157/171/171
f 149/170/172 165/199/172 150/172/172
f 157/171/173 173/200/173 158/173/173
f 150/172/174 166/201/174 151/174/174
f 158/173/175 174/189/175 159/175/175
f 151/174/176 167/202/176 152/176/176
f 163/195/177 179/203/177 164/197/177
f 171/196/178 187/204/178 172/198/178
f 164/197/179 180/205/179 165/199/179
f 173/200/180 187/204/180 188/206/180
f 165/199/181 181/207/181 166/201/181
f 174/189/182 188/206/182 189/208/182
f 167/202/183 181/207/183 182/209/183
f 160/187/184 970/210/184 175/211/184
f 1376/212/185 174/189/185 189/208/185
f 167/202/186 183/213/186 168/190/186
f 160/187/187 176/214/187 161/191/187
f 169/192/188 183/213/188 184/215/188
f 161/191/189 177/216/189 162/193/189
f 169/192/190 185/217/190 170/194/190
f 163/195/191 177/216/191 178/218/191
f 170/194/192 186/219/192 171/196/192
f 182/209/193 198/220/193 183/213/193
f 175/211/194 191/221/194 176/214/194
f 183/213/195 199/222/195 184/215/195
f 176/214/196 192/223/196 177/216/196
f 185/217/197 199/222/197 200/224/197
f 177/216/198 193/225/198 178/218/198
f 186/219/199 200/224/199 201/226/199
f 178/218/200 194/227/200 179/203/200
f 187/204/201 201/226/201 202/228/201
f 179/203/202 195/229/202 180/205/202
f 187/204/203 203/230/203 188/206/203
f 180/205/204 196/231/204 181/207/204
f 189/208/205 203/230/205 204/232/205
f 181/207/206 197/233/206 182/209/206
f 175/211/207 970/234/207 190/235/207
f 1376/236/208 189/208/208 204/232/208
f 201/226/209 217/237/209 202/228/209
f 194/227/210 210/238/210 195/229/210
f 202/228/211 218/239/211 203/230/211
f 196/231/212 210/238/212 211/240/212
f 203/230/213 219/241/213 204/232/213
f 197/233/214 211/240/214 212/242/214
f 190/235/215 970/243/215 205/244/215
f 1376/245/216 204/232/216 219/241/216
f 197/233/217 213/246/217 198/220/217
f 190/235/218 206/247/218 191/221/218
f 198/220/219 214/248/219 199/222/219
f 192/223/220 206/247/220 207/249/220
f 199/222/221 215/250/221 200/224/221
f 192/223/222 208/251/222 193/225/222
f 200/224/223 216/252/223 201/226/223
f 193/225/224 209/253/224 194/227/224
f 213/246/225 229/254/225 214/248/225
f 206/247/226 222/255/226 207/249/226
f 214/248/227 230/256/227 215/250/227
f 207/249/228 223/257/228 208/251/228
f 215/250/229 231/258/229 216/252/229
f 208/251/230 224/259/230 209/253/230
f 216/252/231 232/260/231 217/237/231
f 209/253/232 225/261/232 210/238/232
f 217/237/233 233/262/233 218/239/233
f 210/238/234 226/263/234 211/240/234
f 218/239/235 234/264/235 219/241/235
f 212/242/236 226/263/236 227/265/236
f 205/244/237 970/266/237 220/267/237
f 1376/268/238 219/241/238 234/264/238
f 212/242/239 228/269/239 213/246/239
f 205/244/240 221/270/240 206/247/240
f 232/260/241 248/271/241 233/262/241
f 225/261/242 241/272/242 226/263/242
f 233/262/243 249/273/243 234/264/243
f 226/263/244 242/274/244 227/265/244
f 220/267/245 970/275/245 235/276/245
f 1376/277/246 234/264/246 249/273/246
f 227/265/247 243/278/247 228/269/247
f 220/267/248 236/279/248 221/270/248
f 228/269/249 244/280/249 229/254/249
f 221/270/250 237/281/250 222/255/250
f 229/254/251 245/282/251 230/256/251
f 222/255/252 238/283/252 223/257/252
f 230/256/253 246/284/253 231/258/253
f 223/257/254 239/285/254 224/259/254
f 231/258/255 247/286/255 232/260/255
f 224/259/256 240/287/256 225/261/256
f 236/279/257 252/288/257 237/281/257
f 244/280/258 260/289/258 245/282/258
f 237/281/259 253/290/259 238/283/259
f 246/284/260 260/289/260 261/291/260
f 238/283/261 254/292/261 239/285/261
f 246/284/262 262/293/262 247/286/262
f 240/287/263 254/292/263 255/294/263
f 247/286/264 263/295/264 248/271/264
f 240/287/265 256/296/265 241/272/265
f 248/271/266 264/297/266 249/273/266
f 241/272/267 257/298/267 242/274/267
f 235/276/268 970/299/268 250/300/268
f 1376/301/269 249/273/269 264/297/269
f 242/274/270 258/302/270 243/278/270
f 235/276/271 251/303/271 236/279/271
f 243/278/272 259/304/272 244/280/272
f 255/294/273 271/305/273 256/296/273
f 263/295/274 279/306/274 264/297/274
f 257/298/275 271/305/275 272/307/275
f 250/300/276 970/308/276 265/309/276
f 1376/310/277 264/297/277 279/306/277
f 257/298/278 273/311/278 258/302/278
f 250/300/279 266/312/279 251/303/279
f 259/304/280 273/311/280 274/313/280
f 251/303/281 267/314/281 252/288/281
f 259/304/282 275/315/282 260/289/282
f 252/288/283 268/316/283 253/290/283
f 260/289/284 276/317/284 261/291/284
f 253/290/285 269/318/285 254/292/285
f 262/293/286 276/317/286 277/319/286
f 255/294/287 269/318/287 270/320/287
f 263/295/288 277/319/288 278/321/288
f 274/313/289 290/322/289 275/315/289
f 268/316/290 282/323/290 283/324/290
f 275/315/291 291/325/291 276/317/291
f 268/316/292 284/326/292 269/318/292
f 276/317/293 292/327/293 277/319/293
f 270/320/294 284/326/294 285/328/294
f 277/319/295 293/329/295 278/321/295
f 270/320/296 286/330/296 271/305/296
f 279/306/297 293/329/297 294/331/297
f 272/307/298 286/330/298 287/332/298
f 265/309/299 970/333/299 280/334/299
f 1376/335/300 279/306/300 294/331/300
f 272/307/301 288/336/301 273/311/301
f 265/309/302 281/337/302 266/312/302
f 274/313/303 288/336/303 289/338/303
f 267/314/304 281/337/304 282/323/304
f 293/329/305 309/339/305 294/331/305
f 286/330/306 302/340/306 287/332/306
f 280/334/307 970/341/307 295/342/307
f 1376/343/308 294/331/308 309/339/308
f 287/332/309 303/344/309 288/336/309
f 280/334/310 296/345/310 281/337/310
f 288/336/311 304/346/311 289/338/311
f 282/323/312 296/345/312 297/347/312
f 289/338/313 305/348/313 290/322/313
f 282/323/314 298/349/314 283/324/314
f 290/322/315 306/350/315 291/325/315
f 283/324/316 299/351/316 284/326/316
f 291/325/317 307/352/317 292/327/317
f 284/326/318 300/353/318 285/328/318
f 292/327/319 308/354/319 293/329/319
f 285/328/320 301/355/320 286/330/320
f 297/347/321 313/356/321 298/349/321
f 306/350/322 320/357/322 321/358/322
f 298/349/323 314/359/323 299/351/323
f 307/352/324 321/358/324 322/360/324
f 299/351/325 315/361/325 300/353/325
f 307/352/326 323/362/326 308/354/326
f 301/355/327 315/361/327 316/363/327
f 309/339/328 323/362/328 324/364/328
f 302/340/329 316/363/329 317/365/329
f 295/342/330 970/366/330 310/367/330
f 1376/368/331 309/339/331 324/364/331
f 302/340/332 318/369/332 303/344/332
f 295/342/333 311/370/333 296/345/333
f 303/344/334 319/371/334 304/346/334
f 296/345/335 312/372/335 297/347/335
f 304/346/336 320/357/336 305/348/336
f 317/365/337 331/373/337 332/374/337
f 310/367/338 970/375/338 325/376/338
f 1376/377/339 324/364/339 339/378/339
f 317/365/340 333/379/340 318/369/340
f 311/370/341 325/376/341 326/380/341
f 318/369/342 334/381/342 319/371/342
f 312/372/343 326/380/343 327/382/343
f 319/371/344 335/383/344 320/357/344
f 312/372/345 328/384/345 313/356/345
f 321/358/346 335/383/346 336/385/346
f 313/356/347 329/386/347 314/359/347
f 322/360/348 336/385/348 337/387/348
f 314/359/349 330/388/349 315/361/349
f 322/360/350 338/389/350 323/362/350
f 315/361/351 331/373/351 316/363/351
f 323/362/352 339/378/352 324/364/352
f 336/385/353 350/390/353 351/391/353
f 328/384/354 344/392/354 329/386/354
f 337/387/355 351/391/355 352/393/355
f 329/386/356 345/394/356 330/388/356
f 337/387/357 353/395/357 338/389/357
f 331/373/358 345/394/358 346/396/358
f 338/389/359 354/397/359 339/378/359
f 331/373/360 347/398/360 332/374/360
f 325/376/361 970/399/361 340/400/361
f 1376/401/362 339/378/362 354/397/362
f 332/374/363 348/402/363 333/379/363
f 325/376/364 341/403/364 326/380/364
f 333/379/365 349/404/365 334/381/365
f 327/382/366 341/403/366 342/405/366
f 334/381/367 350/390/367 335/383/367
f 327/382/368 343/406/368 328/384/368
f 1376/407/369 354/397/369 369/408/369
f 348/402/370 362/409/370 363/410/370
f 341/403/371 355/411/371 356/412/371
f 348/402/372 364/413/372 349/404/372
f 341/403/373 357/414/373 342/405/373
f 349/404/374 365/415/374 350/390/374
f 343/406/375 357/414/375 358/416/375
f 350/390/376 366/417/376 351/391/376
f 343/406/377 359/418/377 344/392/377
f 352/393/378 366/417/378 367/419/378
f 344/392/379 360/420/379 345/394/379
f 352/393/380 368/421/380 353/395/380
f 345/394/381 361/422/381 346/396/381
f 353/395/382 369/408/382 354/397/382
f 346/396/383 362/409/383 347/398/383
f 340/400/384 970/423/384 355/411/384
f 367/419/385 381/424/385 382/425/385
f 360/420/386 374/426/386 375/427/386
f 367/419/387 383/428/387 368/421/387
f 360/420/388 376/429/388 361/422/388
f 369/408/389 383/428/389 384/430/389
f 362/409/390 376/429/390 377/431/390
f 355/411/391 970/432/391 370/433/391
f 1376/434/392 369/408/392 384/430/392
f 363/410/393 377/431/393 378/435/393
f 355/411/394 371/436/394 356/412/394
f 364/413/395 378/435/395 379/437/395
f 356/412/396 372/438/396 357/414/396
f 364/413/397 380/439/397 365/415/397
f 357/414/398 373/440/398 358/416/398
f 365/415/399 381/424/399 366/417/399
f 358/416/400 374/426/400 359/418/400
f 371/436/401 385/441/401 386/442/401
f 378/435/402 394/443/402 379/437/402
f 372/438/403 386/442/403 387/444/403
f 379/437/404 395/445/404 380/439/404
f 372/438/405 388/446/405 373/440/405
f 381/424/406 395/445/406 396/447/406
f 373/440/407 389/448/407 374/426/407
f 381/424/408 397/449/408 382/425/408
f 375/427/409 389/448/409 390/450/409
f 382/425/410 398/451/410 383/428/410
f 375/427/411 391/452/411 376/429/411
f 383/428/412 399/453/412 384/430/412
f 376/429/413 392/454/413 377/431/413
f 370/433/414 970/455/414 385/441/414
f 1376/456/415 384/430/415 399/453/415
f 377/431/416 393/457/416 378/435/416
f 389/448/417 405/458/417 390/450/417
f 397/449/418 413/459/418 398/451/418
f 390/450/419 406/460/419 391/452/419
f 398/451/420 414/461/420 399/453/420
f 392/454/421 406/460/421 407/462/421
f 385/441/422 970/463/422 400/464/422
f 1376/465/423 399/453/423 414/461/423
f 392/454/424 408/466/424 393/457/424
f 385/441/425 401/467/425 386/442/425
f 393/457/426 409/468/426 394/443/426
f 387/444/427 401/467/427 402/469/427
f 394/443/428 410/470/428 395/445/428
f 387/444/429 403/471/429 388/446/429
f 396/447/430 410/470/430 411/472/430
f 388/446/431 404/473/431 389/448/431
f 396/447/432 412/474/432 397/449/432
f 409/468/433 423/475/433 424/476/433
f 401/467/434 417/477/434 402/469/434
f 409/468/435 425/478/435 410/470/435
f 402/469/436 418/479/436 403/471/436
f 411/472/437 425/478/437 426/480/437
f 404/473/438 418/479/438 419/481/438
f 412/474/439 426/480/439 427/482/439
f 404/473/440 420/483/440 405/458/440
f 413/459/441 427/482/441 428/484/441
f 405/458/442 421/485/442 406/460/442
f 413/459/443 429/486/443 414/461/443
f 407/462/444 421/485/444 422/487/444
f 400/464/445 970/488/445 415/489/445
f 1376/490/446 414/461/446 429/486/446
f 407/462/447 423/475/447 408/466/447
f 400/464/448 416/491/448 401/467/448
f 427/482/449 443/492/449 428/484/449
f 421/485/450 435/493/450 436/494/450
f 428/484/451 444/495/451 429/486/451
f 422/487/452 436/494/452 437/496/452
f 415/489/453 970/497/453 430/498/453
f 1376/499/454 429/486/454 444/495/454
f 422/487/455 438/500/455 423/475/455
f 415/489/456 431/501/456 416/491/456
f 423/475/457 439/502/457 424/476/457
f 416/491/458 432/503/458 417/477/458
f 424/476/459 440/504/459 425/478/459
f 418/479/460 432/503/460 433/505/460
f 425/478/461 441/506/461 426/480/461
f 419/481/462 433/505/462 434/507/462
f 427/482/463 441/506/463 442/508/463
f 420/483/464 434/507/464 435/493/464
f 432/503/465 446/509/465 447/510/465
f 439/502/466 455/511/466 440/504/466
f 432/503/467 448/512/467 433/505/467
f 440/504/468 456/513/468 441/506/468
f 433/505/469 449/514/469 434/507/469
f 441/506/470 457/515/470 442/508/470
f 435/493/471 449/514/471 450/516/471
f 443/492/472 457/515/472 458/517/472
f 436/494/473 450/516/473 451/518/473
f 443/492/474 459/519/474 444/495/474
f 437/496/475 451/518/475 452/520/475
f 430/498/476 970/521/476 445/522/476
f 1376/523/477 444/495/477 459/519/477
f 437/496/478 453/524/478 438/500/478
f 430/498/479 446/509/479 431/501/479
f 438/500/480 454/525/480 439/502/480
f 450/516/481 466/526/481 451/518/481
f 459/519/482 473/527/482 474/528/482
f 452/520/483 466/526/483 467/529/483
f 445/522/484 970/530/484 460/531/484
f 1376/532/485 459/519/485 474/528/485
f 452/520/486 468/533/486 453/524/486
f 445/522/487 461/534/487 446/509/487
f 453/524/488 469/535/488 454/525/488
f 446/509/489 462/536/489 447/510/489
f 454/525/490 470/537/490 455/511/490
f 447/510/491 463/538/491 448/512/491
f 455/511/492 471/539/492 456/513/492
f 448/512/493 464/540/493 449/514/493
f 457/515/494 471/539/494 472/541/494
f 450/516/495 464/540/495 465/542/495
f 457/515/496 473/527/496 458/517/496
f 469/535/497 485/543/497 470/537/497
f 462/536/498 478/544/498 463/538/498
f 471/539/499 485/543/499 486/545/499
f 463/538/500 479/546/500 464/540/500
f 472/541/501 486/545/501 487/547/501
f 464/540/502 480/548/502 465/542/502
f 472/541/503 488/549/503 473/527/503
f 466/526/504 480/548/504 481/550/504
f 473/527/505 489/551/505 474/528/505
f 466/526/506 482/552/506 467/529/506
f 460/531/507 970/553/507 475/554/507
f 1376/555/508 474/528/508 489/551/508
f 467/529/509 483/556/509 468/533/509
f 460/531/510 476/557/510 461/534/510
f 468/533/511 484/558/511 469/535/511
f 462/536/512 476/557/512 477/559/512
f 488/549/513 504/560/513 489/551/513
f 482/552/514 496/561/514 497/562/514
f 475/554/515 970/563/515 490/564/515
f 1376/565/516 489/551/516 504/560/516
f 482/552/517 498/566/517 483/556/517
f 475/554/518 491/567/518 476/557/518
f 483/556/519 499/568/519 484/558/519
f 476/557/520 492/569/520 477/559/520
f 484/558/521 500/570/521 485/543/521
f 477/559/522 493/571/522 478/544/522
f 485/543/523 501/572/523 486/545/523
f 478/544/524 494/573/524 479/546/524
f 486/545/525 502/574/525 487/547/525
f 480/548/526 494/573/526 495/575/526
f 488/549/527 502/574/527 503/576/527
f 480/548/528 496/561/528 481/550/528
f 500/570/529 516/577/529 501/572/529
f 493/571/530 509/578/530 494/573/530
f 501/572/531 517/579/531 502/574/531
f 494/573/532 510/580/532 495/575/532
f 503/576/533 517/579/533 518/581/533
f 495/575/534 511/582/534 496/561/534
f 503/576/535 519/583/535 504/560/535
f 497/562/536 511/582/536 512/584/536
f 490/564/537 970/585/537 505/586/537
f 1376/587/538 504/560/538 519/583/538
f 497/562/539 513/588/539 498/566/539
f 490/564/540 506/589/540 491/567/540
f 498/566/541 514/590/541 499/568/541
f 491/567/542 507/591/542 492/569/542
f 499/568/543 515/592/543 500/570/543
f 492/569/544 508/593/544 493/571/544
f 505/586/545 970/594/545 520/595/545
f 1376/596/546 519/583/546 534/597/546
f 512/584/547 528/598/547 513/588/547
f 506/589/548 520/595/548 521/599/548
f 513/588/549 529/600/549 514/590/549
f 507/591/550 521/599/550 522/601/550
f 514/590/551 530/602/551 515/592/551
f 507/591/552 523/603/552 508/593/552
f 516/577/553 530/602/553 531/604/553
f 508/593/554 524/605/554 509/578/554
f 517/579/555 531/604/555 532/606/555
f 510/580/556 524/605/556 525/607/556
f 517/579/557 533/608/557 518/581/557
f 510/580/558 526/609/558 511/582/558
f 518/581/559 534/597/559 519/583/559
f 511/582/560 527/610/560 512/584/560
f 523/603/561 539/611/561 524/605/561
f 532/606/562 546/612/562 547/613/562
f 525/607/563 539/611/563 540/614/563
f 532/606/564 548/615/564 533/608/564
f 525/607/565 541/616/565 526/609/565
f 533/608/566 549/617/566 534/597/566
f 527/610/567 541/616/567 542/618/567
f 520/595/568 970/619/568 535/620/568
f 1376/621/569 534/597/569 549/617/569
f 527/610/570 543/622/570 528/598/570
f 520/595/571 536/623/571 521/599/571
f 529/600/572 543/622/572 544/624/572
f 521/599/573 537/625/573 522/601/573
f 529/600/574 545/626/574 530/602/574
f 523/603/575 537/625/575 538/627/575
f 530/602/576 546/612/576 531/604/576
f 542/618/577 558/628/577 543/622/577
f 536/623/578 550/629/578 551/630/578
f 543/622/579 559/631/579 544/624/579
f 536/623/580 552/632/580 537/625/580
f 544/624/581 560/633/581 545/626/581
f 537/625/582 553/634/582 538/627/582
f 545/626/583 561/635/583 546/612/583
f 538/627/584 554/636/584 539/611/584
f 547/613/585 561/635/585 562/637/585
f 540/614/586 554/636/586 555/638/586
f 547/613/587 563/639/587 548/615/587
f 540/614/588 556/640/588 541/616/588
f 548/615/589 564/641/589 549/617/589
f 542/618/590 556/640/590 557/642/590
f 535/620/591 970/643/591 550/629/591
f 1376/644/592 549/617/592 564/641/592
f 562/637/593 576/645/593 577/646/593
f 555/638/594 569/647/594 570/648/594
f 563/639/595 577/646/595 578/649/595
f 555/638/596 571/650/596 556/640/596
f 563/639/597 579/651/597 564/641/597
f 556/640/598 572/652/598 557/642/598
f 550/629/599 970/653/599 565/654/599
f 1376/655/600 564/641/600 579/651/600
f 557/642/601 573/656/601 558/628/601
f 550/629/602 566/657/602 551/630/602
f 559/631/603 573/656/603 574/658/603
f 552/632/604 566/657/604 567/659/604
f 559/631/605 575/660/605 560/633/605
f 552/632/606 568/661/606 553/634/606
f 560/633/607 576/645/607 561/635/607
f 553/634/608 569/647/608 554/636/608
f 566/657/609 580/662/609 581/663/609
f 573/656/610 589/664/610 574/658/610
f 567/659/611 581/663/611 582/665/611
f 574/658/612 590/666/612 575/660/612
f 567/659/613 583/667/613 568/661/613
f 576/645/614 590/666/614 591/668/614
f 568/661/615 584/669/615 569/647/615
f 577/646/616 591/668/616 592/670/616
f 570/648/617 584/669/617 585/671/617
f 577/646/618 593/672/618 578/649/618
f 570/648/619 586/673/619 571/650/619
f 578/649/620 594/674/620 579/651/620
f 572/652/621 586/673/621 587/675/621
f 565/654/622 970/676/622 580/662/622
f 1376/677/623 579/651/623 594/674/623
f 572/652/624 588/678/624 573/656/624
f 585/671/625 599/679/625 600/680/625
f 593/672/626 607/681/626 608/682/626
f 586/673/627 600/680/627 601/683/627
f 593/672/628 609/684/628 594/674/628
f 587/675/629 601/683/629 602/685/629
f 580/662/630 970/686/630 595/687/630
f 1376/688/631 594/674/631 609/684/631
f 587/675/632 603/689/632 588/678/632
f 580/662/633 596/690/633 581/663/633
f 588/678/634 604/691/634 589/664/634
f 582/665/635 596/690/635 597/692/635
f 589/664/636 605/693/636 590/666/636
f 582/665/637 598/694/637 583/667/637
f 591/668/638 605/693/638 606/695/638
f 583/667/639 599/679/639 584/669/639
f 592/670/640 606/695/640 607/681/640
f 603/689/641 619/696/641 604/691/641
f 597/692/642 611/697/642 612/698/642
f 604/691/643 620/699/643 605/693/643
f 597/692/644 613/700/644 598/694/644
f 606/695/645 620/699/645 621/701/645
f 598/694/646 614/702/646 599/679/646
f 606/695/647 622/703/647 607/681/647
f 600/680/648 614/702/648 615/704/648
f 607/681/649 623/705/649 608/682/649
f 600/680/650 616/706/650 601/683/650
f 609/684/651 623/705/651 624/707/651
f 601/683/652 617/708/652 602/685/652
f 595/687/653 970/709/653 610/710/653
f 1376/711/654 609/684/654 624/707/654
f 602/685/655 618/712/655 603/689/655
f 595/687/656 611/697/656 596/690/656
f 623/705/657 637/713/657 638/714/657
f 615/704/658 631/715/658 616/706/658
f 623/705/659 639/716/659 624/707/659
f 616/706/660 632/717/660 617/708/660
f 610/710/661 970/718/661 625/719/661
f 1376/720/662 624/707/662 639/716/662
f 617/708/663 633/721/663 618/712/663
f 610/710/664 626/722/664 611/697/664
f 618/712/665 634/723/665 619/696/665
f 611/697/666 627/724/666 612/698/666
f 619/696/667 635/725/667 620/699/667
f 612/698/668 628/726/668 613/700/668
f 620/699/669 636/727/669 621/701/669
f 613/700/670 629/728/670 614/702/670
f 622/703/671 636/727/671 637/713/671
f 615/704/672 629/728/672 630/729/672
f 634/723/673 650/730/673 635/725/673
f 627/724/674 643/731/674 628/726/674
f 636/727/675 650/730/675 651/732/675
f 628/726/676 644/733/676 629/728/676
f 637/713/677 651/732/677 652/734/677
f 630/729/678 644/733/678 645/735/678
f 637/713/679 653/736/679 638/714/679
f 630/729/680 646/737/680 631/715/680
f 638/714/681 654/738/681 639/716/681
f 632/717/682 646/737/682 647/739/682
f 625/719/683 970/740/683 640/741/683
f 1376/742/684 639/716/684 654/738/684
f 632/717/685 648/743/685 633/721/685
f 625/719/686 641/744/686 626/722/686
f 633/721/687 649/745/687 634/723/687
f 627/724/688 641/744/688 642/746/688
f 653/736/689 669/747/689 654/738/689
f 646/737/690 662/748/690 647/739/690
f 640/741/691 970/749/691 655/750/691
f 1376/751/692 654/738/692 669/747/692
f 647/739/693 663/752/693 648/743/693
f 640/741/694 656/753/694 641/744/694
f 648/743/695 664/754/695 649/745/695
f 642/746/696 656/753/696 657/755/696
f 649/745/697 665/756/697 650/730/697
f 642/746/698 658/757/698 643/731/698
f 651/732/699 665/756/699 666/758/699
f 643/731/700 659/759/700 644/733/700
f 652/734/701 666/758/701 667/760/701
f 645/735/702 659/759/702 660/761/702
f 652/734/703 668/762/703 653/736/703
f 646/737/704 660/761/704 661/763/704
f 657/755/705 673/764/705 658/757/705
f 666/758/706 680/765/706 681/766/706
f 658/757/707 674/767/707 659/759/707
f 667/760/708 681/766/708 682/768/708
f 660/761/709 674/767/709 675/769/709
f 667/760/710 683/770/710 668/762/710
f 660/761/711 676/771/711 661/763/711
f 668/762/712 684/772/712 669/747/712
f 661/763/713 677/773/713 662/748/713
f 655/750/714 970/774/714 670/775/714
f 1376/776/715 669/747/715 684/772/715
f 662/748/716 678/777/716 663/752/716
f 655/750/717 671/778/717 656/753/717
f 663/752/718 679/779/718 664/754/718
f 656/753/719 672/780/719 657/755/719
f 664/754/720 680/765/720 665/756/720
f 677/773/721 691/781/721 692/782/721
f 670/775/722 970/783/722 685/784/722
f 1376/785/723 684/772/723 699/786/723
f 677/773/724 693/787/724 678/777/724
f 670/775/725 686/788/725 671/778/725
f 678/777/726 694/789/726 679/779/726
f 672/780/727 686/788/727 687/790/727
f 679/779/728 695/791/728 680/765/728
f 672/780/729 688/792/729 673/764/729
f 681/766/730 695/791/730 696/793/730
f 673/764/731 689/794/731 674/767/731
f 681/766/732 697/795/732 682/768/732
f 675/769/733 689/794/733 690/796/733
f 682/768/734 698/797/734 683/770/734
f 675/769/735 691/781/735 676/771/735
f 683/770/736 699/786/736 684/772/736
f 696/793/737 710/798/737 711/799/737
f 688/792/738 704/800/738 689/794/738
f 696/793/739 712/801/739 697/795/739
f 689/794/740 705/802/740 690/796/740
f 697/795/741 713/803/741 698/797/741
f 690/796/742 706/804/742 691/781/742
f 698/797/743 714/805/743 699/786/743
f 692/782/744 706/804/744 707/806/744
f 685/784/745 970/807/745 700/808/745
f 1376/809/746 699/786/746 714/805/746
f 692/782/747 708/810/747 693/787/747
f 685/784/748 701/811/748 686/788/748
f 693/787/749 709/812/749 694/789/749
f 686/788/750 702/813/750 687/790/750
f 694/789/751 710/798/751 695/791/751
f 687/790/752 703/814/752 688/792/752
f 700/808/753 970/815/753 715/816/753
f 1376/817/754 714/805/754 729/818/754
f 707/806/755 723/819/755 708/810/755
f 700/808/756 716/820/756 701/811/756
f 708/810/757 724/821/757 709/812/757
f 702/813/758 716/820/758 717/822/758
f 709/812/759 725/823/759 710/798/759
f 702/813/760 718/824/760 703/814/760
f 711/799/761 725/823/761 726/825/761
f 703/814/762 719/826/762 704/800/762
f 711/799/763 727/827/763 712/801/763
f 705/802/764 719/826/764 720/828/764
f 712/801/765 728/829/765 713/803/765
f 706/804/766 720/828/766 721/830/766
f 713/803/767 729/818/767 714/805/767
f 707/806/768 721/830/768 722/831/768
f 718/824/769 734/832/769 719/826/769
f 726/825/770 742/833/770 727/827/770
f 719/826/771 735/834/771 720/828/771
f 727/827/772 743/835/772 728/829/772
f 720/828/773 736/836/773 721/830/773
f 728/829/774 744/837/774 729/818/774
f 722/831/775 736/836/775 737/838/775
f 715/816/776 970/839/776 730/840/776
f 1376/841/777 729/818/777 744/837/777
f 722/831/778 738/842/778 723/819/778
f 715/816/779 731/843/779 716/820/779
f 723/819/780 739/844/780 724/821/780
f 716/820/781 732/845/781 717/822/781
f 724/821/782 740/846/782 725/823/782
f 717/822/783 733/847/783 718/824/783
f 726/825/784 740/846/784 741/848/784
f 737/838/785 753/849/785 738/842/785
f 731/843/786 745/850/786 746/851/786
f 738/842/787 754/852/787 739/844/787
f 731/843/788 747/853/788 732/845/788
f 739/844/789 755/854/789 740/846/789
f 732/845/790 748/855/790 733/847/790
f 741/848/791 755/854/791 756/856/791
f 733/847/792 749/857/792 734/832/792
f 741/848/793 757/858/793 742/833/793
f 735/834/794 749/857/794 750/859/794
f 743/835/795 757/858/795 758/860/795
f 736/836/796 750/859/796 751/861/796
f 744/837/797 758/860/797 759/862/797
f 736/836/798 752/863/798 737/838/798
f 730/840/799 970/864/799 745/850/799
f 1376/865/800 744/837/800 759/862/800
f 750/859/801 764/866/801 765/867/801
f 757/858/802 773/868/802 758/860/802
f 750/859/803 766/869/803 751/861/803
f 759/862/804 773/868/804 774/870/804
f 752/863/805 766/869/805 767/871/805
f 1376/872/806 759/862/806 774/870/806
f 745/850/807 970/873/807 760/874/807
f 752/863/808 768/875/808 753/849/808
f 745/850/809 761/876/809 746/851/809
f 753/849/810 769/877/810 754/852/810
f 747/853/811 761/876/811 762/878/811
f 754/852/812 770/879/812 755/854/812
f 748/855/813 762/878/813 763/880/813
f 756/856/814 770/879/814 771/881/814
f 748/855/815 764/866/815 749/857/815
f 757/858/816 771/881/816 772/882/816
f 768/875/817 784/883/817 769/877/817
f 762/878/818 776/884/818 777/885/818
f 769/877/819 785/886/819 770/879/819
f 762/878/820 778/887/820 763/880/820
f 771/881/821 785/886/821 786/888/821
f 763/880/822 779/889/822 764/866/822
f 772/882/823 786/888/823 787/890/823
f 765/867/824 779/889/824 780/891/824
f 772/882/825 788/892/825 773/868/825
f 766/869/826 780/891/826 781/893/826
f 773/868/827 789/894/827 774/870/827
f 766/869/828 782/895/828 767/871/828
f 760/874/829 970/896/829 775/897/829
f 1376/898/830 774/870/830 789/894/830
f 767/871/831 783/899/831 768/875/831
f 760/874/832 776/884/832 761/876/832
f 788/892/833 802/900/833 803/901/833
f 781/893/834 795/902/834 796/903/834
f 788/892/835 804/904/835 789/894/835
f 782/895/836 796/903/836 797/905/836
f 775/897/837 970/906/837 790/907/837
f 1376/908/838 789/894/838 804/904/838
f 782/895/839 798/909/839 783/899/839
f 775/897/840 791/910/840 776/884/840
f 783/899/841 799/911/841 784/883/841
f 776/884/842 792/912/842 777/885/842
f 784/883/843 800/913/843 785/886/843
f 777/885/844 793/914/844 778/887/844
f 786/888/845 800/913/845 801/915/845
f 778/887/846 794/916/846 779/889/846
f 787/890/847 801/915/847 802/900/847
f 780/891/848 794/916/848 795/902/848
f 792/912/849 806/917/849 807/918/849
f 799/911/850 815/919/850 800/913/850
f 792/912/851 808/920/851 793/914/851
f 801/915/852 815/919/852 816/921/852
f 793/914/853 809/922/853 794/916/853
f 802/900/854 816/921/854 817/923/854
f 795/902/855 809/922/855 810/924/855
f 802/900/856 818/925/856 803/901/856
f 795/902/857 811/926/857 796/903/857
f 803/901/858 819/927/858 804/904/858
f 796/903/859 812/928/859 797/905/859
f 790/907/860 970/929/860 805/930/860
f 1376/931/861 804/904/861 819/927/861
f 797/905/862 813/932/862 798/909/862
f 791/910/863 805/930/863 806/917/863
f 799/911/864 813/932/864 814/933/864
f 811/926/865 825/934/865 826/935/865
f 818/925/866 834/936/866 819/927/866
f 811/926/867 827/937/867 812/928/867
f 805/930/868 970/938/868 820/939/868
f 1376/940/869 819/927/869 834/936/869
f 812/928/870 828/941/870 813/932/870
f 805/930/871 821/942/871 806/917/871
f 813/932/872 829/943/872 814/933/872
f 806/917/873 822/944/873 807/918/873
f 814/933/874 830/945/874 815/919/874
f 807/918/875 823/946/875 808/920/875
f 816/921/876 830/945/876 831/947/876
f 808/920/877 824/948/877 809/922/877
f 816/921/878 832/949/878 817/923/878
f 809/922/879 825/934/879 810/924/879
f 817/923/880 833/950/880 818/925/880
f 829/943/881 845/951/881 830/945/881
f 822/944/882 838/952/882 823/946/882
f 831/947/883 845/951/883 846/953/883
f 823/946/884 839/954/884 824/948/884
f 832/949/885 846/953/885 847/955/885
f 825/934/886 839/954/886 840/956/886
f 832/949/887 848/957/887 833/950/887
f 825/934/888 841/958/888 826/935/888
f 833/950/889 849/959/889 834/936/889
f 826/935/890 842/960/890 827/937/890
f 820/939/891 970/961/891 835/962/891
f 1376/963/892 834/936/892 849/959/892
f 827/937/893 843/964/893 828/941/893
f 821/942/894 835/962/894 836/965/894
f 828/941/895 844/966/895 829/943/895
f 821/942/896 837/967/896 822/944/896
f 848/957/897 864/968/897 849/959/897
f 841/958/898 857/969/898 842/960/898
f 835/962/899 970/970/899 850/971/899
f 1376/972/900 849/959/900 864/968/900
f 842/960/901 858/973/901 843/964/901
f 836/965/902 850/971/902 851/974/902
f 843/964/903 859/975/903 844/966/903
f 836/965/904 852/976/904 837/967/904
f 844/966/905 860/977/905 845/951/905
f 838/952/906 852/976/906 853/978/906
f 846/953/907 860/977/907 861/979/907
f 838/952/908 854/980/908 839/954/908
f 847/955/909 861/979/909 862/981/909
f 840/956/910 854/980/910 855/982/910
f 847/955/911 863/983/911 848/957/911
f 841/958/912 855/982/912 856/984/912
f 861/979/913 875/985/913 876/986/913
f 853/978/914 869/987/914 854/980/914
f 862/981/915 876/986/915 877/988/915
f 855/982/916 869/987/916 870/989/916
f 862/981/917 878/990/917 863/983/917
f 856/984/918 870/989/918 871/991/918
f 863/983/919 879/992/919 864/968/919
f 856/984/920 872/993/920 857/969/920
f 850/971/921 970/994/921 865/995/921
f 1376/996/922 864/968/922 879/992/922
f 857/969/923 873/997/923 858/973/923
f 850/971/924 866/998/924 851/974/924
f 858/973/925 874/999/925 859/975/925
f 852/976/926 866/998/926 867/1000/926
f 859/975/927 875/985/927 860/977/927
f 852/976/928 868/1001/928 853/978/928
f 865/995/929 970/1002/929 880/1003/929
f 1376/1004/930 879/992/930 894/1005/930
f 872/993/931 888/1006/931 873/997/931
f 865/995/932 881/1007/932 866/998/932
f 873/997/933 889/1008/933 874/999/933
f 866/998/934 882/1009/934 867/1000/934
f 874/999/935 890/1010/935 875/985/935
f 868/1001/936 882/1009/936 883/1011/936
f 876/986/937 890/1010/937 891/1012/937
f 868/1001/938 884/1013/938 869/987/938
f 877/988/939 891/1012/939 892/1014/939
f 869/987/940 885/1015/940 870/989/940
f 877/988/941 893/1016/941 878/990/941
f 870/989/942 886/1017/942 871/991/942
f 878/990/943 894/1005/943 879/992/943
f 871/991/944 887/1018/944 872/993/944
f 883/1011/945 899/1019/945 884/1013/945
f 892/1014/946 906/1020/946 907/1021/946
f 884/1013/947 900/1022/947 885/1015/947
f 893/1016/948 907/1021/948 908/1023/948
f 886/1017/949 900/1022/949 901/1024/949
f 893/1016/950 909/1025/950 894/1005/950
f 886/1017/951 902/1026/951 887/1018/951
f 880/1003/952 970/1027/952 895/1028/952
f 1376/1029/953 894/1005/953 909/1025/953
f 887/1018/954 903/1030/954 888/1006/954
f 880/1003/955 896/1031/955 881/1007/955
f 888/1006/956 904/1032/956 889/1008/956
f 881/1007/957 897/1033/957 882/1009/957
f 889/1008/958 905/1034/958 890/1010/958
f 882/1009/959 898/1035/959 883/1011/959
f 891/1012/960 905/1034/960 906/1020/960
f 902/1026/961 918/1036/961 903/1030/961
f 895/1028/962 911/1037/962 896/1031/962
f 903/1030/963 919/1038/963 904/1032/963
f 897/1033/964 911/1037/964 912/1039/964
f 904/1032/965 920/1040/965 905/1034/965
f 897/1033/966 913/1041/966 898/1035/966
f 906/1020/967 920/1040/967 921/1042/967
f 898/1035/968 914/1043/968 899/1019/968
f 906/1020/969 922/1044/969 907/1021/969
f 900/1022/970 914/1043/970 915/1045/970
f 907/1021/971 923/1046/971 908/1023/971
f 900/1022/972 916/1047/972 901/1024/972
f 908/1023/973 924/1048/973 909/1025/973
f 902/1026/974 916/1047/974 917/1049/974
f 895/1028/975 970/1050/975 910/1051/975
f 1376/1052/976 909/1025/976 924/1048/976
f 921/1042/977 937/1053/977 922/1044/977
f 915/1045/978 929/1054/978 930/1055/978
f 922/1044/979 938/1056/979 923/1046/979
f 916/1047/980 930/1055/980 931/1057/980
f 923/1046/981 939/1058/981 924/1048/981
f 916/1047/982 932/1059/982 917/1049/982
f 910/1051/983 970/1060/983 925/1061/983
f 1376/1062/984 924/1048/984 939/1058/984
f 917/1049/985 933/1063/985 918/1036/985
f 910/1051/986 926/1064/986 911/1037/986
f 918/1036/987 934/1065/987 919/1038/987
f 912/1039/988 926/1064/988 927/1066/988
f 919/1038/989 935/1067/989 920/1040/989
f 912/1039/990 928/1068/990 913/1041/990
f 921/1042/991 935/1067/991 936/1069/991
f 913/1041/992 929/1054/992 914/1043/992
f 925/1061/993 941/1070/993 926/1064/993
f 933/1063/994 949/1071/994 934/1065/994
f 927/1066/995 941/1070/995 942/1072/995
f 934/1065/996 950/1073/996 935/1067/996
f 927/1066/997 943/1074/997 928/1068/997
f 936/1069/998 950/1073/998 951/1075/998
f 928/1068/999 944/1076/999 929/1054/999
f 936/1069/1000 952/1077/1000 937/1053/1000
f 930/1055/1001 944/1076/1001 945/1078/1001
f 937/1053/1002 953/1079/1002 938/1056/1002
f 930/1055/1003 946/1080/1003 931/1057/1003
f 938/1056/1004 954/1081/1004 939/1058/1004
f 931/1057/1005 947/1082/1005 932/1059/1005
f 925/1061/1006 970/1083/1006 940/1084/1006
f 1376/1085/1007 939/1058/1007 954/1081/1007
f 932/1059/1008 948/1086/1008 933/1063/1008
f 945/1078/1009 959/1087/1009 960/1088/1009
f 952/1077/1010 968/1089/1010 953/1079/1010
f 946/1080/1011 960/1088/1011 961/1090/1011
f 953/1079/1012 969/1091/1012 954/1081/1012
f 946/1080/1013 962/1092/1013 947/1082/1013
f 940/1084/1014 970/1093/1014 955/1094/1014
f 1376/1095/1015 954/1081/1015 969/1091/1015
f 947/1082/1016 963/1096/1016 948/1086/1016
f 941/1070/1017 955/1094/1017 956/1097/1017
f 948/1086/1018 964/1098/1018 949/1071/1018
f 942/1072/1019 956/1097/1019 957/1099/1019
f 949/1071/1020 965/1100/1020 950/1073/1020
f 942/1072/1021 958/1101/1021 943/1074/1021
f 951/1075/1022 965/1100/1022 966/1102/1022
f 943/1074/1023 959/1087/1023 944/1076/1023
f 952/1077/1024 966/1102/1024 967/1103/1024
f 963/1096/1025 980/1104/1025 964/1098/1025
f 956/1097/1026 973/1105/1026 957/1099/1026
f 964/1098/1027 981/1106/1027 965/1100/1027
f 958/1101/1028 973/1105/1028 974/1107/1028
f 966/1102/1029 981/1106/1029 982/1108/1029
f 958/1101/1030 975/1109/1030 959/1087/1030
f 966/1102/1031 983/1110/1031 967/1103/1031
f 960/1088/1032 975/1109/1032 976/1111/1032
f 967/1103/1033 984/1112/1033 968/1089/1033
f 961/1090/1034 976/1111/1034 977/1113/1034
f 968/1089/1035 985/1114/1035 969/1091/1035
f 962/1092/1036 977/1113/1036 978/1115/1036
f 955/1094/1037 970/1116/1037 971/1117/1037
f 1376/1118/1038 969/1091/1038 985/1114/1038
f 962/1092/1039 979/1119/1039 963/1096/1039
f 955/1094/1040 972/1120/1040 956/1097/1040
f 983/1110/1041 999/1121/1041 984/1112/1041
f 977/1113/1042 991/1122/1042 992/1123/1042
f 985/1114/1043 999/1121/1043 1000/1124/1043
f 977/1113/1044 993/1125/1044 978/1115/1044
f 971/1117/1045 970/1126/1045 986/1127/1045
f 1376/1128/1046 985/1114/1046 1000/1124/1046
f 978/1115/1047 994/1129/1047 979/1119/1047
f 971/1117/1048 987/1130/1048 972/1120/1048
f 979/1119/1049 995/1131/1049 980/1104/1049
f 972/1120/1050 988/1132/1050 973/1105/1050
f 980/1104/1051 996/1133/1051 981/1106/1051
f 973/1105/1052 989/1134/1052 974/1107/1052
f 982/1108/1053 996/1133/1053 997/1135/1053
f 974/1107/1054 990/1136/1054 975/1109/1054
f 982/1108/1055 998/1137/1055 983/1110/1055
f 975/1109/1056 991/1122/1056 976/1111/1056
f 995/1131/1057 1011/1138/1057 996/1133/1057
f 989/1134/1058 1003/1139/1058 1004/1140/1058
f 997/1135/1059 1011/1138/1059 1012/1141/1059
f 989/1134/1060 1005/1142/1060 990/1136/1060
f 997/1135/1061 1013/1143/1061 998/1137/1061
f 991/1122/1062 1005/1142/1062 1006/1144/1062
f 998/1137/1063 1014/1145/1063 999/1121/1063
f 991/1122/1064 1007/1146/1064 992/1123/1064
f 999/1121/1065 1015/1147/1065 1000/1124/1065
f 992/1123/1066 1008/1148/1066 993/1125/1066
f 986/1127/1067 970/1149/1067 1001/1150/1067
f 1376/1151/1068 1000/1124/1068 1015/1147/1068
f 993/1125/1069 1009/1152/1069 994/1129/1069
f 986/1127/1070 1002/1153/1070 987/1130/1070
f 994/1129/1071 1010/1154/1071 995/1131/1071
f 987/1130/1072 1003/1139/1072 988/1132/1072
f 1015/1147/1073 1029/1155/1073 1030/1156/1073
f 1007/1146/1074 1023/1157/1074 1008/1148/1074
f 1001/1150/1075 970/1158/1075 1016/1159/1075
f 1376/1160/1076 1015/1147/1076 1030/1156/1076
f 1008/1148/1077 1024/1161/1077 1009/1152/1077
f 1001/1150/1078 1017/1162/1078 1002/1153/1078
f 1009/1152/1079 1025/1163/1079 1010/1154/1079
f 1002/1153/1080 1018/1164/1080 1003/1139/1080
f 1010/1154/1081 1026/1165/1081 1011/1138/1081
f 1004/1140/1082 1018/1164/1082 1019/1166/1082
f 1012/1141/1083 1026/1165/1083 1027/1167/1083
f 1004/1140/1084 1020/1168/1084 1005/1142/1084
f 1012/1141/1085 1028/1169/1085 1013/1143/1085
f 1006/1144/1086 1020/1168/1086 1021/1170/1086
f 1013/1143/1087 1029/1155/1087 1014/1145/1087
f 1006/1144/1088 1022/1171/1088 1007/1146/1088
f 1018/1164/1089 1034/1172/1089 1019/1166/1089
f 1027/1167/1090 1041/1173/1090 1042/1174/1090
f 1019/1166/1091 1035/1175/1091 1020/1168/1091
f 1028/1169/1092 1042/1174/1092 1043/1176/1092
f 1021/1170/1093 1035/1175/1093 1036/1177/1093
f 1028/1169/1094 1044/1178/1094 1029/1155/1094
f 1022/1171/1095 1036/1177/1095 1037/1179/1095
f 1029/1155/1096 1045/1180/1096 1030/1156/1096
f 1023/1157/1097 1037/1179/1097 1038/1181/1097
f 1016/1159/1098 970/1182/1098 1031/1183/1098
f 1376/1184/1099 1030/1156/1099 1045/1180/1099
f 1023/1157/1100 1039/1185/1100 1024/1161/1100
f 1016/1159/1101 1032/1186/1101 1017/1162/1101
f 1025/1163/1102 1039/1185/1102 1040/1187/1102
f 1017/1162/1103 1033/1188/1103 1018/1164/1103
f 1025/1163/1104 1041/1173/1104 1026/1165/1104
f 1037/1179/1105 1053/1189/1105 1038/1181/1105
f 1031/1183/1106 970/1190/1106 1046/1191/1106
f 1376/1192/1107 1045/1180/1107 1060/1193/1107
f 1038/1181/1108 1054/1194/1108 1039/1185/1108
f 1031/1183/1109 1047/1195/1109 1032/1186/1109
f 1040/1187/1110 1054/1194/1110 1055/1196/1110
f 1033/1188/1111 1047/1195/1111 1048/1197/1111
f 1040/1187/1112 1056/1198/1112 1041/1173/1112
f 1033/1188/1113 1049/1199/1113 1034/1172/1113
f 1042/1174/1114 1056/1198/1114 1057/1200/1114
f 1034/1172/1115 1050/1201/1115 1035/1175/1115
f 1043/1176/1116 1057/1200/1116 1058/1202/1116
f 1036/1177/1117 1050/1201/1117 1051/1203/1117
f 1043/1176/1118 1059/1204/1118 1044/1178/1118
f 1036/1177/1119 1052/1205/1119 1037/1179/1119
f 1044/1178/1120 1060/1193/1120 1045/1180/1120
f 1057/1200/1121 1071/1206/1121 1072/1207/1121
f 1049/1199/1122 1065/1208/1122 1050/1201/1122
f 1058/1202/1123 1072/1207/1123 1073/1209/1123
f 1051/1203/1124 1065/1208/1124 1066/1210/1124
f 1058/1202/1125 1074/1211/1125 1059/1204/1125
f 1051/1203/1126 1067/1212/1126 1052/1205/1126
f 1059/1204/1127 1075/1213/1127 1060/1193/1127
f 1052/1205/1128 1068/1214/1128 1053/1189/1128
f 1046/1191/1129 970/1215/1129 1061/1216/1129
f 1376/1217/1130 1060/1193/1130 1075/1213/1130
f 1053/1189/1131 1069/1218/1131 1054/1194/1131
f 1046/1191/1132 1062/1219/1132 1047/1195/1132
f 1054/1194/1133 1070/1220/1133 1055/1196/1133
f 1048/1197/1134 1062/1219/1134 1063/1221/1134
f 1055/1196/1135 1071/1206/1135 1056/1198/1135
f 1048/1197/1136 1064/1222/1136 1049/1199/1136
f 1061/1216/1137 970/1223/1137 1076/1224/1137
f 1376/1225/1138 1075/1213/1138 1090/1226/1138
f 1068/1214/1139 1084/1227/1139 1069/1218/1139
f 1061/1216/1140 1077/1228/1140 1062/1219/1140
f 1069/1218/1141 1085/1229/1141 1070/1220/1141
f 1063/1221/1142 1077/1228/1142 1078/1230/1142
f 1070/1220/1143 1086/1231/1143 1071/1206/1143
f 1063/1221/1144 1079/1232/1144 1064/1222/1144
f 1072/1207/1145 1086/1231/1145 1087/1233/1145
f 1064/1222/1146 1080/1234/1146 1065/1208/1146
f 1073/1209/1147 1087/1233/1147 1088/1235/1147
f 1065/1208/1148 1081/1236/1148 1066/1210/1148
f 1073/1209/1149 1089/1237/1149 1074/1211/1149
f 1066/1210/1150 1082/1238/1150 1067/1212/1150
f 1074/1211/1151 1090/1226/1151 1075/1213/1151
f 1067/1212/1152 1083/1239/1152 1068/1214/1152
f 1079/1232/1153 1095/1240/1153 1080/1234/1153
f 1088/1235/1154 1102/1241/1154 1103/1242/1154
f 1080/1234/1155 1096/1243/1155 1081/1236/1155
f 1088/1235/1156 1104/1244/1156 1089/1237/1156
f 1081/1236/1157 1097/1245/1157 1082/1238/1157
f 1089/1237/1158 1105/1246/1158 1090/1226/1158
f 1082/1238/1159 1098/1247/1159 1083/1239/1159
f 1076/1224/1160 970/1248/1160 1091/1249/1160
f 1376/1250/1161 1090/1226/1161 1105/1246/1161
f 1083/1239/1162 1099/1251/1162 1084/1227/1162
f 1076/1224/1163 1092/1252/1163 1077/1228/1163
f 1084/1227/1164 1100/1253/1164 1085/1229/1164
f 1078/1230/1165 1092/1252/1165 1093/1254/1165
f 1085/1229/1166 1101/1255/1166 1086/1231/1166
f 1078/1230/1167 1094/1256/1167 1079/1232/1167
f 1087/1233/1168 1101/1255/1168 1102/1241/1168
f 1098/1247/1169 1114/1257/1169 1099/1251/1169
f 1091/1249/1170 1107/1258/1170 1092/1252/1170
f 1099/1251/1171 1115/1259/1171 1100/1253/1171
f 1093/1254/1172 1107/1258/1172 1108/1260/1172
f 1100/1253/1173 1116/1261/1173 1101/1255/1173
f 1093/1254/1174 1109/1262/1174 1094/1256/1174
f 1102/1241/1175 1116/1261/1175 1117/1263/1175
f 1094/1256/1176 1110/1264/1176 1095/1240/1176
f 1103/1242/1177 1117/1263/1177 1118/1265/1177
f 1096/1243/1178 1110/1264/1178 1111/1266/1178
f 1103/1242/1179 1119/1267/1179 1104/1244/1179
f 1096/1243/1180 1112/1268/1180 1097/1245/1180
f 1104/1244/1181 1120/1269/1181 1105/1246/1181
f 1098/1247/1182 1112/1268/1182 1113/1270/1182
f 1091/1249/1183 970/1271/1183 1106/1272/1183
f 1376/1273/1184 1105/1246/1184 1120/1269/1184
f 1118/1265/1185 1132/1274/1185 1133/1275/1185
f 1111/1266/1186 1125/1276/1186 1126/1277/1186
f 1118/1265/1187 1134/1278/1187 1119/1267/1187
f 1111/1266/1188 1127/1279/1188 1112/1268/1188
f 1120/1269/1189 1134/1278/1189 1135/1280/1189
f 1113/1270/1190 1127/1279/1190 1128/1281/1190
f 1106/1272/1191 970/1282/1191 1121/1283/1191
f 1376/1284/1192 1120/1269/1192 1135/1280/1192
f 1113/1270/1193 1129/1285/1193 1114/1257/1193
f 1106/1272/1194 1122/1286/1194 1107/1258/1194
f 1114/1257/1195 1130/1287/1195 1115/1259/1195
f 1108/1260/1196 1122/1286/1196 1123/1288/1196
f 1115/1259/1197 1131/1289/1197 1116/1261/1197
f 1108/1260/1198 1124/1290/1198 1109/1262/1198
f 1117/1263/1199 1131/1289/1199 1132/1274/1199
f 1109/1262/1200 1125/1276/1200 1110/1264/1200
f 1129/1285/1201 1145/1291/1201 1130/1287/1201
f 1123/1288/1202 1137/1292/1202 1138/1293/1202
f 1130/1287/1203 1146/1294/1203 1131/1289/1203
f 1123/1288/1204 1139/1295/1204 1124/1290/1204
f 1132/1274/1205 1146/1294/1205 1147/1296/1205
f 1124/1290/1206 1140/1297/1206 1125/1276/1206
f 1132/1274/1207 1148/1298/1207 1133/1275/1207
f 1125/1276/1208 1141/1299/1208 1126/1277/1208
f 1133/1275/1209 1149/1300/1209 1134/1278/1209
f 1126/1277/1210 1142/1301/1210 1127/1279/1210
f 1134/1278/1211 1150/1302/1211 1135/1280/1211
f 1128/1281/1212 1142/1301/1212 1143/1303/1212
f 1121/1283/1213 970/1304/1213 1136/1305/1213
f 1376/1306/1214 1135/1280/1214 1150/1302/1214
f 1128/1281/1215 1144/1307/1215 1129/1285/1215
f 1121/1283/1216 1137/1292/1216 1122/1286/1216
f 1148/1298/1217 1164/1308/1217 1149/1300/1217
f 1141/1299/1218 1157/1309/1218 1142/1301/1218
f 1150/1302/1219 1164/1308/1219 1165/1310/1219
f 1143/1303/1220 1157/1309/1220 1158/1311/1220
f 1136/1305/1221 970/1312/1221 1151/1313/1221
f 1376/1314/1222 1150/1302/1222 1165/1310/1222
f 1143/1303/1223 1159/1315/1223 1144/1307/1223
f 1136/1305/1224 1152/1316/1224 1137/1292/1224
f 1145/1291/1225 1159/1315/1225 1160/1317/1225
f 1137/1292/1226 1153/1318/1226 1138/1293/1226
f 1145/1291/1227 1161/1319/1227 1146/1294/1227
f 1139/1295/1228 1153/1318/1228 1154/1320/1228
f 1147/1296/1229 1161/1319/1229 1162/1321/1229
f 1139/1295/1230 1155/1322/1230 1140/1297/1230
f 1148/1298/1231 1162/1321/1231 1163/1323/1231
f 1141/1299/1232 1155/1322/1232 1156/1324/1232
f 1153/1318/1233 1167/1325/1233 1168/1326/1233
f 1160/1317/1234 1176/1327/1234 1161/1319/1234
f 1153/1318/1235 1169/1328/1235 1154/1320/1235
f 1162/1321/1236 1176/1327/1236 1177/1329/1236
f 1154/1320/1237 1170/1330/1237 1155/1322/1237
f 1162/1321/1238 1178/1331/1238 1163/1323/1238
f 1156/1324/1239 1170/1330/1239 1171/1332/1239
f 1163/1323/1240 1179/1333/1240 1164/1308/1240
f 1156/1324/1241 1172/1334/1241 1157/1309/1241
f 1164/1308/1242 1180/1335/1242 1165/1310/1242
f 1158/1311/1243 1172/1334/1243 1173/1336/1243
f 1151/1313/1244 970/1337/1244 1166/1338/1244
f 1376/1339/1245 1165/1310/1245 1180/1335/1245
f 1158/1311/1246 1174/1340/1246 1159/1315/1246
f 1152/1316/1247 1166/1338/1247 1167/1325/1247
f 1159/1315/1248 1175/1341/1248 1160/1317/1248
f 1171/1332/1249 1187/1342/1249 1172/1334/1249
f 1179/1333/1250 1195/1343/1250 1180/1335/1250
f 1173/1336/1251 1187/1342/1251 1188/1344/1251
f 1166/1338/1252 970/1345/1252 1181/1346/1252
f 1376/1347/1253 1180/1335/1253 1195/1343/1253
f 1173/1336/1254 1189/1348/1254 1174/1340/1254
f 1167/1325/1255 1181/1346/1255 1182/1349/1255
f 1174/1340/1256 1190/1350/1256 1175/1341/1256
f 1168/1326/1257 1182/1349/1257 1183/1351/1257
f 1175/1341/1258 1191/1352/1258 1176/1327/1258
f 1168/1326/1259 1184/1353/1259 1169/1328/1259
f 1177/1329/1260 1191/1352/1260 1192/1354/1260
f 1169/1328/1261 1185/1355/1261 1170/1330/1261
f 1178/1331/1262 1192/1354/1262 1193/1356/1262
f 1171/1332/1263 1185/1355/1263 1186/1357/1263
f 1178/1331/1264 1194/1358/1264 1179/1333/1264
f 1190/1350/1265 1206/1359/1265 1191/1352/1265
f 1183/1351/1266 1199/1360/1266 1184/1353/1266
f 1192/1354/1267 1206/1359/1267 1207/1361/1267
f 1184/1353/1268 1200/1362/1268 1185/1355/1268
f 1193/1356/1269 1207/1361/1269 1208/1363/1269
f 1186/1357/1270 1200/1362/1270 1201/1364/1270
f 1194/1358/1271 1208/1363/1271 1209/1365/1271
f 1186/1357/1272 1202/1366/1272 1187/1342/1272
f 1195/1343/1273 1209/1365/1273 1210/1367/1273
f 1188/1344/1274 1202/1366/1274 1203/1368/1274
f 1181/1346/1275 970/1369/1275 1196/1370/1275
f 1376/1371/1276 1195/1343/1276 1210/1367/1276
f 1188/1344/1277 1204/1372/1277 1189/1348/1277
f 1181/1346/1278 1197/1373/1278 1182/1349/1278
f 1189/1348/1279 1205/1374/1279 1190/1350/1279
f 1183/1351/1280 1197/1373/1280 1198/1375/1280
f 1210/1367/1281 1224/1376/1281 1225/1377/1281
f 1203/1368/1282 1217/1378/1282 1218/1379/1282
f 1196/1370/1283 970/1380/1283 1211/1381/1283
f 1376/1382/1284 1210/1367/1284 1225/1377/1284
f 1203/1368/1285 1219/1383/1285 1204/1372/1285
f 1196/1370/1286 1212/1384/1286 1197/1373/1286
f 1204/1372/1287 1220/1385/1287 1205/1374/1287
f 1197/1373/1288 1213/1386/1288 1198/1375/1288
f 1205/1374/1289 1221/1387/1289 1206/1359/1289
f 1199/1360/1290 1213/1386/1290 1214/1388/1290
f 1207/1361/1291 1221/1387/1291 1222/1389/1291
f 1199/1360/1292 1215/1390/1292 1200/1362/1292
f 1208/1363/1293 1222/1389/1293 1223/1391/1293
f 1201/1364/1294 1215/1390/1294 1216/1392/1294
f 1208/1363/1295 1224/1376/1295 1209/1365/1295
f 1201/1364/1296 1217/1378/1296 1202/1366/1296
f 1213/1386/1297 1229/1393/1297 1214/1388/1297
f 1222/1389/1298 1236/1394/1298 1237/1395/1298
f 1214/1388/1299 1230/1396/1299 1215/1390/1299
f 1222/1389/1300 1238/1397/1300 1223/1391/1300
f 1216/1392/1301 1230/1396/1301 1231/1398/1301
f 1223/1391/1302 1239/1399/1302 1224/1376/1302
f 1216/1392/1303 1232/1400/1303 1217/1378/1303
f 1225/1377/1304 1239/1399/1304 1240/1401/1304
f 1218/1379/1305 1232/1400/1305 1233/1402/1305
f 1211/1381/1306 970/1403/1306 1226/1404/1306
f 1376/1405/1307 1225/1377/1307 1240/1401/1307
f 1218/1379/1308 1234/1406/1308 1219/1383/1308
f 1211/1381/1309 1227/1407/1309 1212/1384/1309
f 1219/1383/1310 1235/1408/1310 1220/1385/1310
f 1212/1384/1311 1228/1409/1311 1213/1386/1311
f 1220/1385/1312 1236/1394/1312 1221/1387/1312
f 1233/1402/1313 1247/1410/1313 1248/1411/1313
f 1226/1404/1314 970/1412/1314 1241/1413/1314
f 1376/1414/1315 1240/1401/1315 1255/1415/1315
f 1233/1402/1316 1249/1416/1316 1234/1406/1316
f 1226/1404/1317 1242/1417/1317 1227/1407/1317
f 1234/1406/1318 1250/1418/1318 1235/1408/1318
f 1227/1407/1319 1243/1419/1319 1228/1409/1319
f 1235/1408/1320 1251/1420/1320 1236/1394/1320
f 1228/1409/1321 1244/1421/1321 1229/1393/1321
f 1237/1395/1322 1251/1420/1322 1252/1422/1322
f 1229/1393/1323 1245/1423/1323 1230/1396/1323
f 1238/1397/1324 1252/1422/1324 1253/1424/1324
f 1231/1398/1325 1245/1423/1325 1246/1425/1325
f 1238/1397/1326 1254/1426/1326 1239/1399/1326
f 1232/1400/1327 1246/1425/1327 1247/1410/1327
f 1240/1401/1328 1254/1426/1328 1255/1415/1328
f 1252/1422/1329 1266/1427/1329 1267/1428/1329
f 1244/1421/1330 1260/1429/1330 1245/1423/1330
f 1253/1424/1331 1267/1428/1331 1268/1430/1331
f 1246/1425/1332 1260/1429/1332 1261/1431/1332
f 1253/1424/1333 1269/1432/1333 1254/1426/1333
f 1246/1425/1334 1262/1433/1334 1247/1410/1334
f 1254/1426/1335 1270/1434/1335 1255/1415/1335
f 1248/1411/1336 1262/1433/1336 1263/1435/1336
f 1241/1413/1337 970/1436/1337 1256/1437/1337
f 1376/1438/1338 1255/1415/1338 1270/1434/1338
f 1248/1411/1339 1264/1439/1339 1249/1416/1339
f 1241/1413/1340 1257/1440/1340 1242/1417/1340
f 1249/1416/1341 1265/1441/1341 1250/1418/1341
f 1243/1419/1342 1257/1440/1342 1258/1442/1342
f 1250/1418/1343 1266/1427/1343 1251/1420/1343
f 1243/1419/1344 1259/1443/1344 1244/1421/1344
f 1376/1444/1345 1270/1434/1345 1285/1445/1345
f 1263/1435/1346 1279/1446/1346 1264/1439/1346
f 1256/1437/1347 1272/1447/1347 1257/1440/1347
f 1265/1441/1348 1279/1446/1348 1280/1448/1348
f 1257/1440/1349 1273/1449/1349 1258/1442/1349
f 1265/1441/1350 1281/1450/1350 1266/1427/1350
f 1258/1442/1351 1274/1451/1351 1259/1443/1351
f 1267/1428/1352 1281/1450/1352 1282/1452/1352
f 1259/1443/1353 1275/1453/1353 1260/1429/1353
f 1268/1430/1354 1282/1452/1354 1283/1454/1354
f 1261/1431/1355 1275/1453/1355 1276/1455/1355
f 1269/1432/1356 1283/1454/1356 1284/1456/1356
f 1261/1431/1357 1277/1457/1357 1262/1433/1357
f 1270/1434/1358 1284/1456/1358 1285/1445/1358
f 1263/1435/1359 1277/1457/1359 1278/1458/1359
f 1256/1437/1360 970/1459/1360 1271/1460/1360
f 1283/1454/1361 1297/1461/1361 1298/1462/1361
f 1276/1455/1362 1290/1463/1362 1291/1464/1362
f 1283/1454/1363 1299/1465/1363 1284/1456/1363
f 1276/1455/1364 1292/1466/1364 1277/1457/1364
f 1284/1456/1365 1300/1467/1365 1285/1445/1365
f 1278/1458/1366 1292/1466/1366 1293/1468/1366
f 1271/1460/1367 970/1469/1367 1286/1470/1367
f 1376/1471/1368 1285/1445/1368 1300/1467/1368
f 1278/1458/1369 1294/1472/1369 1279/1446/1369
f 1272/1447/1370 1286/1470/1370 1287/1473/1370
f 1280/1448/1371 1294/1472/1371 1295/1474/1371
f 1273/1449/1372 1287/1473/1372 1288/1475/1372
f 1280/1448/1373 1296/1476/1373 1281/1450/1373
f 1273/1449/1374 1289/1477/1374 1274/1451/1374
f 1282/1452/1375 1296/1476/1375 1297/1461/1375
f 1274/1451/1376 1290/1463/1376 1275/1453/1376
f 1286/1470/1377 1302/1478/1377 1287/1473/1377
f 1295/1474/1378 1309/1479/1378 1310/1480/1378
f 1288/1475/1379 1302/1478/1379 1303/1481/1379
f 1295/1474/1380 1311/1482/1380 1296/1476/1380
f 1288/1475/1381 1304/1483/1381 1289/1477/1381
f 1297/1461/1382 1311/1482/1382 1312/1484/1382
f 1289/1477/1383 1305/1485/1383 1290/1463/1383
f 1298/1462/1384 1312/1484/1384 1313/1486/1384
f 1291/1464/1385 1305/1485/1385 1306/1487/1385
f 1298/1462/1386 1314/1488/1386 1299/1465/1386
f 1291/1464/1387 1307/1489/1387 1292/1466/1387
f 1299/1465/1388 1315/1490/1388 1300/1467/1388
f 1292/1466/1389 1308/1491/1389 1293/1468/1389
f 1286/1470/1390 970/1492/1390 1301/1493/1390
f 1376/1494/1391 1300/1467/1391 1315/1490/1391
f 1293/1468/1392 1309/1479/1392 1294/1472/1392
f 1306/1487/1393 1320/1495/1393 1321/1496/1393
f 1313/1486/1394 1329/1497/1394 1314/1488/1394
f 1306/1487/1395 1322/1498/1395 1307/1489/1395
f 1314/1488/1396 1330/1499/1396 1315/1490/1396
f 1307/1489/1397 1323/1500/1397 1308/1491/1397
f 1301/1493/1398 970/1501/1398 1316/1502/1398
f 1376/1503/1399 1315/1490/1399 1330/1499/1399
f 1308/1491/1400 1324/1504/1400 1309/1479/1400
f 1301/1493/1401 1317/1505/1401 1302/1478/1401
f 1309/1479/1402 1325/1506/1402 1310/1480/1402
f 1303/1481/1403 1317/1505/1403 1318/1507/1403
f 1310/1480/1404 1326/1508/1404 1311/1482/1404
f 1303/1481/1405 1319/1509/1405 1304/1483/1405
f 1312/1484/1406 1326/1508/1406 1327/1510/1406
f 1304/1483/1407 1320/1495/1407 1305/1485/1407
f 1312/1484/1408 1328/1511/1408 1313/1486/1408
f 1324/1504/1409 1340/1512/1409 1325/1506/1409
f 1317/1505/1410 1333/1513/1410 1318/1507/1410
f 1325/1506/1411 1341/1514/1411 1326/1508/1411
f 1318/1507/1412 1334/1515/1412 1319/1509/1412
f 1327/1510/1413 1341/1514/1413 1342/1516/1413
f 1319/1509/1414 1335/1517/1414 1320/1495/1414
f 1328/1511/1415 1342/1516/1415 1343/1518/1415
f 1321/1496/1416 1335/1517/1416 1336/1519/1416
f 1329/1497/1417 1343/1518/1417 1344/1520/1417
f 1321/1496/1418 1337/1521/1418 1322/1498/1418
f 1329/1497/1419 1345/1522/1419 1330/1499/1419
f 1323/1500/1420 1337/1521/1420 1338/1523/1420
f 1316/1502/1421 970/1524/1421 1331/1525/1421
f 1376/1526/1422 1330/1499/1422 1345/1522/1422
f 1323/1500/1423 1339/1527/1423 1324/1504/1423
f 1316/1502/1424 1332/1528/1424 1317/1505/1424
f 1343/1518/1425 1359/1529/1425 1344/1520/1425
f 1336/1519/1426 1352/1530/1426 1337/1521/1426
f 1345/1522/1427 1359/1529/1427 1360/1531/1427
f 1338/1523/1428 1352/1530/1428 1353/1532/1428
f 1331/1525/1429 970/1533/1429 1346/1534/1429
f 1376/1535/1430 1345/1522/1430 1360/1531/1430
f 1338/1523/1431 1354/1536/1431 1339/1527/1431
f 1331/1525/1432 1347/1537/1432 1332/1528/1432
f 1339/1527/1433 1355/1538/1433 1340/1512/1433
f 1332/1528/1434 1348/1539/1434 1333/1513/1434
f 1340/1512/1435 1356/1540/1435 1341/1514/1435
f 1333/1513/1436 1349/1541/1436 1334/1515/1436
f 1342/1516/1437 1356/1540/1437 1357/1542/1437
f 1334/1515/1438 1350/1543/1438 1335/1517/1438
f 1343/1518/1439 1357/1542/1439 1358/1544/1439
f 1336/1519/1440 1350/1543/1440 1351/1545/1440
f 1348/1539/1441 1362/1546/1441 1363/1547/1441
f 1355/1538/1442 1371/1548/1442 1356/1540/1442
f 1348/1539/1443 1364/1549/1443 1349/1541/1443
f 1357/1542/1444 1371/1548/1444 1372/1550/1444
f 1349/1541/1445 1365/1551/1445 1350/1543/1445
f 1358/1544/1446 1372/1550/1446 1373/1552/1446
f 1351/1545/1447 1365/1551/1447 1366/1553/1447
f 1358/1544/1448 1374/1554/1448 1359/1529/1448
f 1351/1545/1449 1367/1555/1449 1352/1530/1449
f 1359/1529/1450 1375/1556/1450 1360/1531/1450
f 1353/1532/1451 1367/1555/1451 1368/1557/1451
f 1346/1534/1452 970/1558/1452 1361/1559/1452
f 1376/1560/1453 1360/1531/1453 1375/1556/1453
f 1353/1532/1454 1369/1561/1454 1354/1536/1454
f 1347/1537/1455 1361/1559/1455 1362/1546/1455
f 1355/1538/1456 1369/1561/1456 1370/1562/1456
f 1366/1553/1457 1383/1563/1457 1367/1555/1457
f 1375/1556/1458 1390/1564/1458 1391/1565/1458
f 1367/1555/1459 1384/1566/1459 1368/1557/1459
f 1361/1559/1460 970/1567/1460 1377/1568/1460
f 1376/1569/1461 1375/1556/1461 1391/1565/1461
f 1368/1557/1462 1385/1570/1462 1369/1561/1462
f 1361/1559/1463 1378/1571/1463 1362/1546/1463
f 1370/1562/1464 1385/1570/1464 1386/1572/1464
f 1362/1546/1465 1379/1573/1465 1363/1547/1465
f 1370/1562/1466 1387/1574/1466 1371/1548/1466
f 1363/1547/1467 1380/1575/1467 1364/1549/1467
f 1372/1550/1468 1387/1574/1468 1388/1576/1468
f 1364/1549/1469 1381/1577/1469 1365/1551/1469
f 1373/1552/1470 1388/1576/1470 1389/1578/1470
f 1366/1553/1471 1381/1577/1471 1382/1579/1471
f 1373/1552/1472 1390/1564/1472 1374/1554/1472
f 1386/1572/1473 1402/1580/1473 1387/1574/1473
f 1379/1573/1474 1395/1581/1474 1380/1575/1474
f 1388/1576/1475 1402/1580/1475 1403/1582/1475
f 1380/1575/1476 1396/1583/1476 1381/1577/1476
f 1388/1576/1477 1404/1584/1477 1389/1578/1477
f 1382/1579/1478 1396/1583/1478 1397/1585/1478
f 1390/1564/1479 1404/1584/1479 1405/1586/1479
f 1382/1579/1480 1398/1587/1480 1383/1563/1480
f 1390/1564/1481 1406/1588/1481 1391/1565/1481
f 1384/1566/1482 1398/1587/1482 1399/1589/1482
f 1377/1568/1483 970/1590/1483 1392/1591/1483
f 1376/1592/1484 1391/1565/1484 1406/1588/1484
f 1384/1566/1485 1400/1593/1485 1385/1570/1485
f 1377/1568/1486 1393/1594/1486 1378/1571/1486
f 1385/1570/1487 1401/1595/1487 1386/1572/1487
f 1379/1573/1488 1393/1594/1488 1394/1596/1488
f 1406/1588/1489 1420/1597/1489 1421/1598/1489
f 1399/1589/1490 1413/1599/1490 1414/1600/1490
f 1392/1591/1491 970/1601/1491 1407/1602/1491
f 1376/1603/1492 1406/1588/1492 1421/1598/1492
f 1399/1589/1493 1415/1604/1493 1400/1593/1493
f 1392/1591/1494 1408/1605/1494 1393/1594/1494
f 1401/1595/1495 1415/1604/1495 1416/1606/1495
f 1393/1594/1496 1409/1607/1496 1394/1596/1496
f 1401/1595/1497 1417/1608/1497 1402/1580/1497
f 1394/1596/1498 1410/1609/1498 1395/1581/1498
f 1403/1582/1499 1417/1608/1499 1418/1610/1499
f 1395/1581/1500 1411/1611/1500 1396/1583/1500
f 1404/1584/1501 1418/1610/1501 1419/1612/1501
f 1397/1585/1502 1411/1611/1502 1412/1613/1502
f 1405/1586/1503 1419/1612/1503 1420/1597/1503
f 1398/1587/1504 1412/1613/1504 1413/1599/1504
f 1418/1610/1505 1432/1614/1505 1433/1615/1505
f 1410/1609/1506 1426/1616/1506 1411/1611/1506
f 1418/1610/1507 1434/1617/1507 1419/1612/1507
f 1412/1613/1508 1426/1616/1508 1427/1618/1508
f 1419/1612/1509 1435/1619/1509 1420/1597/1509
f 1412/1613/1510 1428/1620/1510 1413/1599/1510
f 1420/1597/1511 1436/1621/1511 1421/1598/1511
f 1413/1599/1512 1429/1622/1512 1414/1600/1512
f 1407/1602/1513 970/1623/1513 1422/1624/1513
f 1376/1625/1514 1421/1598/1514 1436/1621/1514
f 1414/1600/1515 1430/1626/1515 1415/1604/1515
f 1407/1602/1516 1423/1627/1516 1408/1605/1516
f 1416/1606/1517 1430/1626/1517 1431/1628/1517
f 1409/1607/1518 1423/1627/1518 1424/1629/1518
f 1416/1606/1519 1432/1614/1519 1417/1608/1519
f 1409/1607/1520 1425/1630/1520 1410/1609/1520
f 1422/1624/1521 970/1631/1521 1437/1632/1521
f 1376/1633/1522 1436/1621/1522 1451/1634/1522
f 1429/1622/1523 1445/1635/1523 1430/1626/1523
f 1422/1624/1524 1438/1636/1524 1423/1627/1524
f 1430/1626/1525 1446/1637/1525 1431/1628/1525
f 1424/1629/1526 1438/1636/1526 1439/1638/1526
f 1431/1628/1527 1447/1639/1527 1432/1614/1527
f 1424/1629/1528 1440/1640/1528 1425/1630/1528
f 1433/1615/1529 1447/1639/1529 1448/1641/1529
f 1425/1630/1530 1441/1642/1530 1426/1616/1530
f 1434/1617/1531 1448/1641/1531 1449/1643/1531
f 1427/1618/1532 1441/1642/1532 1442/1644/1532
f 1434/1617/1533 1450/1645/1533 1435/1619/1533
f 1427/1618/1534 1443/1646/1534 1428/1620/1534
f 1435/1619/1535 1451/1634/1535 1436/1621/1535
f 1428/1620/1536 1444/1647/1536 1429/1622/1536
f 1440/1648/1537 1456/1649/1537 1441/1650/1537
f 1448/1651/1538 1464/1652/1538 1449/1653/1538
f 1442/1654/1539 1456/1649/1539 1457/1655/1539
f 1449/1653/1540 1465/1656/1540 1450/1657/1540
f 1442/1654/1541 1458/1658/1541 1443/1659/1541
f 1450/1657/1542 1466/1660/1542 1451/1661/1542
f 1444/1662/1543 1458/1658/1543 1459/1663/1543
f 1437/1664/1544 970/1665/1544 1452/1666/1544
f 1376/1667/1545 1451/1661/1545 1466/1660/1545
f 1444/1662/1546 1460/1668/1546 1445/1669/1546
f 1438/1670/1547 1452/1666/1547 1453/1671/1547
f 1445/1669/1548 1461/1672/1548 1446/1673/1548
f 1439/1674/1549 1453/1671/1549 1454/1675/1549
f 1446/1673/1550 1462/1676/1550 1447/1677/1550
f 1440/1648/1551 1454/1675/1551 1455/1678/1551
f 1448/1651/1552 1462/1676/1552 1463/1679/1552
f 1459/1663/1553 1475/1680/1553 1460/1668/1553
f 1452/1666/1554 1468/1681/1554 1453/1671/1554
f 1460/1668/1555 1476/1682/1555 1461/1672/1555
f 1453/1671/1556 1469/1683/1556 1454/1675/1556
f 1461/1672/1557 1477/1684/1557 1462/1676/1557
f 1454/1675/1558 1470/1685/1558 1455/1678/1558
f 1463/1679/1559 1477/1684/1559 1478/1686/1559
f 1455/1678/1560 1471/1687/1560 1456/1649/1560
f 1464/1652/1561 1478/1686/1561 1479/1688/1561
f 1457/1655/1562 1471/1687/1562 1472/1689/1562
f 1464/1652/1563 1480/1690/1563 1465/1656/1563
f 1457/1655/1564 1473/1691/1564 1458/1658/1564
f 1466/1660/1565 1480/1690/1565 1481/1692/1565
f 1459/1663/1566 1473/1691/1566 1474/1693/1566
f 1452/1666/1567 970/1694/1567 1467/1695/1567
f 1376/1696/1568 1466/1660/1568 1481/1692/1568
f 1479/1688/1569 1493/1697/1569 1494/1698/1569
f 1472/1689/1570 1486/1699/1570 1487/1700/1570
f 1479/1688/1571 1495/1701/1571 1480/1690/1571
f 1472/1689/1572 1488/1702/1572 1473/1691/1572
f 1480/1690/1573 1496/1703/1573 1481/1692/1573
f 1474/1693/1574 1488/1702/1574 1489/1704/1574
f 1467/1695/1575 970/1705/1575 1482/1706/1575
f 1376/1707/1576 1481/1692/1576 1496/1703/1576
f 1474/1693/1577 1490/1708/1577 1475/1680/1577
f 1467/1695/1578 1483/1709/1578 1468/1681/1578
f 1475/1680/1579 1491/1710/1579 1476/1682/1579
f 1468/1681/1580 1484/1711/1580 1469/1683/1580
f 1476/1682/1581 1492/1712/1581 1477/1684/1581
f 1470/1685/1582 1484/1711/1582 1485/1713/1582
f 1478/1686/1583 1492/1712/1583 1493/1697/1583
f 1470/1685/1584 1486/1699/1584 1471/1687/1584
f 1482/1706/1585 1498/1714/1585 1483/1709/1585
f 1491/1710/1586 1505/1715/1586 1506/1716/1586
f 1483/1709/1587 1499/1717/1587 1484/1711/1587
f 1491/1710/1588 1507/1718/1588 1492/1712/1588
f 1484/1711/1589 1500/1719/1589 1485/1713/1589
f 1493/1697/1590 1507/1718/1590 1508/1720/1590
f 1485/1713/1591 1501/1721/1591 1486/1699/1591
f 1494/1698/1592 1508/1720/1592 1509/1722/1592
f 1487/1700/1593 1501/1721/1593 1502/1723/1593
f 1494/1698/1594 1510/1724/1594 1495/1701/1594
f 1487/1700/1595 1503/1725/1595 1488/1702/1595
f 1496/1703/1596 1510/1724/1596 1511/1726/1596
f 1489/1704/1597 1503/1725/1597 1504/1727/1597
f 1482/1706/1598 970/1728/1598 1497/1729/1598
f 1376/1730/1599 1496/1703/1599 1511/1726/1599
f 1489/1704/1600 1505/1715/1600 1490/1708/1600
f 1506/1716/1601 1520/1731/1601 1521/1732/1601
f 1499/1717/1602 1513/1733/1602 1514/1734/1602
f 1506/1716/1603 1522/1735/1603 1507/1718/1603
f 1499/1717/1604 1515/1736/1604 1500/1719/1604
f 1508/1720/1605 1522/1735/1605 1523/1737/1605
f 1500/1719/1606 1516/1738/1606 1501/1721/1606
f 1509/1722/1607 1523/1737/1607 1524/1739/1607
f 1502/1723/1608 1516/1738/1608 1517/1740/1608
f 1509/1722/1609 1525/1741/1609 1510/1724/1609
f 1502/1723/1610 1518/1742/1610 1503/1725/1610
f 1511/1726/1611 1525/1741/1611 1526/1743/1611
f 1504/1727/1612 1518/1742/1612 1519/1744/1612
f 1497/1729/1613 970/1745/1613 1512/1746/1613
f 1376/1747/1614 1511/1726/1614 1526/1743/1614
f 1504/1727/1615 1520/1731/1615 1505/1715/1615
f 1497/1729/1616 1513/1733/1616 1498/1714/1616
f 1525/1741/1617 1539/1748/1617 1540/1749/1617
f 1517/1740/1618 1533/1750/1618 1518/1742/1618
f 1525/1741/1619 1541/1751/1619 1526/1743/1619
f 1519/1744/1620 1533/1750/1620 1534/1752/1620
f 1512/1746/1621 970/1753/1621 1527/1754/1621
f 1376/1755/1622 1526/1743/1622 1541/1751/1622
f 1519/1744/1623 1535/1756/1623 1520/1731/1623
f 1512/1746/1624 1528/1757/1624 1513/1733/1624
f 1521/1732/1625 1535/1756/1625 1536/1758/1625
f 1513/1733/1626 1529/1759/1626 1514/1734/1626
f 1521/1732/1627 1537/1760/1627 1522/1735/1627
f 1514/1734/1628 1530/1761/1628 1515/1736/1628
f 1523/1737/1629 1537/1760/1629 1538/1762/1629
f 1515/1736/1630 1531/1763/1630 1516/1738/1630
f 1524/1739/1631 1538/1762/1631 1539/1748/1631
f 1517/1740/1632 1531/1763/1632 1532/1764/1632
f 1529/1759/1633 1543/1765/1633 1544/1766/1633
f 1536/1758/1634 1552/1767/1634 1537/1760/1634
f 1530/1761/1635 1544/1766/1635 1545/1768/1635
f 1538/1762/1636 1552/1767/1636 1553/1769/1636
f 1530/1761/1637 1546/1770/1637 1531/1763/1637
f 1538/1762/1638 1554/1771/1638 1539/1748/1638
f 1532/1764/1639 1546/1770/1639 1547/1772/1639
f 1539/1748/1640 1555/1773/1640 1540/1749/1640
f 1532/1764/1641 1548/1774/1641 1533/1750/1641
f 1540/1749/1642 1556/1775/1642 1541/1751/1642
f 1534/1752/1643 1548/1774/1643 1549/1776/1643
f 1527/1754/1644 970/1777/1644 1542/1778/1644
f 1376/1779/1645 1541/1751/1645 1556/1775/1645
f 1534/1752/1646 1550/1780/1646 1535/1756/1646
f 1527/1754/1647 1543/1765/1647 1528/1757/1647
f 1536/1758/1648 1550/1780/1648 1551/1781/1648
f 1547/1772/1649 1563/1782/1649 1548/1774/1649
f 1555/1773/1650 1571/1783/1650 1556/1775/1650
f 1549/1776/1651 1563/1782/1651 1564/1784/1651
f 1542/1778/1652 970/1785/1652 1557/1786/1652
f 1376/1787/1653 1556/1775/1653 1571/1783/1653
f 1549/1776/1654 1565/1788/1654 1550/1780/1654
f 1543/1765/1655 1557/1786/1655 1558/1789/1655
f 1551/1781/1656 1565/1788/1656 1566/1790/1656
f 1544/1766/1657 1558/1789/1657 1559/1791/1657
f 1551/1781/1658 1567/1792/1658 1552/1767/1658
f 1544/1766/1659 1560/1793/1659 1545/1768/1659
f 1553/1769/1660 1567/1792/1660 1568/1794/1660
f 1545/1768/1661 1561/1795/1661 1546/1770/1661
f 1554/1771/1662 1568/1794/1662 1569/1796/1662
f 1547/1772/1663 1561/1795/1663 1562/1797/1663
f 1554/1771/1664 1570/1798/1664 1555/1773/1664
f 1566/1790/1665 1582/1799/1665 1567/1792/1665
f 1559/1791/1666 1575/1800/1666 1560/1793/1666
f 1568/1794/1667 1582/1799/1667 1583/1801/1667
f 1560/1793/1668 1576/1802/1668 1561/1795/1668
f 1568/1794/1669 1584/1803/1669 1569/1796/1669
f 1562/1797/1670 1576/1802/1670 1577/1804/1670
f 1569/1796/1671 1585/1805/1671 1570/1798/1671
f 1562/1797/1672 1578/1806/1672 1563/1782/1672
f 1570/1798/1673 1586/1807/1673 1571/1783/1673
f 1564/1784/1674 1578/1806/1674 1579/1808/1674
f 1557/1786/1675 970/1809/1675 1572/1810/1675
f 1376/1811/1676 1571/1783/1676 1586/1807/1676
f 1564/1784/1677 1580/1812/1677 1565/1788/1677
f 1558/1789/1678 1572/1810/1678 1573/1813/1678
f 1566/1790/1679 1580/1812/1679 1581/1814/1679
f 1558/1789/1680 1574/1815/1680 1559/1791/1680
f 1585/1805/1681 1601/1816/1681 1586/1807/1681
f 1579/1808/1682 1593/1817/1682 1594/1818/1682
f 1572/1810/1683 970/1819/1683 1587/1820/1683
f 1376/1821/1684 1586/1807/1684 1601/1816/1684
f 1579/1808/1685 1595/1822/1685 1580/1812/1685
f 1572/1810/1686 1588/1823/1686 1573/1813/1686
f 1580/1812/1687 1596/1824/1687 1581/1814/1687
f 1573/1813/1688 1589/1825/1688 1574/1815/1688
f 1581/1814/1689 1597/1826/1689 1582/1799/1689
f 1574/1815/1690 1590/1827/1690 1575/1800/1690
f 1583/1801/1691 1597/1826/1691 1598/1828/1691
f 1575/1800/1692 1591/1829/1692 1576/1802/1692
f 1584/1803/1693 1598/1828/1693 1599/1830/1693
f 1577/1804/1694 1591/1829/1694 1592/1831/1694
f 1584/1803/1695 1600/1832/1695 1585/1805/1695
f 1577/1804/1696 1593/1817/1696 1578/1806/1696
f 1598/1828/1697 1612/1833/1697 1613/1834/1697
f 1590/1827/1698 1606/1835/1698 1591/1829/1698
f 1599/1830/1699 1613/1834/1699 1614/1836/1699
f 1592/1831/1700 1606/1835/1700 1607/1837/1700
f 1600/1832/1701 1614/1836/1701 1615/1838/1701
f 1592/1831/1702 1608/1839/1702 1593/1817/1702
f 1600/1832/1703 1616/1840/1703 1601/1816/1703
f 1594/1818/1704 1608/1839/1704 1609/1841/1704
f 1587/1820/1705 970/1842/1705 1602/1843/1705
f 1376/1844/1706 1601/1816/1706 1616/1840/1706
f 1594/1818/1707 1610/1845/1707 1595/1822/1707
f 1588/1823/1708 1602/1843/1708 1603/1846/1708
f 1595/1822/1709 1611/1847/1709 1596/1824/1709
f 1589/1825/1710 1603/1846/1710 1604/1848/1710
f 1596/1824/1711 1612/1833/1711 1597/1826/1711
f 1589/1825/1712 1605/1849/1712 1590/1827/1712
f 1602/1843/1713 970/1850/1713 1617/1851/1713
f 1376/1852/1714 1616/1840/1714 1631/1853/1714
f 1609/1841/1715 1625/1854/1715 1610/1845/1715
f 1602/1843/1716 1618/1855/1716 1603/1846/1716
f 1610/1845/1717 1626/1856/1717 1611/1847/1717
f 1603/1846/1718 1619/1857/1718 1604/1848/1718
f 1611/1847/1719 1627/1858/1719 1612/1833/1719
f 1604/1848/1720 1620/1859/1720 1605/1849/1720
f 1613/1834/1721 1627/1858/1721 1628/1860/1721
f 1605/1849/1722 1621/1861/1722 1606/1835/1722
f 1614/1836/1723 1628/1860/1723 1629/1862/1723
f 1607/1837/1724 1621/1861/1724 1622/1863/1724
f 1614/1836/1725 1630/1864/1725 1615/1838/1725
f 1608/1839/1726 1622/1863/1726 1623/1865/1726
f 1616/1840/1727 1630/1864/1727 1631/1853/1727
f 1609/1841/1728 1623/1865/1728 1624/1866/1728
f 1620/1859/1729 1636/1867/1729 1621/1861/1729
f 1629/1862/1730 1643/1868/1730 1644/1869/1730
f 1622/1863/1731 1636/1867/1731 1637/1870/1731
f 1629/1862/1732 1645/1871/1732 1630/1864/1732
f 1622/1863/1733 1638/1872/1733 1623/1865/1733
f 1631/1853/1734 1645/1871/1734 1646/1873/1734
f 1624/1866/1735 1638/1872/1735 1639/1874/1735
f 1617/1851/1736 970/1875/1736 1632/1876/1736
f 1376/1877/1737 1631/1853/1737 1646/1873/1737
f 1624/1866/1738 1640/1878/1738 1625/1854/1738
f 1617/1851/1739 1633/1879/1739 1618/1855/1739
f 1626/1856/1740 1640/1878/1740 1641/1880/1740
f 1619/1857/1741 1633/1879/1741 1634/1881/1741
f 1626/1856/1742 1642/1882/1742 1627/1858/1742
f 1619/1857/1743 1635/1883/1743 1620/1859/1743
f 1628/1860/1744 1642/1882/1744 1643/1868/1744
f 1639/1874/1745 1655/1884/1745 1640/1878/1745
f 1632/1876/1746 1648/1885/1746 1633/1879/1746
f 1640/1878/1747 1656/1886/1747 1641/1880/1747
f 1634/1881/1748 1648/1885/1748 1649/1887/1748
f 1641/1880/1749 1657/1888/1749 1642/1882/1749
f 1634/1881/1750 1650/1889/1750 1635/1883/1750
f 1643/1868/1751 1657/1888/1751 1658/1890/1751
f 1635/1883/1752 1651/1891/1752 1636/1867/1752
f 1643/1868/1753 1659/1892/1753 1644/1869/1753
f 1637/1870/1754 1651/1891/1754 1652/1893/1754
f 1644/1869/1755 1660/1894/1755 1645/1871/1755
f 1637/1870/1756 1653/1895/1756 1638/1872/1756
f 1645/1871/1757 1661/1896/1757 1646/1873/1757
f 1639/1874/1758 1653/1895/1758 1654/1897/1758
f 1632/1876/1759 970/1898/1759 1647/1899/1759
f 1376/1900/1760 1646/1873/1760 1661/1896/1760
f 1658/1890/1761 1674/1901/1761 1659/1892/1761
f 1652/1893/1762 1666/1902/1762 1667/1903/1762
f 1659/1892/1763 1675/1904/1763 1660/1894/1763
f 1652/1893/1764 1668/1905/1764 1653/1895/1764
f 1661/1896/1765 1675/1904/1765 1676/1906/1765
f 1654/1897/1766 1668/1905/1766 1669/1907/1766
f 1647/1899/1767 970/1908/1767 1662/1909/1767
f 1376/1910/1768 1661/1896/1768 1676/1906/1768
f 1654/1897/1769 1670/1911/1769 1655/1884/1769
f 1647/1899/1770 1663/1912/1770 1648/1885/1770
f 1655/1884/1771 1671/1913/1771 1656/1886/1771
f 1649/1887/1772 1663/1912/1772 1664/1914/1772
f 1656/1886/1773 1672/1915/1773 1657/1888/1773
f 1650/1889/1774 1664/1914/1774 1665/1916/1774
f 1658/1890/1775 1672/1915/1775 1673/1917/1775
f 1650/1889/1776 1666/1902/1776 1651/1891/1776
f 1662/1909/1777 1678/1918/1777 1663/1912/1777
f 1670/1911/1778 1686/1919/1778 1671/1913/1778
f 1664/1914/1779 1678/1918/1779 1679/1920/1779
f 1671/1913/1780 1687/1921/1780 1672/1915/1780
f 1664/1914/1781 1680/1922/1781 1665/1916/1781
f 1673/1917/1782 1687/1921/1782 1688/1923/1782
f 1665/1916/1783 1681/1924/1783 1666/1902/1783
f 1673/1917/1784 1689/1925/1784 1674/1901/1784
f 1667/1903/1785 1681/1924/1785 1682/1926/1785
f 1674/1901/1786 1690/1927/1786 1675/1904/1786
f 1667/1903/1787 1683/1928/1787 1668/1905/1787
f 1675/1904/1788 1691/1929/1788 1676/1906/1788
f 1669/1907/1789 1683/1928/1789 1684/1930/1789
f 1662/1909/1790 970/1931/1790 1677/1932/1790
f 1376/1933/1791 1676/1906/1791 1691/1929/1791
f 1669/1907/1792 1685/1934/1792 1670/1911/1792
f 1682/1926/1793 1696/1935/1793 1697/1936/1793
f 1689/1925/1794 1705/1937/1794 1690/1927/1794
f 1682/1926/1795 1698/1938/1795 1683/1928/1795
f 1691/1929/1796 1705/1937/1796 1706/1939/1796
f 1684/1930/1797 1698/1938/1797 1699/1940/1797
f 1677/1932/1798 970/1941/1798 1692/1942/1798
f 1376/1943/1799 1691/1929/1799 1706/1939/1799
f 1684/1930/1800 1700/1944/1800 1685/1934/1800
f 1677/1932/1801 1693/1945/1801 1678/1918/1801
f 1686/1919/1802 1700/1944/1802 1701/1946/1802
f 1678/1918/1803 1694/1947/1803 1679/1920/1803
f 1686/1919/1804 1702/1948/1804 1687/1921/1804
f 1679/1920/1805 1695/1949/1805 1680/1922/1805
f 1688/1923/1806 1702/1948/1806 1703/1950/1806
f 1680/1922/1807 1696/1935/1807 1681/1924/1807
f 1689/1925/1808 1703/1950/1808 1704/1951/1808
f 1700/1944/1809 1716/1952/1809 1701/1946/1809
f 1694/1947/1810 1708/1953/1810 1709/1954/1810
f 1701/1946/1811 1717/1955/1811 1702/1948/1811
f 1694/1947/1812 1710/1956/1812 1695/1949/1812
f 1703/1950/1813 1717/1955/1813 1718/1957/1813
f 1695/1949/1814 1711/1958/1814 1696/1935/1814
f 1704/1951/1815 1718/1957/1815 1719/1959/1815
f 1697/1936/1816 1711/1958/1816 1712/1960/1816
f 1704/1951/1817 1720/1961/1817 1705/1937/1817
f 1697/1936/1818 1713/1962/1818 1698/1938/1818
f 1705/1937/1819 1721/1963/1819 1706/1939/1819
f 1699/1940/1820 1713/1962/1820 1714/1964/1820
f 1692/1942/1821 970/1965/1821 1707/1966/1821
f 1376/1967/1822 1706/1939/1822 1721/1963/1822
f 1699/1940/1823 1715/1968/1823 1700/1944/1823
f 1693/1945/1824 1707/1966/1824 1708/1953/1824
f 1719/1959/1825 1735/1969/1825 1720/1961/1825
f 1712/1960/1826 1728/1970/1826 1713/1962/1826
f 1720/1961/1827 1736/1971/1827 1721/1963/1827
f 1714/1964/1828 1728/1970/1828 1729/1972/1828
f 1707/1966/1829 970/1973/1829 1722/1974/1829
f 1376/1975/1830 1721/1963/1830 1736/1971/1830
f 1714/1964/1831 1730/1976/1831 1715/1968/1831
f 1707/1966/1832 1723/1977/1832 1708/1953/1832
f 1716/1952/1833 1730/1976/1833 1731/1978/1833
f 1709/1954/1834 1723/1977/1834 1724/1979/1834
f 1716/1952/1835 1732/1980/1835 1717/1955/1835
f 1710/1956/1836 1724/1979/1836 1725/1981/1836
f 1718/1957/1837 1732/1980/1837 1733/1982/1837
f 1710/1956/1838 1726/1983/1838 1711/1958/1838
f 1719/1959/1839 1733/1982/1839 1734/1984/1839
f 1712/1960/1840 1726/1983/1840 1727/1985/1840
f 1731/1978/1841 1747/1986/1841 1732/1980/1841
f 1724/1979/1842 1740/1987/1842 1725/1981/1842
f 1733/1982/1843 1747/1986/1843 1748/1988/1843
f 1725/1981/1844 1741/1989/1844 1726/1983/1844
f 1733/1982/1845 1749/1990/1845 1734/1984/1845
f 1727/1985/1846 1741/1989/1846 1742/1991/1846
f 1734/1984/1847 1750/1992/1847 1735/1969/1847
f 1727/1985/1848 1743/1993/1848 1728/1970/1848
f 1735/1969/1849 1751/1994/1849 1736/1971/1849
f 1729/1972/1850 1743/1993/1850 1744/1995/1850
f 1722/1974/1851 970/1996/1851 1737/1997/1851
f 1376/1998/1852 1736/1971/1852 1751/1994/1852
f 1729/1972/1853 1745/1999/1853 1730/1976/1853
f 1722/1974/1854 1738/2000/1854 1723/1977/1854
f 1730/1976/1855 1746/2001/1855 1731/1978/1855
f 1724/1979/1856 1738/2000/1856 1739/2002/1856
f 1750/1992/1857 1766/2003/1857 1751/1994/1857
f 1744/1995/1858 1758/2004/1858 1759/2005/1858
f 1737/1997/1859 970/2006/1859 1752/2007/1859
f 1376/2008/1860 1751/1994/1860 1766/2003/1860
f 1744/1995/1861 1760/2009/1861 1745/1999/1861
f 1737/1997/1862 1753/2010/1862 1738/2000/1862
f 1745/1999/1863 1761/2011/1863 1746/2001/1863
f 1738/2000/1864 1754/2012/1864 1739/2002/1864
f 1746/2001/1865 1762/2013/1865 1747/1986/1865
f 1739/2002/1866 1755/2014/1866 1740/1987/1866
f 1748/1988/1867 1762/2013/1867 1763/2015/1867
f 1740/1987/1868 1756/2016/1868 1741/1989/1868
f 1749/1990/1869 1763/2015/1869 1764/2017/1869
f 1742/1991/1870 1756/2016/1870 1757/2018/1870
f 1749/1990/1871 1765/2019/1871 1750/1992/1871
f 1742/1991/1872 1758/2004/1872 1743/1993/1872
f 1754/2012/1873 1770/2020/1873 1755/2014/1873
f 1763/2015/1874 1777/2021/1874 1778/2022/1874
f 1755/2014/1875 1771/2023/1875 1756/2016/1875
f 1764/2017/1876 1778/2022/1876 1779/2024/1876
f 1757/2018/1877 1771/2023/1877 1772/2025/1877
f 1764/2017/1878 1780/2026/1878 1765/2019/1878
f 1757/2018/1879 1773/2027/1879 1758/2004/1879
f 1765/2019/1880 1781/2028/1880 1766/2003/1880
f 1759/2005/1881 1773/2027/1881 1774/2029/1881
f 1752/2007/1882 970/2030/1882 1767/2031/1882
f 1376/2032/1883 1766/2003/1883 1781/2028/1883
f 1759/2005/1884 1775/2033/1884 1760/2009/1884
f 1752/2007/1885 1768/2034/1885 1753/2010/1885
f 1761/2011/1886 1775/2033/1886 1776/2035/1886
f 1754/2012/1887 1768/2034/1887 1769/2036/1887
f 1761/2011/1888 1777/2021/1888 1762/2013/1888
f 1774/2029/1889 1788/2037/1889 1789/2038/1889
f 1767/2031/1890 970/2039/1890 1782/2040/1890
f 1376/2041/1891 1781/2028/1891 1796/2042/1891
f 1774/2029/1892 1790/2043/1892 1775/2033/1892
f 1767/2031/1893 1783/2044/1893 1768/2034/1893
f 1776/2035/1894 1790/2043/1894 1791/2045/1894
f 1768/2034/1895 1784/2046/1895 1769/2036/1895
f 1776/2035/1896 1792/2047/1896 1777/2021/1896
f 1769/2036/1897 1785/2048/1897 1770/2020/1897
f 1778/2022/1898 1792/2047/1898 1793/2049/1898
f 1770/2020/1899 1786/2050/1899 1771/2023/1899
f 1779/2024/1900 1793/2049/1900 1794/2051/1900
f 1772/2025/1901 1786/2050/1901 1787/2052/1901
f 1779/2024/1902 1795/2053/1902 1780/2026/1902
f 1772/2025/1903 1788/2037/1903 1773/2027/1903
f 1780/2026/1904 1796/2042/1904 1781/2028/1904
f 1793/2049/1905 1807/2054/1905 1808/2055/1905
f 1785/2048/1906 1801/2056/1906 1786/2050/1906
f 1794/2051/1907 1808/2055/1907 1809/2057/1907
f 1787/2052/1908 1801/2056/1908 1802/2058/1908
f 1794/2051/1909 1810/2059/1909 1795/2053/1909
f 1787/2052/1910 1803/2060/1910 1788/2037/1910
f 1795/2053/1911 1811/2061/1911 1796/2042/1911
f 1789/2038/1912 1803/2060/1912 1804/2062/1912
f 1782/2040/1913 970/2063/1913 1797/2064/1913
f 1376/2065/1914 1796/2042/1914 1811/2061/1914
f 1789/2038/1915 1805/2066/1915 1790/2043/1915
f 1783/2044/1916 1797/2064/1916 1798/2067/1916
f 1790/2043/1917 1806/2068/1917 1791/2045/1917
f 1783/2044/1918 1799/2069/1918 1784/2046/1918
f 1791/2045/1919 1807/2054/1919 1792/2047/1919
f 1784/2046/1920 1800/2070/1920 1785/2048/1920
f 1797/2064/1921 970/2071/1921 1812/2072/1921
f 1376/2073/1922 1811/2061/1922 1826/2074/1922
f 1804/2062/1923 1820/2075/1923 1805/2066/1923
f 1798/2067/1924 1812/2072/1924 1813/2076/1924
f 1806/2068/1925 1820/2075/1925 1821/2077/1925
f 1799/2069/1926 1813/2076/1926 1814/2078/1926
f 1806/2068/1927 1822/2079/1927 1807/2054/1927
f 1799/2069/1928 1815/2080/1928 1800/2070/1928
f 1808/2055/1929 1822/2079/1929 1823/2081/1929
f 1800/2070/1930 1816/2082/1930 1801/2056/1930
f 1808/2055/1931 1824/2083/1931 1809/2057/1931
f 1802/2058/1932 1816/2082/1932 1817/2084/1932
f 1809/2057/1933 1825/2085/1933 1810/2059/1933
f 1802/2058/1934 1818/2086/1934 1803/2060/1934
f 1811/2061/1935 1825/2085/1935 1826/2074/1935
f 1804/2062/1936 1818/2086/1936 1819/2087/1936
f 1815/2080/1937 1831/2088/1937 1816/2082/1937
f 1824/2083/1938 1838/2089/1938 1839/2090/1938
f 1817/2084/1939 1831/2088/1939 1832/2091/1939
f 1824/2083/1940 1840/2092/1940 1825/2085/1940
f 1817/2084/1941 1833/2093/1941 1818/2086/1941
f 1825/2085/1942 1841/2094/1942 1826/2074/1942
f 1819/2087/1943 1833/2093/1943 1834/2095/1943
f 1812/2072/1944 970/2096/1944 1827/2097/1944
f 1376/2098/1945 1826/2074/1945 1841/2094/1945
f 1819/2087/1946 1835/2099/1946 1820/2075/1946
f 1812/2072/1947 1828/2100/1947 1813/2076/1947
f 1820/2075/1948 1836/2101/1948 1821/2077/1948
f 1814/2078/1949 1828/2100/1949 1829/2102/1949
f 1821/2077/1950 1837/2103/1950 1822/2079/1950
f 1815/2080/1951 1829/2102/1951 1830/2104/1951
f 1823/2081/1952 1837/2103/1952 1838/2089/1952
f 1834/2095/1953 1850/2105/1953 1835/2099/1953
f 1827/2097/1954 1843/2106/1954 1828/2100/1954
f 1836/2101/1955 1850/2105/1955 1851/2107/1955
f 1829/2102/1956 1843/2106/1956 1844/2108/1956
f 1836/2101/1957 1852/2109/1957 1837/2103/1957
f 1829/2102/1958 1845/2110/1958 1830/2104/1958
f 1838/2089/1959 1852/2109/1959 1853/2111/1959
f 1830/2104/1960 1846/2112/1960 1831/2088/1960
f 1839/2090/1961 1853/2111/1961 1854/2113/1961
f 1832/2091/1962 1846/2112/1962 1847/2114/1962
f 1839/2090/1963 1855/2115/1963 1840/2092/1963
f 1832/2091/1964 1848/2116/1964 1833/2093/1964
f 1841/2094/1965 1855/2115/1965 1856/2117/1965
f 1833/2093/1966 1849/2118/1966 1834/2095/1966
f 1827/2097/1967 970/2119/1967 1842/2120/1967
f 1376/2121/1968 1841/2094/1968 1856/2117/1968
f 1854/2113/1969 1868/2122/1969 1869/2123/1969
f 1847/2114/1970 1861/2124/1970 1862/2125/1970
f 1854/2113/1971 1870/2126/1971 1855/2115/1971
f 1847/2114/1972 1863/2127/1972 1848/2116/1972
f 1855/2115/1973 1871/2128/1973 1856/2117/1973
f 1849/2118/1974 1863/2127/1974 1864/2129/1974
f 1842/2120/1975 970/2130/1975 1857/2131/1975
f 1376/2132/1976 1856/2117/1976 1871/2128/1976
f 1849/2118/1977 1865/2133/1977 1850/2105/1977
f 1842/2120/1978 1858/2134/1978 1843/2106/1978
f 1850/2105/1979 1866/2135/1979 1851/2107/1979
f 1844/2108/1980 1858/2134/1980 1859/2136/1980
f 1851/2107/1981 1867/2137/1981 1852/2109/1981
f 1845/2110/1982 1859/2136/1982 1860/2138/1982
f 1853/2111/1983 1867/2137/1983 1868/2122/1983
f 1845/2110/1984 1861/2124/1984 1846/2112/1984
f 1865/2133/1985 1881/2139/1985 1866/2135/1985
f 1858/2134/1986 1874/2140/1986 1859/2136/1986
f 1866/2135/1987 1882/2141/1987 1867/2137/1987
f 1860/2138/1988 1874/2140/1988 1875/2142/1988
f 1868/2122/1989 1882/2141/1989 1883/2143/1989
f 1860/2138/1990 1876/2144/1990 1861/2124/1990
f 1869/2123/1991 1883/2143/1991 1884/2145/1991
f 1862/2125/1992 1876/2144/1992 1877/2146/1992
f 1870/2126/1993 1884/2145/1993 1885/2147/1993
f 1862/2125/1994 1878/2148/1994 1863/2127/1994
f 1870/2126/1995 1886/2149/1995 1871/2128/1995
f 1864/2129/1996 1878/2148/1996 1879/2150/1996
f 1857/2131/1997 970/2151/1997 1872/2152/1997
f 1376/2153/1998 1871/2128/1998 1886/2149/1998
f 1864/2129/1999 1880/2154/1999 1865/2133/1999
f 1858/2134/2000 1872/2152/2000 1873/2155/2000
f 1884/2145/2001 1900/2156/2001 1885/2147/2001
f 1877/2146/2002 1893/2157/2002 1878/2148/2002
f 1885/2147/2003 1901/2158/2003 1886/2149/2003
f 1879/2150/2004 1893/2157/2004 1894/2159/2004
f 1872/2152/2005 970/2160/2005 1887/2161/2005
f 1376/2162/2006 1886/2149/2006 1901/2158/2006
f 1879/2150/2007 1895/2163/2007 1880/2154/2007
f 1872/2152/2008 1888/2164/2008 1873/2155/2008
f 1881/2139/2009 1895/2163/2009 1896/2165/2009
f 1874/2140/2010 1888/2164/2010 1889/2166/2010
f 1881/2139/2011 1897/2167/2011 1882/2141/2011
f 1874/2140/2012 1890/2168/2012 1875/2142/2012
f 1883/2143/2013 1897/2167/2013 1898/2169/2013
f 1875/2142/2014 1891/2170/2014 1876/2144/2014
f 1884/2145/2015 1898/2169/2015 1899/2171/2015
f 1877/2146/2016 1891/2170/2016 1892/2172/2016
f 1888/2164/2017 1904/2173/2017 1889/2166/2017
f 1896/2165/2018 1912/2174/2018 1897/2167/2018
f 1889/2166/2019 1905/2175/2019 1890/2168/2019
f 1898/2169/2020 1912/2174/2020 1913/2176/2020
f 1890/2168/2021 1906/2177/2021 1891/2170/2021
f 1899/2171/2022 1913/2176/2022 1914/2178/2022
f 1892/2172/2023 1906/2177/2023 1907/2179/2023
f 1899/2171/2024 1915/2180/2024 1900/2156/2024
f 1892/2172/2025 1908/2181/2025 1893/2157/2025
f 1900/2156/2026 1916/2182/2026 1901/2158/2026
f 1894/2159/2027 1908/2181/2027 1909/2183/2027
f 1887/2161/2028 970/2184/2028 1902/2185/2028
f 1376/2186/2029 1901/2158/2029 1916/2182/2029
f 1894/2159/2030 1910/2187/2030 1895/2163/2030
f 1887/2161/2031 1903/2188/2031 1888/2164/2031
f 1896/2165/2032 1910/2187/2032 1911/2189/2032
f 1908/2181/2033 3/13/2033 1920/17/2033
f 1915/2180/2034 9/20/2034 1916/2182/2034
f 1909/2183/2035 1920/17/2035 4/21/2035
f 1902/2185/2036 970/2190/2036 1917/23/2036
f 1376/2191/2037 1916/2182/2037 9/20/2037
f 1909/2183/2038 5/27/2038 1910/2187/2038
f 1902/2185/2039 1918/29/2039 1903/2188/2039
f 1910/2187/2040 6/1/2040 1911/2189/2040
f 1904/2173/2041 1918/29/2041 1/4/2041
f 1911/2189/2042 1921/3/2042 1912/2174/2042
f 1905/2175/2043 1/4/2043 2/6/2043
f 1912/2174/2044 7/8/2044 1913/2176/2044
f 1906/2177/2045 2/6/2045 1919/9/2045
f 1913/2176/2046 8/11/2046 1914/2178/2046
f 1907/2179/2047 1919/9/2047 3/13/2047
f 1914/2178/2048 1922/16/2048 1915/2180/2048
f 6/1/1 19/31/1 20/2/1
f 1/4/2 12/32/2 13/5/2
f 1921/3/3 20/2/3 21/7/3
f 1919/9/4 2/6/4 13/5/4
f 8/11/5 7/8/5 21/7/5
f 3/13/6 1919/9/6 14/10/6
f 8/11/7 22/12/7 23/15/7
f 1920/17/8 3/13/8 15/14/8
f 1922/16/9 23/15/9 24/19/9
f 4/21/10 1920/17/10 16/18/10
f 5/27/13 4/21/13 17/22/13
f 1918/29/14 1917/23/14 10/25/14
f 6/1/15 5/27/15 18/28/15
f 1/4/16 1918/29/16 11/30/16
f 10/25/17 25/47/17 26/33/17
f 18/28/18 33/49/18 34/34/18
f 11/30/19 26/33/19 27/35/19
f 19/31/20 34/34/20 35/36/20
f 13/5/21 12/32/21 27/35/21
f 20/2/22 35/36/22 36/38/22
f 14/10/23 13/5/23 28/37/23
f 21/7/24 36/38/24 37/40/24
f 15/14/25 14/10/25 29/39/25
f 22/12/26 37/40/26 38/42/26
f 15/14/27 30/41/27 31/43/27
f 23/15/28 38/42/28 39/44/28
f 16/18/29 31/43/29 32/45/29
f 17/22/32 32/45/32 33/49/32
f 30/41/33 29/39/33 44/50/33
f 38/42/34 37/40/34 52/52/34
f 30/41/35 45/51/35 46/54/35
f 38/42/36 53/53/36 54/55/36
f 31/43/37 46/54/37 47/56/37
f 32/45/40 47/56/40 48/60/40
f 25/47/41 40/58/41 41/61/41
f 33/49/42 48/60/42 49/62/42
f 26/33/43 41/61/43 42/63/43
f 34/34/44 49/62/44 50/64/44
f 27/35/45 42/63/45 43/65/45
f 35/36/46 50/64/46 51/66/46
f 28/37/47 43/65/47 44/50/47
f 36/38/48 51/66/48 52/52/48
f 48/60/49 63/82/49 64/67/49
f 41/61/50 56/83/50 57/68/50
f 49/62/51 64/67/51 65/69/51
f 42/63/52 57/68/52 58/70/52
f 50/64/53 65/69/53 66/71/53
f 43/65/54 58/70/54 59/72/54
f 51/66/55 66/71/55 67/73/55
f 44/50/56 59/72/56 60/74/56
f 53/53/57 52/52/57 67/73/57
f 45/51/58 60/74/58 61/76/58
f 54/55/59 53/53/59 68/75/59
f 46/54/60 61/76/60 62/78/60
f 48/60/63 47/56/63 62/78/63
f 40/58/64 55/80/64 56/83/64
f 67/73/2049 82/99/2049 83/84/2049
f 60/74/66 75/100/66 76/85/66
f 69/77/67 68/75/67 83/84/67
f 61/76/68 76/85/68 77/87/68
f 62/78/71 77/87/71 78/91/71
f 55/80/72 70/89/72 71/92/72
f 63/82/73 78/91/73 79/93/73
f 56/83/74 71/92/74 72/94/74
f 64/67/2050 79/93/2050 80/95/2050
f 57/68/76 72/94/76 73/96/76
f 65/69/77 80/95/77 81/97/77
f 58/70/78 73/96/78 74/98/78
f 66/71/79 81/97/79 82/99/79
f 59/72/2051 74/98/2051 75/100/2051
f 79/93/81 94/116/81 95/101/81
f 72/94/82 87/117/82 88/102/82
f 81/97/83 80/95/83 95/101/83
f 73/96/84 88/102/84 89/104/84
f 81/97/85 96/103/85 97/105/85
f 75/100/86 74/98/86 89/104/86
f 83/84/87 82/99/87 97/105/87
f 75/100/88 90/106/88 91/108/88
f 83/84/89 98/107/89 99/109/89
f 76/85/90 91/108/90 92/110/90
f 78/91/93 77/87/93 92/110/93
f 70/89/94 85/112/94 86/115/94
f 78/91/95 93/114/95 94/116/95
f 71/92/96 86/115/96 87/117/96
f 99/109/97 98/107/97 113/118/97
f 91/108/98 106/134/98 107/120/98
f 93/114/101 92/110/101 107/120/101
f 86/115/102 85/112/102 100/122/102
f 93/114/103 108/124/103 109/126/103
f 86/115/104 101/125/104 102/127/104
f 94/116/105 109/126/105 110/128/105
f 87/117/106 102/127/106 103/129/106
f 96/103/107 95/101/107 110/128/107
f 88/102/108 103/129/108 104/131/108
f 96/103/109 111/130/109 112/132/109
f 89/104/110 104/131/110 105/133/110
f 98/107/111 97/105/111 112/132/111
f 90/106/112 105/133/112 106/134/112
f 102/127/113 117/151/113 118/135/113
f 111/130/114 110/128/114 125/136/114
f 103/129/115 118/135/115 119/138/115
f 112/132/116 111/130/116 126/137/116
f 105/133/117 104/131/117 119/138/117
f 113/118/118 112/132/118 127/139/118
f 105/133/119 120/140/119 121/142/119
f 113/118/120 128/141/120 129/143/120
f 106/134/121 121/142/121 122/144/121
f 107/120/124 122/144/124 123/148/124
f 100/122/125 115/146/125 116/149/125
f 108/124/126 123/148/126 124/150/126
f 102/127/127 101/125/127 116/149/127
f 109/126/128 124/150/128 125/136/128
f 122/144/129 121/142/129 136/152/129
f 122/144/132 137/153/132 138/158/132
f 115/146/133 130/155/133 131/159/133
f 123/148/134 138/158/134 139/160/134
f 116/149/135 131/159/135 132/161/135
f 124/150/136 139/160/136 140/162/136
f 117/151/137 132/161/137 133/163/137
f 125/136/138 140/162/138 141/164/138
f 119/138/139 118/135/139 133/163/139
f 127/139/140 126/137/140 141/164/140
f 119/138/141 134/165/141 135/167/141
f 127/139/142 142/166/142 143/168/142
f 120/140/143 135/167/143 136/152/143
f 128/141/144 143/168/144 144/157/144
f 140/162/145 155/184/145 156/169/145
f 133/163/146 148/185/146 149/170/146
f 142/166/147 141/164/147 156/169/147
f 134/165/148 149/170/148 150/172/148
f 143/168/149 142/166/149 157/171/149
f 135/167/150 150/172/150 151/174/150
f 144/157/2052 143/168/2052 158/173/2052
f 136/152/152 151/174/152 152/176/152
f 137/153/155 152/176/155 153/180/155
f 130/155/2053 145/178/2053 146/181/2053
f 138/158/157 153/180/157 154/182/157
f 132/161/158 131/159/158 146/181/158
f 139/160/159 154/182/159 155/184/159
f 132/161/160 147/183/160 148/185/160
f 152/176/163 167/202/163 168/190/163
f 145/178/164 160/187/164 161/191/164
f 153/180/165 168/190/165 169/192/165
f 147/183/166 146/181/166 161/191/166
f 154/182/167 169/192/167 170/194/167
f 147/183/168 162/193/168 163/195/168
f 155/184/169 170/194/169 171/196/169
f 148/185/170 163/195/170 164/197/170
f 156/169/2054 171/196/2054 172/198/2054
f 149/170/172 164/197/172 165/199/172
f 157/171/173 172/198/173 173/200/173
f 150/172/174 165/199/174 166/201/174
f 158/173/175 173/200/175 174/189/175
f 151/174/176 166/201/176 167/202/176
f 163/195/177 178/218/177 179/203/177
f 171/196/178 186/219/178 187/204/178
f 164/197/179 179/203/179 180/205/179
f 173/200/180 172/198/180 187/204/180
f 165/199/181 180/205/181 181/207/181
f 174/189/182 173/200/182 188/206/182
f 167/202/183 166/201/183 181/207/183
f 167/202/186 182/209/186 183/213/186
f 160/187/187 175/211/187 176/214/187
f 169/192/188 168/190/188 183/213/188
f 161/191/189 176/214/189 177/216/189
f 169/192/190 184/215/190 185/217/190
f 163/195/191 162/193/191 177/216/191
f 170/194/192 185/217/192 186/219/192
f 182/209/2055 197/233/2055 198/220/2055
f 175/211/194 190/235/194 191/221/194
f 183/213/195 198/220/195 199/222/195
f 176/214/196 191/221/196 192/223/196
f 185/217/197 184/215/197 199/222/197
f 177/216/198 192/223/198 193/225/198
f 186/219/199 185/217/199 200/224/199
f 178/218/200 193/225/200 194/227/200
f 187/204/201 186/219/201 201/226/201
f 179/203/202 194/227/202 195/229/202
f 187/204/203 202/228/203 203/230/203
f 180/205/204 195/229/204 196/231/204
f 189/208/205 188/206/205 203/230/205
f 181/207/2056 196/231/2056 197/233/2056
f 201/226/209 216/252/209 217/237/209
f 194/227/210 209/253/210 210/238/210
f 202/228/211 217/237/211 218/239/211
f 196/231/212 195/229/212 210/238/212
f 203/230/213 218/239/213 219/241/213
f 197/233/214 196/231/214 211/240/214
f 197/233/217 212/242/217 213/246/217
f 190/235/218 205/244/218 206/247/218
f 198/220/219 213/246/219 214/248/219
f 192/223/220 191/221/220 206/247/220
f 199/222/221 214/248/221 215/250/221
f 192/223/222 207/249/222 208/251/222
f 200/224/223 215/250/223 216/252/223
f 193/225/224 208/251/224 209/253/224
f 213/246/225 228/269/225 229/254/225
f 206/247/226 221/270/226 222/255/226
f 214/248/227 229/254/227 230/256/227
f 207/249/228 222/255/228 223/257/228
f 215/250/229 230/256/229 231/258/229
f 208/251/230 223/257/230 224/259/230
f 216/252/231 231/258/231 232/260/231
f 209/253/232 224/259/232 225/261/232
f 217/237/233 232/260/233 233/262/233
f 210/238/234 225/261/234 226/263/234
f 218/239/2057 233/262/2057 234/264/2057
f 212/242/236 211/240/236 226/263/236
f 212/242/239 227/265/239 228/269/239
f 205/244/240 220/267/240 221/270/240
f 232/260/241 247/286/241 248/271/241
f 225/261/242 240/287/242 241/272/242
f 233/262/243 248/271/243 249/273/243
f 226/263/244 241/272/244 242/274/244
f 227/265/247 242/274/247 243/278/247
f 220/267/248 235/276/248 236/279/248
f 228/269/249 243/278/249 244/280/249
f 221/270/250 236/279/250 237/281/250
f 229/254/251 244/280/251 245/282/251
f 222/255/252 237/281/252 238/283/252
f 230/256/253 245/282/253 246/284/253
f 223/257/254 238/283/254 239/285/254
f 231/258/255 246/284/255 247/286/255
f 224/259/256 239/285/256 240/287/256
f 236/279/257 251/303/257 252/288/257
f 244/280/258 259/304/258 260/289/258
f 237/281/259 252/288/259 253/290/259
f 246/284/260 245/282/260 260/289/260
f 238/283/261 253/290/261 254/292/261
f 246/284/262 261/291/262 262/293/262
f 240/287/263 239/285/263 254/292/263
f 247/286/264 262/293/264 263/295/264
f 240/287/265 255/294/265 256/296/265
f 248/271/266 263/295/266 264/297/266
f 241/272/267 256/296/267 257/298/267
f 242/274/270 257/298/270 258/302/270
f 235/276/271 250/300/271 251/303/271
f 243/278/272 258/302/272 259/304/272
f 255/294/273 270/320/273 271/305/273
f 263/295/274 278/321/274 279/306/274
f 257/298/275 256/296/275 271/305/275
f 257/298/278 272/307/278 273/311/278
f 250/300/279 265/309/279 266/312/279
f 259/304/280 258/302/280 273/311/280
f 251/303/281 266/312/281 267/314/281
f 259/304/282 274/313/282 275/315/282
f 252/288/283 267/314/283 268/316/283
f 260/289/284 275/315/284 276/317/284
f 253/290/285 268/316/285 269/318/285
f 262/293/286 261/291/286 276/317/286
f 255/294/287 254/292/287 269/318/287
f 263/295/288 262/293/288 277/319/288
f 274/313/289 289/338/289 290/322/289
f 268/316/290 267/314/290 282/323/290
f 275/315/291 290/322/291 291/325/291
f 268/316/292 283/324/292 284/326/292
f 276/317/293 291/325/293 292/327/293
f 270/320/294 269/318/294 284/326/294
f 277/319/295 292/327/295 293/329/295
f 270/320/296 285/328/296 286/330/296
f 279/306/297 278/321/297 293/329/297
f 272/307/298 271/305/298 286/330/298
f 272/307/301 287/332/301 288/336/301
f 265/309/302 280/334/302 281/337/302
f 274/313/303 273/311/303 288/336/303
f 267/314/304 266/312/304 281/337/304
f 293/329/305 308/354/305 309/339/305
f 286/330/2058 301/355/2058 302/340/2058
f 287/332/2059 302/340/2059 303/344/2059
f 280/334/310 295/342/310 296/345/310
f 288/336/311 303/344/311 304/346/311
f 282/323/312 281/337/312 296/345/312
f 289/338/2060 304/346/2060 305/348/2060
f 282/323/314 297/347/314 298/349/314
f 290/322/315 305/348/315 306/350/315
f 283/324/316 298/349/316 299/351/316
f 291/325/317 306/350/317 307/352/317
f 284/326/2061 299/351/2061 300/353/2061
f 292/327/319 307/352/319 308/354/319
f 285/328/320 300/353/320 301/355/320
f 297/347/321 312/372/321 313/356/321
f 306/350/322 305/348/322 320/357/322
f 298/349/323 313/356/323 314/359/323
f 307/352/324 306/350/324 321/358/324
f 299/351/325 314/359/325 315/361/325
f 307/352/326 322/360/326 323/362/326
f 301/355/327 300/353/327 315/361/327
f 309/339/328 308/354/328 323/362/328
f 302/340/329 301/355/329 316/363/329
f 302/340/332 317/365/332 318/369/332
f 295/342/333 310/367/333 311/370/333
f 303/344/334 318/369/334 319/371/334
f 296/345/335 311/370/335 312/372/335
f 304/346/336 319/371/336 320/357/336
f 317/365/337 316/363/337 331/373/337
f 317/365/340 332/374/340 333/379/340
f 311/370/341 310/367/341 325/376/341
f 318/369/342 333/379/342 334/381/342
f 312/372/343 311/370/343 326/380/343
f 319/371/344 334/381/344 335/383/344
f 312/372/345 327/382/345 328/384/345
f 321/358/346 320/357/346 335/383/346
f 313/356/347 328/384/347 329/386/347
f 322/360/348 321/358/348 336/385/348
f 314/359/349 329/386/349 330/388/349
f 322/360/350 337/387/350 338/389/350
f 315/361/351 330/388/351 331/373/351
f 323/362/352 338/389/352 339/378/352
f 336/385/353 335/383/353 350/390/353
f 328/384/354 343/406/354 344/392/354
f 337/387/355 336/385/355 351/391/355
f 329/386/356 344/392/356 345/394/356
f 337/387/357 352/393/357 353/395/357
f 331/373/358 330/388/358 345/394/358
f 338/389/359 353/395/359 354/397/359
f 331/373/360 346/396/360 347/398/360
f 332/374/363 347/398/363 348/402/363
f 325/376/364 340/400/364 341/403/364
f 333/379/365 348/402/365 349/404/365
f 327/382/366 326/380/366 341/403/366
f 334/381/367 349/404/367 350/390/367
f 327/382/368 342/405/368 343/406/368
f 348/402/370 347/398/370 362/409/370
f 341/403/2062 340/400/2062 355/411/2062
f 348/402/372 363/410/372 364/413/372
f 341/403/373 356/412/373 357/414/373
f 349/404/374 364/413/374 365/415/374
f 343/406/375 342/405/375 357/414/375
f 350/390/376 365/415/376 366/417/376
f 343/406/377 358/416/377 359/418/377
f 352/393/378 351/391/378 366/417/378
f 344/392/379 359/418/379 360/420/379
f 352/393/380 367/419/380 368/421/380
f 345/394/381 360/420/381 361/422/381
f 353/395/2063 368/421/2063 369/408/2063
f 346/396/383 361/422/383 362/409/383
f 367/419/385 366/417/385 381/424/385
f 360/420/386 359/418/386 374/426/386
f 367/419/387 382/425/387 383/428/387
f 360/420/388 375/427/388 376/429/388
f 369/408/389 368/421/389 383/428/389
f 362/409/390 361/422/390 376/429/390
f 363/410/393 362/409/393 377/431/393
f 355/411/394 370/433/394 371/436/394
f 364/413/395 363/410/395 378/435/395
f 356/412/396 371/436/396 372/438/396
f 364/413/397 379/437/397 380/439/397
f 357/414/398 372/438/398 373/440/398
f 365/415/399 380/439/399 381/424/399
f 358/416/400 373/440/400 374/426/400
f 371/436/401 370/433/401 385/441/401
f 378/435/402 393/457/402 394/443/402
f 372/438/403 371/436/403 386/442/403
f 379/437/404 394/443/404 395/445/404
f 372/438/405 387/444/405 388/446/405
f 381/424/406 380/439/406 395/445/406
f 373/440/407 388/446/407 389/448/407
f 381/424/408 396/447/408 397/449/408
f 375/427/409 374/426/409 389/448/409
f 382/425/410 397/449/410 398/451/410
f 375/427/411 390/450/411 391/452/411
f 383/428/412 398/451/412 399/453/412
f 376/429/413 391/452/413 392/454/413
f 377/431/416 392/454/416 393/457/416
f 389/448/417 404/473/417 405/458/417
f 397/449/418 412/474/418 413/459/418
f 390/450/419 405/458/419 406/460/419
f 398/451/420 413/459/420 414/461/420
f 392/454/421 391/452/421 406/460/421
f 392/454/424 407/462/424 408/466/424
f 385/441/425 400/464/425 401/467/425
f 393/457/426 408/466/426 409/468/426
f 387/444/427 386/442/427 401/467/427
f 394/443/428 409/468/428 410/470/428
f 387/444/429 402/469/429 403/471/429
f 396/447/430 395/445/430 410/470/430
f 388/446/431 403/471/431 404/473/431
f 396/447/432 411/472/432 412/474/432
f 409/468/433 408/466/433 423/475/433
f 401/467/434 416/491/434 417/477/434
f 409/468/2064 424/476/2064 425/478/2064
f 402/469/436 417/477/436 418/479/436
f 411/472/437 410/470/437 425/478/437
f 404/473/438 403/471/438 418/479/438
f 412/474/439 411/472/439 426/480/439
f 404/473/2065 419/481/2065 420/483/2065
f 413/459/441 412/474/441 427/482/441
f 405/458/442 420/483/442 421/485/442
f 413/459/443 428/484/443 429/486/443
f 407/462/444 406/460/444 421/485/444
f 407/462/447 422/487/447 423/475/447
f 400/464/448 415/489/448 416/491/448
f 427/482/449 442/508/449 443/492/449
f 421/485/450 420/483/450 435/493/450
f 428/484/451 443/492/451 444/495/451
f 422/487/452 421/485/452 436/494/452
f 422/487/455 437/496/455 438/500/455
f 415/489/456 430/498/456 431/501/456
f 423/475/457 438/500/457 439/502/457
f 416/491/458 431/501/458 432/503/458
f 424/476/459 439/502/459 440/504/459
f 418/479/460 417/477/460 432/503/460
f 425/478/461 440/504/461 441/506/461
f 419/481/462 418/479/462 433/505/462
f 427/482/463 426/480/463 441/506/463
f 420/483/464 419/481/464 434/507/464
f 432/503/465 431/501/465 446/509/465
f 439/502/466 454/525/466 455/511/466
f 432/503/467 447/510/467 448/512/467
f 440/504/468 455/511/468 456/513/468
f 433/505/469 448/512/469 449/514/469
f 441/506/470 456/513/470 457/515/470
f 435/493/471 434/507/471 449/514/471
f 443/492/472 442/508/472 457/515/472
f 436/494/473 435/493/473 450/516/473
f 443/492/474 458/517/474 459/519/474
f 437/496/475 436/494/475 451/518/475
f 437/496/478 452/520/478 453/524/478
f 430/498/479 445/522/479 446/509/479
f 438/500/480 453/524/480 454/525/480
f 450/516/481 465/542/481 466/526/481
f 459/519/482 458/517/482 473/527/482
f 452/520/483 451/518/483 466/526/483
f 452/520/486 467/529/486 468/533/486
f 445/522/487 460/531/487 461/534/487
f 453/524/488 468/533/488 469/535/488
f 446/509/489 461/534/489 462/536/489
f 454/525/490 469/535/490 470/537/490
f 447/510/491 462/536/491 463/538/491
f 455/511/492 470/537/492 471/539/492
f 448/512/493 463/538/493 464/540/493
f 457/515/494 456/513/494 471/539/494
f 450/516/495 449/514/495 464/540/495
f 457/515/496 472/541/496 473/527/496
f 469/535/497 484/558/497 485/543/497
f 462/536/498 477/559/498 478/544/498
f 471/539/499 470/537/499 485/543/499
f 463/538/500 478/544/500 479/546/500
f 472/541/501 471/539/501 486/545/501
f 464/540/502 479/546/502 480/548/502
f 472/541/503 487/547/503 488/549/503
f 466/526/504 465/542/504 480/548/504
f 473/527/505 488/549/505 489/551/505
f 466/526/506 481/550/506 482/552/506
f 467/529/509 482/552/509 483/556/509
f 460/531/510 475/554/510 476/557/510
f 468/533/511 483/556/511 484/558/511
f 462/536/512 461/534/512 476/557/512
f 488/549/513 503/576/513 504/560/513
f 482/552/514 481/550/514 496/561/514
f 482/552/517 497/562/517 498/566/517
f 475/554/518 490/564/518 491/567/518
f 483/556/519 498/566/519 499/568/519
f 476/557/520 491/567/520 492/569/520
f 484/558/521 499/568/521 500/570/521
f 477/559/522 492/569/522 493/571/522
f 485/543/523 500/570/523 501/572/523
f 478/544/524 493/571/524 494/573/524
f 486/545/525 501/572/525 502/574/525
f 480/548/526 479/546/526 494/573/526
f 488/549/527 487/547/527 502/574/527
f 480/548/528 495/575/528 496/561/528
f 500/570/529 515/592/529 516/577/529
f 493/571/530 508/593/530 509/578/530
f 501/572/531 516/577/531 517/579/531
f 494/573/532 509/578/532 510/580/532
f 503/576/533 502/574/533 517/579/533
f 495/575/534 510/580/534 511/582/534
f 503/576/535 518/581/535 519/583/535
f 497/562/536 496/561/536 511/582/536
f 497/562/539 512/584/539 513/588/539
f 490/564/540 505/586/540 506/589/540
f 498/566/541 513/588/541 514/590/541
f 491/567/542 506/589/542 507/591/542
f 499/568/543 514/590/543 515/592/543
f 492/569/544 507/591/544 508/593/544
f 512/584/547 527/610/547 528/598/547
f 506/589/548 505/586/548 520/595/548
f 513/588/549 528/598/549 529/600/549
f 507/591/550 506/589/550 521/599/550
f 514/590/551 529/600/551 530/602/551
f 507/591/552 522/601/552 523/603/552
f 516/577/553 515/592/553 530/602/553
f 508/593/554 523/603/554 524/605/554
f 517/579/555 516/577/555 531/604/555
f 510/580/556 509/578/556 524/605/556
f 517/579/557 532/606/557 533/608/557
f 510/580/558 525/607/558 526/609/558
f 518/581/559 533/608/559 534/597/559
f 511/582/560 526/609/560 527/610/560
f 523/603/561 538/627/561 539/611/561
f 532/606/562 531/604/562 546/612/562
f 525/607/563 524/605/563 539/611/563
f 532/606/564 547/613/564 548/615/564
f 525/607/565 540/614/565 541/616/565
f 533/608/566 548/615/566 549/617/566
f 527/610/567 526/609/567 541/616/567
f 527/610/570 542/618/570 543/622/570
f 520/595/571 535/620/571 536/623/571
f 529/600/572 528/598/572 543/622/572
f 521/599/573 536/623/573 537/625/573
f 529/600/574 544/624/574 545/626/574
f 523/603/575 522/601/575 537/625/575
f 530/602/576 545/626/576 546/612/576
f 542/618/577 557/642/577 558/628/577
f 536/623/578 535/620/578 550/629/578
f 543/622/579 558/628/579 559/631/579
f 536/623/2066 551/630/2066 552/632/2066
f 544/624/2067 559/631/2067 560/633/2067
f 537/625/582 552/632/582 553/634/582
f 545/626/583 560/633/583 561/635/583
f 538/627/584 553/634/584 554/636/584
f 547/613/585 546/612/585 561/635/585
f 540/614/2068 539/611/2068 554/636/2068
f 547/613/2069 562/637/2069 563/639/2069
f 540/614/588 555/638/588 556/640/588
f 548/615/589 563/639/589 564/641/589
f 542/618/590 541/616/590 556/640/590
f 562/637/593 561/635/593 576/645/593
f 555/638/594 554/636/594 569/647/594
f 563/639/595 562/637/595 577/646/595
f 555/638/596 570/648/596 571/650/596
f 563/639/597 578/649/597 579/651/597
f 556/640/598 571/650/598 572/652/598
f 557/642/601 572/652/601 573/656/601
f 550/629/602 565/654/602 566/657/602
f 559/631/603 558/628/603 573/656/603
f 552/632/604 551/630/604 566/657/604
f 559/631/605 574/658/605 575/660/605
f 552/632/606 567/659/606 568/661/606
f 560/633/607 575/660/607 576/645/607
f 553/634/608 568/661/608 569/647/608
f 566/657/609 565/654/609 580/662/609
f 573/656/610 588/678/610 589/664/610
f 567/659/611 566/657/611 581/663/611
f 574/658/612 589/664/612 590/666/612
f 567/659/613 582/665/613 583/667/613
f 576/645/614 575/660/614 590/666/614
f 568/661/615 583/667/615 584/669/615
f 577/646/616 576/645/616 591/668/616
f 570/648/617 569/647/617 584/669/617
f 577/646/618 592/670/618 593/672/618
f 570/648/619 585/671/619 586/673/619
f 578/649/620 593/672/620 594/674/620
f 572/652/621 571/650/621 586/673/621
f 572/652/624 587/675/624 588/678/624
f 585/671/625 584/669/625 599/679/625
f 593/672/626 592/670/626 607/681/626
f 586/673/627 585/671/627 600/680/627
f 593/672/628 608/682/628 609/684/628
f 587/675/629 586/673/629 601/683/629
f 587/675/632 602/685/632 603/689/632
f 580/662/633 595/687/633 596/690/633
f 588/678/634 603/689/634 604/691/634
f 582/665/635 581/663/635 596/690/635
f 589/664/636 604/691/636 605/693/636
f 582/665/637 597/692/637 598/694/637
f 591/668/638 590/666/638 605/693/638
f 583/667/639 598/694/639 599/679/639
f 592/670/640 591/668/640 606/695/640
f 603/689/641 618/712/641 619/696/641
f 597/692/642 596/690/642 611/697/642
f 604/691/643 619/696/643 620/699/643
f 597/692/644 612/698/644 613/700/644
f 606/695/645 605/693/645 620/699/645
f 598/694/646 613/700/646 614/702/646
f 606/695/647 621/701/647 622/703/647
f 600/680/648 599/679/648 614/702/648
f 607/681/649 622/703/649 623/705/649
f 600/680/650 615/704/650 616/706/650
f 609/684/651 608/682/651 623/705/651
f 601/683/652 616/706/652 617/708/652
f 602/685/655 617/708/655 618/712/655
f 595/687/656 610/710/656 611/697/656
f 623/705/657 622/703/657 637/713/657
f 615/704/658 630/729/658 631/715/658
f 623/705/659 638/714/659 639/716/659
f 616/706/2070 631/715/2070 632/717/2070
f 617/708/663 632/717/663 633/721/663
f 610/710/664 625/719/664 626/722/664
f 618/712/665 633/721/665 634/723/665
f 611/697/666 626/722/666 627/724/666
f 619/696/2071 634/723/2071 635/725/2071
f 612/698/668 627/724/668 628/726/668
f 620/699/669 635/725/669 636/727/669
f 613/700/670 628/726/670 629/728/670
f 622/703/671 621/701/671 636/727/671
f 615/704/2072 614/702/2072 629/728/2072
f 634/723/673 649/745/673 650/730/673
f 627/724/2073 642/746/2073 643/731/2073
f 636/727/675 635/725/675 650/730/675
f 628/726/676 643/731/676 644/733/676
f 637/713/2074 636/727/2074 651/732/2074
f 630/729/678 629/728/678 644/733/678
f 637/713/679 652/734/679 653/736/679
f 630/729/680 645/735/680 646/737/680
f 638/714/681 653/736/681 654/738/681
f 632/717/682 631/715/682 646/737/682
f 632/717/685 647/739/685 648/743/685
f 625/719/686 640/741/686 641/744/686
f 633/721/687 648/743/687 649/745/687
f 627/724/688 626/722/688 641/744/688
f 653/736/689 668/762/689 669/747/689
f 646/737/690 661/763/690 662/748/690
f 647/739/693 662/748/693 663/752/693
f 640/741/694 655/750/694 656/753/694
f 648/743/695 663/752/695 664/754/695
f 642/746/696 641/744/696 656/753/696
f 649/745/697 664/754/697 665/756/697
f 642/746/698 657/755/698 658/757/698
f 651/732/699 650/730/699 665/756/699
f 643/731/700 658/757/700 659/759/700
f 652/734/701 651/732/701 666/758/701
f 645/735/702 644/733/702 659/759/702
f 652/734/703 667/760/703 668/762/703
f 646/737/704 645/735/704 660/761/704
f 657/755/705 672/780/705 673/764/705
f 666/758/706 665/756/706 680/765/706
f 658/757/707 673/764/707 674/767/707
f 667/760/708 666/758/708 681/766/708
f 660/761/709 659/759/709 674/767/709
f 667/760/710 682/768/710 683/770/710
f 660/761/711 675/769/711 676/771/711
f 668/762/712 683/770/712 684/772/712
f 661/763/713 676/771/713 677/773/713
f 662/748/716 677/773/716 678/777/716
f 655/750/717 670/775/717 671/778/717
f 663/752/718 678/777/718 679/779/718
f 656/753/719 671/778/719 672/780/719
f 664/754/720 679/779/720 680/765/720
f 677/773/721 676/771/721 691/781/721
f 677/773/724 692/782/724 693/787/724
f 670/775/725 685/784/725 686/788/725
f 678/777/726 693/787/726 694/789/726
f 672/780/727 671/778/727 686/788/727
f 679/779/728 694/789/728 695/791/728
f 672/780/729 687/790/729 688/792/729
f 681/766/730 680/765/730 695/791/730
f 673/764/731 688/792/731 689/794/731
f 681/766/732 696/793/732 697/795/732
f 675/769/733 674/767/733 689/794/733
f 682/768/734 697/795/734 698/797/734
f 675/769/735 690/796/735 691/781/735
f 683/770/736 698/797/736 699/786/736
f 696/793/737 695/791/737 710/798/737
f 688/792/738 703/814/738 704/800/738
f 696/793/739 711/799/739 712/801/739
f 689/794/740 704/800/740 705/802/740
f 697/795/741 712/801/741 713/803/741
f 690/796/742 705/802/742 706/804/742
f 698/797/743 713/803/743 714/805/743
f 692/782/744 691/781/744 706/804/744
f 692/782/747 707/806/747 708/810/747
f 685/784/748 700/808/748 701/811/748
f 693/787/749 708/810/749 709/812/749
f 686/788/750 701/811/750 702/813/750
f 694/789/751 709/812/751 710/798/751
f 687/790/752 702/813/752 703/814/752
f 707/806/755 722/831/755 723/819/755
f 700/808/756 715/816/756 716/820/756
f 708/810/757 723/819/757 724/821/757
f 702/813/758 701/811/758 716/820/758
f 709/812/759 724/821/759 725/823/759
f 702/813/760 717/822/760 718/824/760
f 711/799/761 710/798/761 725/823/761
f 703/814/762 718/824/762 719/826/762
f 711/799/763 726/825/763 727/827/763
f 705/802/764 704/800/764 719/826/764
f 712/801/765 727/827/765 728/829/765
f 706/804/766 705/802/766 720/828/766
f 713/803/767 728/829/767 729/818/767
f 707/806/768 706/804/768 721/830/768
f 718/824/769 733/847/769 734/832/769
f 726/825/770 741/848/770 742/833/770
f 719/826/771 734/832/771 735/834/771
f 727/827/772 742/833/772 743/835/772
f 720/828/773 735/834/773 736/836/773
f 728/829/774 743/835/774 744/837/774
f 722/831/775 721/830/775 736/836/775
f 722/831/778 737/838/778 738/842/778
f 715/816/779 730/840/779 731/843/779
f 723/819/780 738/842/780 739/844/780
f 716/820/781 731/843/781 732/845/781
f 724/821/782 739/844/782 740/846/782
f 717/822/783 732/845/783 733/847/783
f 726/825/784 725/823/784 740/846/784
f 737/838/785 752/863/785 753/849/785
f 731/843/786 730/840/786 745/850/786
f 738/842/787 753/849/787 754/852/787
f 731/843/788 746/851/788 747/853/788
f 739/844/789 754/852/789 755/854/789
f 732/845/790 747/853/790 748/855/790
f 741/848/791 740/846/791 755/854/791
f 733/847/792 748/855/792 749/857/792
f 741/848/793 756/856/793 757/858/793
f 735/834/794 734/832/794 749/857/794
f 743/835/795 742/833/795 757/858/795
f 736/836/796 735/834/796 750/859/796
f 744/837/797 743/835/797 758/860/797
f 736/836/798 751/861/798 752/863/798
f 750/859/801 749/857/801 764/866/801
f 757/858/802 772/882/802 773/868/802
f 750/859/803 765/867/803 766/869/803
f 759/862/804 758/860/804 773/868/804
f 752/863/805 751/861/805 766/869/805
f 752/863/808 767/871/808 768/875/808
f 745/850/809 760/874/809 761/876/809
f 753/849/810 768/875/810 769/877/810
f 747/853/811 746/851/811 761/876/811
f 754/852/812 769/877/812 770/879/812
f 748/855/813 747/853/813 762/878/813
f 756/856/814 755/854/814 770/879/814
f 748/855/815 763/880/815 764/866/815
f 757/858/816 756/856/816 771/881/816
f 768/875/817 783/899/817 784/883/817
f 762/878/818 761/876/818 776/884/818
f 769/877/819 784/883/819 785/886/819
f 762/878/820 777/885/820 778/887/820
f 771/881/821 770/879/821 785/886/821
f 763/880/822 778/887/822 779/889/822
f 772/882/823 771/881/823 786/888/823
f 765/867/824 764/866/824 779/889/824
f 772/882/825 787/890/825 788/892/825
f 766/869/826 765/867/826 780/891/826
f 773/868/827 788/892/827 789/894/827
f 766/869/828 781/893/828 782/895/828
f 767/871/2075 782/895/2075 783/899/2075
f 760/874/832 775/897/832 776/884/832
f 788/892/833 787/890/833 802/900/833
f 781/893/834 780/891/834 795/902/834
f 788/892/835 803/901/835 804/904/835
f 782/895/836 781/893/836 796/903/836
f 782/895/839 797/905/839 798/909/839
f 775/897/840 790/907/840 791/910/840
f 783/899/841 798/909/841 799/911/841
f 776/884/842 791/910/842 792/912/842
f 784/883/843 799/911/843 800/913/843
f 777/885/844 792/912/844 793/914/844
f 786/888/845 785/886/845 800/913/845
f 778/887/846 793/914/846 794/916/846
f 787/890/847 786/888/847 801/915/847
f 780/891/848 779/889/848 794/916/848
f 792/912/849 791/910/849 806/917/849
f 799/911/850 814/933/850 815/919/850
f 792/912/851 807/918/851 808/920/851
f 801/915/852 800/913/852 815/919/852
f 793/914/853 808/920/853 809/922/853
f 802/900/854 801/915/854 816/921/854
f 795/902/855 794/916/855 809/922/855
f 802/900/856 817/923/856 818/925/856
f 795/902/857 810/924/857 811/926/857
f 803/901/858 818/925/858 819/927/858
f 796/903/859 811/926/859 812/928/859
f 797/905/862 812/928/862 813/932/862
f 791/910/863 790/907/863 805/930/863
f 799/911/864 798/909/864 813/932/864
f 811/926/865 810/924/865 825/934/865
f 818/925/2076 833/950/2076 834/936/2076
f 811/926/867 826/935/867 827/937/867
f 812/928/870 827/937/870 828/941/870
f 805/930/2077 820/939/2077 821/942/2077
f 813/932/872 828/941/872 829/943/872
f 806/917/873 821/942/873 822/944/873
f 814/933/874 829/943/874 830/945/874
f 807/918/875 822/944/875 823/946/875
f 816/921/876 815/919/876 830/945/876
f 808/920/877 823/946/877 824/948/877
f 816/921/878 831/947/878 832/949/878
f 809/922/879 824/948/879 825/934/879
f 817/923/880 832/949/880 833/950/880
f 829/943/881 844/966/881 845/951/881
f 822/944/882 837/967/882 838/952/882
f 831/947/883 830/945/883 845/951/883
f 823/946/884 838/952/884 839/954/884
f 832/949/885 831/947/885 846/953/885
f 825/934/886 824/948/886 839/954/886
f 832/949/887 847/955/887 848/957/887
f 825/934/888 840/956/888 841/958/888
f 833/950/889 848/957/889 849/959/889
f 826/935/890 841/958/890 842/960/890
f 827/937/893 842/960/893 843/964/893
f 821/942/894 820/939/894 835/962/894
f 828/941/895 843/964/895 844/966/895
f 821/942/896 836/965/896 837/967/896
f 848/957/897 863/983/897 864/968/897
f 841/958/898 856/984/898 857/969/898
f 842/960/901 857/969/901 858/973/901
f 836/965/902 835/962/902 850/971/902
f 843/964/903 858/973/903 859/975/903
f 836/965/904 851/974/904 852/976/904
f 844/966/905 859/975/905 860/977/905
f 838/952/906 837/967/906 852/976/906
f 846/953/907 845/951/907 860/977/907
f 838/952/908 853/978/908 854/980/908
f 847/955/909 846/953/909 861/979/909
f 840/956/910 839/954/910 854/980/910
f 847/955/911 862/981/911 863/983/911
f 841/958/912 840/956/912 855/982/912
f 861/979/913 860/977/913 875/985/913
f 853/978/914 868/1001/914 869/987/914
f 862/981/915 861/979/915 876/986/915
f 855/982/916 854/980/916 869/987/916
f 862/981/917 877/988/917 878/990/917
f 856/984/918 855/982/918 870/989/918
f 863/983/919 878/990/919 879/992/919
f 856/984/920 871/991/920 872/993/920
f 857/969/923 872/993/923 873/997/923
f 850/971/924 865/995/924 866/998/924
f 858/973/925 873/997/925 874/999/925
f 852/976/926 851/974/926 866/998/926
f 859/975/927 874/999/927 875/985/927
f 852/976/928 867/1000/928 868/1001/928
f 872/993/931 887/1018/931 888/1006/931
f 865/995/2078 880/1003/2078 881/1007/2078
f 873/997/933 888/1006/933 889/1008/933
f 866/998/934 881/1007/934 882/1009/934
f 874/999/935 889/1008/935 890/1010/935
f 868/1001/936 867/1000/936 882/1009/936
f 876/986/937 875/985/937 890/1010/937
f 868/1001/938 883/1011/938 884/1013/938
f 877/988/939 876/986/939 891/1012/939
f 869/987/940 884/1013/940 885/1015/940
f 877/988/941 892/1014/941 893/1016/941
f 870/989/942 885/1015/942 886/1017/942
f 878/990/943 893/1016/943 894/1005/943
f 871/991/944 886/1017/944 887/1018/944
f 883/1011/945 898/1035/945 899/1019/945
f 892/1014/946 891/1012/946 906/1020/946
f 884/1013/947 899/1019/947 900/1022/947
f 893/1016/948 892/1014/948 907/1021/948
f 886/1017/949 885/1015/949 900/1022/949
f 893/1016/950 908/1023/950 909/1025/950
f 886/1017/951 901/1024/951 902/1026/951
f 887/1018/954 902/1026/954 903/1030/954
f 880/1003/955 895/1028/955 896/1031/955
f 888/1006/956 903/1030/956 904/1032/956
f 881/1007/957 896/1031/957 897/1033/957
f 889/1008/958 904/1032/958 905/1034/958
f 882/1009/959 897/1033/959 898/1035/959
f 891/1012/960 890/1010/960 905/1034/960
f 902/1026/961 917/1049/961 918/1036/961
f 895/1028/962 910/1051/962 911/1037/962
f 903/1030/963 918/1036/963 919/1038/963
f 897/1033/964 896/1031/964 911/1037/964
f 904/1032/965 919/1038/965 920/1040/965
f 897/1033/966 912/1039/966 913/1041/966
f 906/1020/967 905/1034/967 920/1040/967
f 898/1035/968 913/1041/968 914/1043/968
f 906/1020/969 921/1042/969 922/1044/969
f 900/1022/970 899/1019/970 914/1043/970
f 907/1021/971 922/1044/971 923/1046/971
f 900/1022/972 915/1045/972 916/1047/972
f 908/1023/973 923/1046/973 924/1048/973
f 902/1026/974 901/1024/974 916/1047/974
f 921/1042/977 936/1069/977 937/1053/977
f 915/1045/978 914/1043/978 929/1054/978
f 922/1044/979 937/1053/979 938/1056/979
f 916/1047/980 915/1045/980 930/1055/980
f 923/1046/2079 938/1056/2079 939/1058/2079
f 916/1047/982 931/1057/982 932/1059/982
f 917/1049/985 932/1059/985 933/1063/985
f 910/1051/2080 925/1061/2080 926/1064/2080
f 918/1036/987 933/1063/987 934/1065/987
f 912/1039/988 911/1037/988 926/1064/988
f 919/1038/989 934/1065/989 935/1067/989
f 912/1039/990 927/1066/990 928/1068/990
f 921/1042/991 920/1040/991 935/1067/991
f 913/1041/992 928/1068/992 929/1054/992
f 925/1061/993 940/1084/993 941/1070/993
f 933/1063/994 948/1086/994 949/1071/994
f 927/1066/995 926/1064/995 941/1070/995
f 934/1065/996 949/1071/996 950/1073/996
f 927/1066/997 942/1072/997 943/1074/997
f 936/1069/998 935/1067/998 950/1073/998
f 928/1068/999 943/1074/999 944/1076/999
f 936/1069/1000 951/1075/1000 952/1077/1000
f 930/1055/1001 929/1054/1001 944/1076/1001
f 937/1053/1002 952/1077/1002 953/1079/1002
f 930/1055/1003 945/1078/1003 946/1080/1003
f 938/1056/1004 953/1079/1004 954/1081/1004
f 931/1057/1005 946/1080/1005 947/1082/1005
f 932/1059/1008 947/1082/1008 948/1086/1008
f 945/1078/1009 944/1076/1009 959/1087/1009
f 952/1077/1010 967/1103/1010 968/1089/1010
f 946/1080/1011 945/1078/1011 960/1088/1011
f 953/1079/1012 968/1089/1012 969/1091/1012
f 946/1080/1013 961/1090/1013 962/1092/1013
f 947/1082/1016 962/1092/1016 963/1096/1016
f 941/1070/1017 940/1084/1017 955/1094/1017
f 948/1086/1018 963/1096/1018 964/1098/1018
f 942/1072/1019 941/1070/1019 956/1097/1019
f 949/1071/1020 964/1098/1020 965/1100/1020
f 942/1072/1021 957/1099/1021 958/1101/1021
f 951/1075/1022 950/1073/1022 965/1100/1022
f 943/1074/1023 958/1101/1023 959/1087/1023
f 952/1077/1024 951/1075/1024 966/1102/1024
f 963/1096/1025 979/1119/1025 980/1104/1025
f 956/1097/1026 972/1120/1026 973/1105/1026
f 964/1098/1027 980/1104/1027 981/1106/1027
f 958/1101/1028 957/1099/1028 973/1105/1028
f 966/1102/1029 965/1100/1029 981/1106/1029
f 958/1101/1030 974/1107/1030 975/1109/1030
f 966/1102/1031 982/1108/1031 983/1110/1031
f 960/1088/1032 959/1087/1032 975/1109/1032
f 967/1103/1033 983/1110/1033 984/1112/1033
f 961/1090/1034 960/1088/1034 976/1111/1034
f 968/1089/1035 984/1112/1035 985/1114/1035
f 962/1092/1036 961/1090/1036 977/1113/1036
f 962/1092/1039 978/1115/1039 979/1119/1039
f 955/1094/1040 971/1117/1040 972/1120/1040
f 983/1110/1041 998/1137/1041 999/1121/1041
f 977/1113/1042 976/1111/1042 991/1122/1042
f 985/1114/1043 984/1112/1043 999/1121/1043
f 977/1113/1044 992/1123/1044 993/1125/1044
f 978/1115/1047 993/1125/1047 994/1129/1047
f 971/1117/1048 986/1127/1048 987/1130/1048
f 979/1119/1049 994/1129/1049 995/1131/1049
f 972/1120/1050 987/1130/1050 988/1132/1050
f 980/1104/1051 995/1131/1051 996/1133/1051
f 973/1105/1052 988/1132/1052 989/1134/1052
f 982/1108/1053 981/1106/1053 996/1133/1053
f 974/1107/1054 989/1134/1054 990/1136/1054
f 982/1108/1055 997/1135/1055 998/1137/1055
f 975/1109/1056 990/1136/1056 991/1122/1056
f 995/1131/1057 1010/1154/1057 1011/1138/1057
f 989/1134/1058 988/1132/1058 1003/1139/1058
f 997/1135/1059 996/1133/1059 1011/1138/1059
f 989/1134/1060 1004/1140/1060 1005/1142/1060
f 997/1135/1061 1012/1141/1061 1013/1143/1061
f 991/1122/1062 990/1136/1062 1005/1142/1062
f 998/1137/1063 1013/1143/1063 1014/1145/1063
f 991/1122/1064 1006/1144/1064 1007/1146/1064
f 999/1121/2081 1014/1145/2081 1015/1147/2081
f 992/1123/1066 1007/1146/1066 1008/1148/1066
f 993/1125/1069 1008/1148/1069 1009/1152/1069
f 986/1127/2082 1001/1150/2082 1002/1153/2082
f 994/1129/1071 1009/1152/1071 1010/1154/1071
f 987/1130/1072 1002/1153/1072 1003/1139/1072
f 1015/1147/1073 1014/1145/1073 1029/1155/1073
f 1007/1146/1074 1022/1171/1074 1023/1157/1074
f 1008/1148/1077 1023/1157/1077 1024/1161/1077
f 1001/1150/1078 1016/1159/1078 1017/1162/1078
f 1009/1152/1079 1024/1161/1079 1025/1163/1079
f 1002/1153/1080 1017/1162/1080 1018/1164/1080
f 1010/1154/1081 1025/1163/1081 1026/1165/1081
f 1004/1140/1082 1003/1139/1082 1018/1164/1082
f 1012/1141/1083 1011/1138/1083 1026/1165/1083
f 1004/1140/1084 1019/1166/1084 1020/1168/1084
f 1012/1141/1085 1027/1167/1085 1028/1169/1085
f 1006/1144/1086 1005/1142/1086 1020/1168/1086
f 1013/1143/1087 1028/1169/1087 1029/1155/1087
f 1006/1144/1088 1021/1170/1088 1022/1171/1088
f 1018/1164/1089 1033/1188/1089 1034/1172/1089
f 1027/1167/1090 1026/1165/1090 1041/1173/1090
f 1019/1166/1091 1034/1172/1091 1035/1175/1091
f 1028/1169/1092 1027/1167/1092 1042/1174/1092
f 1021/1170/1093 1020/1168/1093 1035/1175/1093
f 1028/1169/1094 1043/1176/1094 1044/1178/1094
f 1022/1171/1095 1021/1170/1095 1036/1177/1095
f 1029/1155/1096 1044/1178/1096 1045/1180/1096
f 1023/1157/1097 1022/1171/1097 1037/1179/1097
f 1023/1157/1100 1038/1181/1100 1039/1185/1100
f 1016/1159/1101 1031/1183/1101 1032/1186/1101
f 1025/1163/1102 1024/1161/1102 1039/1185/1102
f 1017/1162/1103 1032/1186/1103 1033/1188/1103
f 1025/1163/1104 1040/1187/1104 1041/1173/1104
f 1037/1179/1105 1052/1205/1105 1053/1189/1105
f 1038/1181/1108 1053/1189/1108 1054/1194/1108
f 1031/1183/2083 1046/1191/2083 1047/1195/2083
f 1040/1187/1110 1039/1185/1110 1054/1194/1110
f 1033/1188/1111 1032/1186/1111 1047/1195/1111
f 1040/1187/1112 1055/1196/1112 1056/1198/1112
f 1033/1188/1113 1048/1197/1113 1049/1199/1113
f 1042/1174/1114 1041/1173/1114 1056/1198/1114
f 1034/1172/1115 1049/1199/1115 1050/1201/1115
f 1043/1176/1116 1042/1174/1116 1057/1200/1116
f 1036/1177/1117 1035/1175/1117 1050/1201/1117
f 1043/1176/1118 1058/1202/1118 1059/1204/1118
f 1036/1177/1119 1051/1203/1119 1052/1205/1119
f 1044/1178/1120 1059/1204/1120 1060/1193/1120
f 1057/1200/1121 1056/1198/1121 1071/1206/1121
f 1049/1199/1122 1064/1222/1122 1065/1208/1122
f 1058/1202/1123 1057/1200/1123 1072/1207/1123
f 1051/1203/1124 1050/1201/1124 1065/1208/1124
f 1058/1202/1125 1073/1209/1125 1074/1211/1125
f 1051/1203/1126 1066/1210/1126 1067/1212/1126
f 1059/1204/1127 1074/1211/1127 1075/1213/1127
f 1052/1205/1128 1067/1212/1128 1068/1214/1128
f 1053/1189/1131 1068/1214/1131 1069/1218/1131
f 1046/1191/1132 1061/1216/1132 1062/1219/1132
f 1054/1194/1133 1069/1218/1133 1070/1220/1133
f 1048/1197/1134 1047/1195/1134 1062/1219/1134
f 1055/1196/1135 1070/1220/1135 1071/1206/1135
f 1048/1197/1136 1063/1221/1136 1064/1222/1136
f 1068/1214/1139 1083/1239/1139 1084/1227/1139
f 1061/1216/1140 1076/1224/1140 1077/1228/1140
f 1069/1218/1141 1084/1227/1141 1085/1229/1141
f 1063/1221/1142 1062/1219/1142 1077/1228/1142
f 1070/1220/1143 1085/1229/1143 1086/1231/1143
f 1063/1221/1144 1078/1230/1144 1079/1232/1144
f 1072/1207/1145 1071/1206/1145 1086/1231/1145
f 1064/1222/1146 1079/1232/1146 1080/1234/1146
f 1073/1209/1147 1072/1207/1147 1087/1233/1147
f 1065/1208/1148 1080/1234/1148 1081/1236/1148
f 1073/1209/1149 1088/1235/1149 1089/1237/1149
f 1066/1210/1150 1081/1236/1150 1082/1238/1150
f 1074/1211/1151 1089/1237/1151 1090/1226/1151
f 1067/1212/1152 1082/1238/1152 1083/1239/1152
f 1079/1232/1153 1094/1256/1153 1095/1240/1153
f 1088/1235/1154 1087/1233/1154 1102/1241/1154
f 1080/1234/1155 1095/1240/1155 1096/1243/1155
f 1088/1235/1156 1103/1242/1156 1104/1244/1156
f 1081/1236/1157 1096/1243/1157 1097/1245/1157
f 1089/1237/1158 1104/1244/1158 1105/1246/1158
f 1082/1238/1159 1097/1245/1159 1098/1247/1159
f 1083/1239/1162 1098/1247/1162 1099/1251/1162
f 1076/1224/1163 1091/1249/1163 1092/1252/1163
f 1084/1227/1164 1099/1251/1164 1100/1253/1164
f 1078/1230/1165 1077/1228/1165 1092/1252/1165
f 1085/1229/1166 1100/1253/1166 1101/1255/1166
f 1078/1230/1167 1093/1254/1167 1094/1256/1167
f 1087/1233/1168 1086/1231/1168 1101/1255/1168
f 1098/1247/1169 1113/1270/1169 1114/1257/1169
f 1091/1249/1170 1106/1272/1170 1107/1258/1170
f 1099/1251/1171 1114/1257/1171 1115/1259/1171
f 1093/1254/1172 1092/1252/1172 1107/1258/1172
f 1100/1253/1173 1115/1259/1173 1116/1261/1173
f 1093/1254/1174 1108/1260/1174 1109/1262/1174
f 1102/1241/1175 1101/1255/1175 1116/1261/1175
f 1094/1256/1176 1109/1262/1176 1110/1264/1176
f 1103/1242/1177 1102/1241/1177 1117/1263/1177
f 1096/1243/1178 1095/1240/1178 1110/1264/1178
f 1103/1242/1179 1118/1265/1179 1119/1267/1179
f 1096/1243/1180 1111/1266/1180 1112/1268/1180
f 1104/1244/2084 1119/1267/2084 1120/1269/2084
f 1098/1247/1182 1097/1245/1182 1112/1268/1182
f 1118/1265/1185 1117/1263/1185 1132/1274/1185
f 1111/1266/1186 1110/1264/1186 1125/1276/1186
f 1118/1265/1187 1133/1275/1187 1134/1278/1187
f 1111/1266/1188 1126/1277/1188 1127/1279/1188
f 1120/1269/1189 1119/1267/1189 1134/1278/1189
f 1113/1270/1190 1112/1268/1190 1127/1279/1190
f 1113/1270/1193 1128/1281/1193 1129/1285/1193
f 1106/1272/1194 1121/1283/1194 1122/1286/1194
f 1114/1257/1195 1129/1285/1195 1130/1287/1195
f 1108/1260/1196 1107/1258/1196 1122/1286/1196
f 1115/1259/1197 1130/1287/1197 1131/1289/1197
f 1108/1260/1198 1123/1288/1198 1124/1290/1198
f 1117/1263/1199 1116/1261/1199 1131/1289/1199
f 1109/1262/1200 1124/1290/1200 1125/1276/1200
f 1129/1285/1201 1144/1307/1201 1145/1291/1201
f 1123/1288/1202 1122/1286/1202 1137/1292/1202
f 1130/1287/1203 1145/1291/1203 1146/1294/1203
f 1123/1288/1204 1138/1293/1204 1139/1295/1204
f 1132/1274/1205 1131/1289/1205 1146/1294/1205
f 1124/1290/1206 1139/1295/1206 1140/1297/1206
f 1132/1274/1207 1147/1296/1207 1148/1298/1207
f 1125/1276/1208 1140/1297/1208 1141/1299/1208
f 1133/1275/1209 1148/1298/1209 1149/1300/1209
f 1126/1277/1210 1141/1299/1210 1142/1301/1210
f 1134/1278/1211 1149/1300/1211 1150/1302/1211
f 1128/1281/1212 1127/1279/1212 1142/1301/1212
f 1128/1281/1215 1143/1303/1215 1144/1307/1215
f 1121/1283/1216 1136/1305/1216 1137/1292/1216
f 1148/1298/1217 1163/1323/1217 1164/1308/1217
f 1141/1299/1218 1156/1324/1218 1157/1309/1218
f 1150/1302/1219 1149/1300/1219 1164/1308/1219
f 1143/1303/1220 1142/1301/1220 1157/1309/1220
f 1143/1303/1223 1158/1311/1223 1159/1315/1223
f 1136/1305/1224 1151/1313/1224 1152/1316/1224
f 1145/1291/1225 1144/1307/1225 1159/1315/1225
f 1137/1292/1226 1152/1316/1226 1153/1318/1226
f 1145/1291/1227 1160/1317/1227 1161/1319/1227
f 1139/1295/1228 1138/1293/1228 1153/1318/1228
f 1147/1296/1229 1146/1294/1229 1161/1319/1229
f 1139/1295/1230 1154/1320/1230 1155/1322/1230
f 1148/1298/1231 1147/1296/1231 1162/1321/1231
f 1141/1299/1232 1140/1297/1232 1155/1322/1232
f 1153/1318/1233 1152/1316/1233 1167/1325/1233
f 1160/1317/1234 1175/1341/1234 1176/1327/1234
f 1153/1318/1235 1168/1326/1235 1169/1328/1235
f 1162/1321/1236 1161/1319/1236 1176/1327/1236
f 1154/1320/1237 1169/1328/1237 1170/1330/1237
f 1162/1321/1238 1177/1329/1238 1178/1331/1238
f 1156/1324/1239 1155/1322/1239 1170/1330/1239
f 1163/1323/1240 1178/1331/1240 1179/1333/1240
f 1156/1324/1241 1171/1332/1241 1172/1334/1241
f 1164/1308/1242 1179/1333/1242 1180/1335/1242
f 1158/1311/1243 1157/1309/1243 1172/1334/1243
f 1158/1311/1246 1173/1336/1246 1174/1340/1246
f 1152/1316/1247 1151/1313/1247 1166/1338/1247
f 1159/1315/1248 1174/1340/1248 1175/1341/1248
f 1171/1332/1249 1186/1357/1249 1187/1342/1249
f 1179/1333/1250 1194/1358/1250 1195/1343/1250
f 1173/1336/1251 1172/1334/1251 1187/1342/1251
f 1173/1336/1254 1188/1344/1254 1189/1348/1254
f 1167/1325/1255 1166/1338/1255 1181/1346/1255
f 1174/1340/1256 1189/1348/1256 1190/1350/1256
f 1168/1326/1257 1167/1325/1257 1182/1349/1257
f 1175/1341/1258 1190/1350/1258 1191/1352/1258
f 1168/1326/1259 1183/1351/1259 1184/1353/1259
f 1177/1329/1260 1176/1327/1260 1191/1352/1260
f 1169/1328/1261 1184/1353/1261 1185/1355/1261
f 1178/1331/1262 1177/1329/1262 1192/1354/1262
f 1171/1332/1263 1170/1330/1263 1185/1355/1263
f 1178/1331/1264 1193/1356/1264 1194/1358/1264
f 1190/1350/1265 1205/1374/1265 1206/1359/1265
f 1183/1351/1266 1198/1375/1266 1199/1360/1266
f 1192/1354/1267 1191/1352/1267 1206/1359/1267
f 1184/1353/1268 1199/1360/1268 1200/1362/1268
f 1193/1356/1269 1192/1354/1269 1207/1361/1269
f 1186/1357/1270 1185/1355/1270 1200/1362/1270
f 1194/1358/1271 1193/1356/1271 1208/1363/1271
f 1186/1357/1272 1201/1364/1272 1202/1366/1272
f 1195/1343/1273 1194/1358/1273 1209/1365/1273
f 1188/1344/1274 1187/1342/1274 1202/1366/1274
f 1188/1344/1277 1203/1368/1277 1204/1372/1277
f 1181/1346/1278 1196/1370/1278 1197/1373/1278
f 1189/1348/1279 1204/1372/1279 1205/1374/1279
f 1183/1351/1280 1182/1349/1280 1197/1373/1280
f 1210/1367/1281 1209/1365/1281 1224/1376/1281
f 1203/1368/1282 1202/1366/1282 1217/1378/1282
f 1203/1368/1285 1218/1379/1285 1219/1383/1285
f 1196/1370/1286 1211/1381/1286 1212/1384/1286
f 1204/1372/1287 1219/1383/1287 1220/1385/1287
f 1197/1373/1288 1212/1384/1288 1213/1386/1288
f 1205/1374/1289 1220/1385/1289 1221/1387/1289
f 1199/1360/1290 1198/1375/1290 1213/1386/1290
f 1207/1361/1291 1206/1359/1291 1221/1387/1291
f 1199/1360/1292 1214/1388/1292 1215/1390/1292
f 1208/1363/1293 1207/1361/1293 1222/1389/1293
f 1201/1364/1294 1200/1362/1294 1215/1390/1294
f 1208/1363/1295 1223/1391/1295 1224/1376/1295
f 1201/1364/1296 1216/1392/1296 1217/1378/1296
f 1213/1386/1297 1228/1409/1297 1229/1393/1297
f 1222/1389/1298 1221/1387/1298 1236/1394/1298
f 1214/1388/1299 1229/1393/1299 1230/1396/1299
f 1222/1389/1300 1237/1395/1300 1238/1397/1300
f 1216/1392/1301 1215/1390/1301 1230/1396/1301
f 1223/1391/1302 1238/1397/1302 1239/1399/1302
f 1216/1392/1303 1231/1398/1303 1232/1400/1303
f 1225/1377/1304 1224/1376/1304 1239/1399/1304
f 1218/1379/1305 1217/1378/1305 1232/1400/1305
f 1218/1379/1308 1233/1402/1308 1234/1406/1308
f 1211/1381/1309 1226/1404/1309 1227/1407/1309
f 1219/1383/1310 1234/1406/1310 1235/1408/1310
f 1212/1384/1311 1227/1407/1311 1228/1409/1311
f 1220/1385/1312 1235/1408/1312 1236/1394/1312
f 1233/1402/1313 1232/1400/1313 1247/1410/1313
f 1233/1402/1316 1248/1411/1316 1249/1416/1316
f 1226/1404/1317 1241/1413/1317 1242/1417/1317
f 1234/1406/1318 1249/1416/1318 1250/1418/1318
f 1227/1407/1319 1242/1417/1319 1243/1419/1319
f 1235/1408/1320 1250/1418/1320 1251/1420/1320
f 1228/1409/1321 1243/1419/1321 1244/1421/1321
f 1237/1395/1322 1236/1394/1322 1251/1420/1322
f 1229/1393/1323 1244/1421/1323 1245/1423/1323
f 1238/1397/1324 1237/1395/1324 1252/1422/1324
f 1231/1398/1325 1230/1396/1325 1245/1423/1325
f 1238/1397/1326 1253/1424/1326 1254/1426/1326
f 1232/1400/1327 1231/1398/1327 1246/1425/1327
f 1240/1401/1328 1239/1399/1328 1254/1426/1328
f 1252/1422/1329 1251/1420/1329 1266/1427/1329
f 1244/1421/1330 1259/1443/1330 1260/1429/1330
f 1253/1424/1331 1252/1422/1331 1267/1428/1331
f 1246/1425/1332 1245/1423/1332 1260/1429/1332
f 1253/1424/1333 1268/1430/1333 1269/1432/1333
f 1246/1425/1334 1261/1431/1334 1262/1433/1334
f 1254/1426/1335 1269/1432/1335 1270/1434/1335
f 1248/1411/2085 1247/1410/2085 1262/1433/2085
f 1248/1411/2086 1263/1435/2086 1264/1439/2086
f 1241/1413/1340 1256/1437/1340 1257/1440/1340
f 1249/1416/1341 1264/1439/1341 1265/1441/1341
f 1243/1419/1342 1242/1417/1342 1257/1440/1342
f 1250/1418/1343 1265/1441/1343 1266/1427/1343
f 1243/1419/1344 1258/1442/1344 1259/1443/1344
f 1263/1435/1346 1278/1458/1346 1279/1446/1346
f 1256/1437/1347 1271/1460/1347 1272/1447/1347
f 1265/1441/1348 1264/1439/1348 1279/1446/1348
f 1257/1440/1349 1272/1447/1349 1273/1449/1349
f 1265/1441/1350 1280/1448/1350 1281/1450/1350
f 1258/1442/1351 1273/1449/1351 1274/1451/1351
f 1267/1428/1352 1266/1427/1352 1281/1450/1352
f 1259/1443/1353 1274/1451/1353 1275/1453/1353
f 1268/1430/1354 1267/1428/1354 1282/1452/1354
f 1261/1431/1355 1260/1429/1355 1275/1453/1355
f 1269/1432/1356 1268/1430/1356 1283/1454/1356
f 1261/1431/1357 1276/1455/1357 1277/1457/1357
f 1270/1434/1358 1269/1432/1358 1284/1456/1358
f 1263/1435/1359 1262/1433/1359 1277/1457/1359
f 1283/1454/1361 1282/1452/1361 1297/1461/1361
f 1276/1455/1362 1275/1453/1362 1290/1463/1362
f 1283/1454/1363 1298/1462/1363 1299/1465/1363
f 1276/1455/1364 1291/1464/1364 1292/1466/1364
f 1284/1456/1365 1299/1465/1365 1300/1467/1365
f 1278/1458/1366 1277/1457/1366 1292/1466/1366
f 1278/1458/1369 1293/1468/1369 1294/1472/1369
f 1272/1447/1370 1271/1460/1370 1286/1470/1370
f 1280/1448/1371 1279/1446/1371 1294/1472/1371
f 1273/1449/1372 1272/1447/1372 1287/1473/1372
f 1280/1448/1373 1295/1474/1373 1296/1476/1373
f 1273/1449/1374 1288/1475/1374 1289/1477/1374
f 1282/1452/1375 1281/1450/1375 1296/1476/1375
f 1274/1451/1376 1289/1477/1376 1290/1463/1376
f 1286/1470/1377 1301/1493/1377 1302/1478/1377
f 1295/1474/1378 1294/1472/1378 1309/1479/1378
f 1288/1475/1379 1287/1473/1379 1302/1478/1379
f 1295/1474/1380 1310/1480/1380 1311/1482/1380
f 1288/1475/1381 1303/1481/1381 1304/1483/1381
f 1297/1461/1382 1296/1476/1382 1311/1482/1382
f 1289/1477/1383 1304/1483/1383 1305/1485/1383
f 1298/1462/1384 1297/1461/1384 1312/1484/1384
f 1291/1464/1385 1290/1463/1385 1305/1485/1385
f 1298/1462/1386 1313/1486/1386 1314/1488/1386
f 1291/1464/1387 1306/1487/1387 1307/1489/1387
f 1299/1465/1388 1314/1488/1388 1315/1490/1388
f 1292/1466/1389 1307/1489/1389 1308/1491/1389
f 1293/1468/1392 1308/1491/1392 1309/1479/1392
f 1306/1487/1393 1305/1485/1393 1320/1495/1393
f 1313/1486/1394 1328/1511/1394 1329/1497/1394
f 1306/1487/1395 1321/1496/1395 1322/1498/1395
f 1314/1488/1396 1329/1497/1396 1330/1499/1396
f 1307/1489/1397 1322/1498/1397 1323/1500/1397
f 1308/1491/1400 1323/1500/1400 1324/1504/1400
f 1301/1493/1401 1316/1502/1401 1317/1505/1401
f 1309/1479/1402 1324/1504/1402 1325/1506/1402
f 1303/1481/1403 1302/1478/1403 1317/1505/1403
f 1310/1480/1404 1325/1506/1404 1326/1508/1404
f 1303/1481/1405 1318/1507/1405 1319/1509/1405
f 1312/1484/1406 1311/1482/1406 1326/1508/1406
f 1304/1483/1407 1319/1509/1407 1320/1495/1407
f 1312/1484/1408 1327/1510/1408 1328/1511/1408
f 1324/1504/1409 1339/1527/1409 1340/1512/1409
f 1317/1505/1410 1332/1528/1410 1333/1513/1410
f 1325/1506/1411 1340/1512/1411 1341/1514/1411
f 1318/1507/1412 1333/1513/1412 1334/1515/1412
f 1327/1510/1413 1326/1508/1413 1341/1514/1413
f 1319/1509/1414 1334/1515/1414 1335/1517/1414
f 1328/1511/1415 1327/1510/1415 1342/1516/1415
f 1321/1496/1416 1320/1495/1416 1335/1517/1416
f 1329/1497/1417 1328/1511/1417 1343/1518/1417
f 1321/1496/1418 1336/1519/1418 1337/1521/1418
f 1329/1497/1419 1344/1520/1419 1345/1522/1419
f 1323/1500/1420 1322/1498/1420 1337/1521/1420
f 1323/1500/1423 1338/1523/1423 1339/1527/1423
f 1316/1502/1424 1331/1525/1424 1332/1528/1424
f 1343/1518/1425 1358/1544/1425 1359/1529/1425
f 1336/1519/1426 1351/1545/1426 1352/1530/1426
f 1345/1522/1427 1344/1520/1427 1359/1529/1427
f 1338/1523/1428 1337/1521/1428 1352/1530/1428
f 1338/1523/1431 1353/1532/1431 1354/1536/1431
f 1331/1525/1432 1346/1534/1432 1347/1537/1432
f 1339/1527/1433 1354/1536/1433 1355/1538/1433
f 1332/1528/1434 1347/1537/1434 1348/1539/1434
f 1340/1512/1435 1355/1538/1435 1356/1540/1435
f 1333/1513/1436 1348/1539/1436 1349/1541/1436
f 1342/1516/1437 1341/1514/1437 1356/1540/1437
f 1334/1515/1438 1349/1541/1438 1350/1543/1438
f 1343/1518/1439 1342/1516/1439 1357/1542/1439
f 1336/1519/1440 1335/1517/1440 1350/1543/1440
f 1348/1539/1441 1347/1537/1441 1362/1546/1441
f 1355/1538/1442 1370/1562/1442 1371/1548/1442
f 1348/1539/1443 1363/1547/1443 1364/1549/1443
f 1357/1542/1444 1356/1540/1444 1371/1548/1444
f 1349/1541/1445 1364/1549/1445 1365/1551/1445
f 1358/1544/1446 1357/1542/1446 1372/1550/1446
f 1351/1545/1447 1350/1543/1447 1365/1551/1447
f 1358/1544/1448 1373/1552/1448 1374/1554/1448
f 1351/1545/1449 1366/1553/1449 1367/1555/1449
f 1359/1529/1450 1374/1554/1450 1375/1556/1450
f 1353/1532/1451 1352/1530/1451 1367/1555/1451
f 1353/1532/1454 1368/1557/1454 1369/1561/1454
f 1347/1537/1455 1346/1534/1455 1361/1559/1455
f 1355/1538/1456 1354/1536/1456 1369/1561/1456
f 1366/1553/1457 1382/1579/1457 1383/1563/1457
f 1375/1556/1458 1374/1554/1458 1390/1564/1458
f 1367/1555/1459 1383/1563/1459 1384/1566/1459
f 1368/1557/1462 1384/1566/1462 1385/1570/1462
f 1361/1559/1463 1377/1568/1463 1378/1571/1463
f 1370/1562/1464 1369/1561/1464 1385/1570/1464
f 1362/1546/1465 1378/1571/1465 1379/1573/1465
f 1370/1562/1466 1386/1572/1466 1387/1574/1466
f 1363/1547/1467 1379/1573/1467 1380/1575/1467
f 1372/1550/1468 1371/1548/1468 1387/1574/1468
f 1364/1549/1469 1380/1575/1469 1381/1577/1469
f 1373/1552/1470 1372/1550/1470 1388/1576/1470
f 1366/1553/1471 1365/1551/1471 1381/1577/1471
f 1373/1552/2087 1389/1578/2087 1390/1564/2087
f 1386/1572/1473 1401/1595/1473 1402/1580/1473
f 1379/1573/1474 1394/1596/1474 1395/1581/1474
f 1388/1576/1475 1387/1574/1475 1402/1580/1475
f 1380/1575/1476 1395/1581/1476 1396/1583/1476
f 1388/1576/1477 1403/1582/1477 1404/1584/1477
f 1382/1579/1478 1381/1577/1478 1396/1583/1478
f 1390/1564/1479 1389/1578/1479 1404/1584/1479
f 1382/1579/1480 1397/1585/1480 1398/1587/1480
f 1390/1564/1481 1405/1586/1481 1406/1588/1481
f 1384/1566/1482 1383/1563/1482 1398/1587/1482
f 1384/1566/1485 1399/1589/1485 1400/1593/1485
f 1377/1568/1486 1392/1591/1486 1393/1594/1486
f 1385/1570/1487 1400/1593/1487 1401/1595/1487
f 1379/1573/1488 1378/1571/1488 1393/1594/1488
f 1406/1588/1489 1405/1586/1489 1420/1597/1489
f 1399/1589/1490 1398/1587/1490 1413/1599/1490
f 1399/1589/1493 1414/1600/1493 1415/1604/1493
f 1392/1591/1494 1407/1602/1494 1408/1605/1494
f 1401/1595/1495 1400/1593/1495 1415/1604/1495
f 1393/1594/1496 1408/1605/1496 1409/1607/1496
f 1401/1595/1497 1416/1606/1497 1417/1608/1497
f 1394/1596/1498 1409/1607/1498 1410/1609/1498
f 1403/1582/1499 1402/1580/1499 1417/1608/1499
f 1395/1581/1500 1410/1609/1500 1411/1611/1500
f 1404/1584/1501 1403/1582/1501 1418/1610/1501
f 1397/1585/1502 1396/1583/1502 1411/1611/1502
f 1405/1586/1503 1404/1584/1503 1419/1612/1503
f 1398/1587/1504 1397/1585/1504 1412/1613/1504
f 1418/1610/1505 1417/1608/1505 1432/1614/1505
f 1410/1609/1506 1425/1630/1506 1426/1616/1506
f 1418/1610/1507 1433/1615/1507 1434/1617/1507
f 1412/1613/1508 1411/1611/1508 1426/1616/1508
f 1419/1612/1509 1434/1617/1509 1435/1619/1509
f 1412/1613/1510 1427/1618/1510 1428/1620/1510
f 1420/1597/1511 1435/1619/1511 1436/1621/1511
f 1413/1599/1512 1428/1620/1512 1429/1622/1512
f 1414/1600/1515 1429/1622/1515 1430/1626/1515
f 1407/1602/1516 1422/1624/1516 1423/1627/1516
f 1416/1606/1517 1415/1604/1517 1430/1626/1517
f 1409/1607/1518 1408/1605/1518 1423/1627/1518
f 1416/1606/1519 1431/1628/1519 1432/1614/1519
f 1409/1607/1520 1424/1629/1520 1425/1630/1520
f 1429/1622/1523 1444/1647/1523 1445/1635/1523
f 1422/1624/1524 1437/1632/1524 1438/1636/1524
f 1430/1626/1525 1445/1635/1525 1446/1637/1525
f 1424/1629/1526 1423/1627/1526 1438/1636/1526
f 1431/1628/1527 1446/1637/1527 1447/1639/1527
f 1424/1629/1528 1439/1638/1528 1440/1640/1528
f 1433/1615/1529 1432/1614/1529 1447/1639/1529
f 1425/1630/1530 1440/1640/1530 1441/1642/1530
f 1434/1617/1531 1433/1615/1531 1448/1641/1531
f 1427/1618/1532 1426/1616/1532 1441/1642/1532
f 1434/1617/1533 1449/1643/1533 1450/1645/1533
f 1427/1618/1534 1442/1644/1534 1443/1646/1534
f 1435/1619/1535 1450/1645/1535 1451/1634/1535
f 1428/1620/1536 1443/1646/1536 1444/1647/1536
f 1440/1648/1537 1455/1678/1537 1456/1649/1537
f 1448/1651/1538 1463/1679/1538 1464/1652/1538
f 1442/1654/1539 1441/1650/1539 1456/1649/1539
f 1449/1653/1540 1464/1652/1540 1465/1656/1540
f 1442/1654/1541 1457/1655/1541 1458/1658/1541
f 1450/1657/1542 1465/1656/1542 1466/1660/1542
f 1444/1662/1543 1443/1659/1543 1458/1658/1543
f 1444/1662/1546 1459/1663/1546 1460/1668/1546
f 1438/1670/1547 1437/1664/1547 1452/1666/1547
f 1445/1669/1548 1460/1668/1548 1461/1672/1548
f 1439/1674/1549 1438/1670/1549 1453/1671/1549
f 1446/1673/1550 1461/1672/1550 1462/1676/1550
f 1440/1648/1551 1439/1674/1551 1454/1675/1551
f 1448/1651/1552 1447/1677/1552 1462/1676/1552
f 1459/1663/1553 1474/1693/1553 1475/1680/1553
f 1452/1666/1554 1467/1695/1554 1468/1681/1554
f 1460/1668/1555 1475/1680/1555 1476/1682/1555
f 1453/1671/1556 1468/1681/1556 1469/1683/1556
f 1461/1672/1557 1476/1682/1557 1477/1684/1557
f 1454/1675/1558 1469/1683/1558 1470/1685/1558
f 1463/1679/1559 1462/1676/1559 1477/1684/1559
f 1455/1678/1560 1470/1685/1560 1471/1687/1560
f 1464/1652/1561 1463/1679/1561 1478/1686/1561
f 1457/1655/1562 1456/1649/1562 1471/1687/1562
f 1464/1652/1563 1479/1688/1563 1480/1690/1563
f 1457/1655/1564 1472/1689/1564 1473/1691/1564
f 1466/1660/1565 1465/1656/1565 1480/1690/1565
f 1459/1663/1566 1458/1658/1566 1473/1691/1566
f 1479/1688/1569 1478/1686/1569 1493/1697/1569
f 1472/1689/1570 1471/1687/1570 1486/1699/1570
f 1479/1688/1571 1494/1698/1571 1495/1701/1571
f 1472/1689/1572 1487/1700/1572 1488/1702/1572
f 1480/1690/1573 1495/1701/1573 1496/1703/1573
f 1474/1693/1574 1473/1691/1574 1488/1702/1574
f 1474/1693/1577 1489/1704/1577 1490/1708/1577
f 1467/1695/1578 1482/1706/1578 1483/1709/1578
f 1475/1680/1579 1490/1708/1579 1491/1710/1579
f 1468/1681/1580 1483/1709/1580 1484/1711/1580
f 1476/1682/1581 1491/1710/1581 1492/1712/1581
f 1470/1685/1582 1469/1683/1582 1484/1711/1582
f 1478/1686/1583 1477/1684/1583 1492/1712/1583
f 1470/1685/1584 1485/1713/1584 1486/1699/1584
f 1482/1706/1585 1497/1729/1585 1498/1714/1585
f 1491/1710/1586 1490/1708/1586 1505/1715/1586
f 1483/1709/1587 1498/1714/1587 1499/1717/1587
f 1491/1710/1588 1506/1716/1588 1507/1718/1588
f 1484/1711/1589 1499/1717/1589 1500/1719/1589
f 1493/1697/1590 1492/1712/1590 1507/1718/1590
f 1485/1713/1591 1500/1719/1591 1501/1721/1591
f 1494/1698/1592 1493/1697/1592 1508/1720/1592
f 1487/1700/1593 1486/1699/1593 1501/1721/1593
f 1494/1698/1594 1509/1722/1594 1510/1724/1594
f 1487/1700/1595 1502/1723/1595 1503/1725/1595
f 1496/1703/1596 1495/1701/1596 1510/1724/1596
f 1489/1704/1597 1488/1702/1597 1503/1725/1597
f 1489/1704/1600 1504/1727/1600 1505/1715/1600
f 1506/1716/1601 1505/1715/1601 1520/1731/1601
f 1499/1717/2088 1498/1714/2088 1513/1733/2088
f 1506/1716/2089 1521/1732/2089 1522/1735/2089
f 1499/1717/1604 1514/1734/1604 1515/1736/1604
f 1508/1720/1605 1507/1718/1605 1522/1735/1605
f 1500/1719/1606 1515/1736/1606 1516/1738/1606
f 1509/1722/1607 1508/1720/1607 1523/1737/1607
f 1502/1723/2090 1501/1721/2090 1516/1738/2090
f 1509/1722/2091 1524/1739/2091 1525/1741/2091
f 1502/1723/1610 1517/1740/1610 1518/1742/1610
f 1511/1726/1611 1510/1724/1611 1525/1741/1611
f 1504/1727/1612 1503/1725/1612 1518/1742/1612
f 1504/1727/1615 1519/1744/1615 1520/1731/1615
f 1497/1729/1616 1512/1746/1616 1513/1733/1616
f 1525/1741/1617 1524/1739/1617 1539/1748/1617
f 1517/1740/1618 1532/1764/1618 1533/1750/1618
f 1525/1741/1619 1540/1749/1619 1541/1751/1619
f 1519/1744/1620 1518/1742/1620 1533/1750/1620
f 1519/1744/1623 1534/1752/1623 1535/1756/1623
f 1512/1746/1624 1527/1754/1624 1528/1757/1624
f 1521/1732/1625 1520/1731/1625 1535/1756/1625
f 1513/1733/1626 1528/1757/1626 1529/1759/1626
f 1521/1732/1627 1536/1758/1627 1537/1760/1627
f 1514/1734/1628 1529/1759/1628 1530/1761/1628
f 1523/1737/1629 1522/1735/1629 1537/1760/1629
f 1515/1736/1630 1530/1761/1630 1531/1763/1630
f 1524/1739/1631 1523/1737/1631 1538/1762/1631
f 1517/1740/1632 1516/1738/1632 1531/1763/1632
f 1529/1759/1633 1528/1757/1633 1543/1765/1633
f 1536/1758/1634 1551/1781/1634 1552/1767/1634
f 1530/1761/1635 1529/1759/1635 1544/1766/1635
f 1538/1762/1636 1537/1760/1636 1552/1767/1636
f 1530/1761/1637 1545/1768/1637 1546/1770/1637
f 1538/1762/1638 1553/1769/1638 1554/1771/1638
f 1532/1764/1639 1531/1763/1639 1546/1770/1639
f 1539/1748/1640 1554/1771/1640 1555/1773/1640
f 1532/1764/1641 1547/1772/1641 1548/1774/1641
f 1540/1749/1642 1555/1773/1642 1556/1775/1642
f 1534/1752/1643 1533/1750/1643 1548/1774/1643
f 1534/1752/1646 1549/1776/1646 1550/1780/1646
f 1527/1754/1647 1542/1778/1647 1543/1765/1647
f 1536/1758/1648 1535/1756/1648 1550/1780/1648
f 1547/1772/1649 1562/1797/1649 1563/1782/1649
f 1555/1773/1650 1570/1798/1650 1571/1783/1650
f 1549/1776/1651 1548/1774/1651 1563/1782/1651
f 1549/1776/1654 1564/1784/1654 1565/1788/1654
f 1543/1765/1655 1542/1778/1655 1557/1786/1655
f 1551/1781/1656 1550/1780/1656 1565/1788/1656
f 1544/1766/1657 1543/1765/1657 1558/1789/1657
f 1551/1781/1658 1566/1790/1658 1567/1792/1658
f 1544/1766/1659 1559/1791/1659 1560/1793/1659
f 1553/1769/1660 1552/1767/1660 1567/1792/1660
f 1545/1768/1661 1560/1793/1661 1561/1795/1661
f 1554/1771/1662 1553/1769/1662 1568/1794/1662
f 1547/1772/1663 1546/1770/1663 1561/1795/1663
f 1554/1771/1664 1569/1796/1664 1570/1798/1664
f 1566/1790/1665 1581/1814/1665 1582/1799/1665
f 1559/1791/1666 1574/1815/1666 1575/1800/1666
f 1568/1794/1667 1567/1792/1667 1582/1799/1667
f 1560/1793/1668 1575/1800/1668 1576/1802/1668
f 1568/1794/1669 1583/1801/1669 1584/1803/1669
f 1562/1797/1670 1561/1795/1670 1576/1802/1670
f 1569/1796/1671 1584/1803/1671 1585/1805/1671
f 1562/1797/1672 1577/1804/1672 1578/1806/1672
f 1570/1798/1673 1585/1805/1673 1586/1807/1673
f 1564/1784/1674 1563/1782/1674 1578/1806/1674
f 1564/1784/1677 1579/1808/1677 1580/1812/1677
f 1558/1789/1678 1557/1786/1678 1572/1810/1678
f 1566/1790/1679 1565/1788/1679 1580/1812/1679
f 1558/1789/1680 1573/1813/1680 1574/1815/1680
f 1585/1805/1681 1600/1832/1681 1601/1816/1681
f 1579/1808/1682 1578/1806/1682 1593/1817/1682
f 1579/1808/1685 1594/1818/1685 1595/1822/1685
f 1572/1810/1686 1587/1820/1686 1588/1823/1686
f 1580/1812/1687 1595/1822/1687 1596/1824/1687
f 1573/1813/1688 1588/1823/1688 1589/1825/1688
f 1581/1814/1689 1596/1824/1689 1597/1826/1689
f 1574/1815/1690 1589/1825/1690 1590/1827/1690
f 1583/1801/1691 1582/1799/1691 1597/1826/1691
f 1575/1800/1692 1590/1827/1692 1591/1829/1692
f 1584/1803/1693 1583/1801/1693 1598/1828/1693
f 1577/1804/1694 1576/1802/1694 1591/1829/1694
f 1584/1803/1695 1599/1830/1695 1600/1832/1695
f 1577/1804/1696 1592/1831/1696 1593/1817/1696
f 1598/1828/1697 1597/1826/1697 1612/1833/1697
f 1590/1827/1698 1605/1849/1698 1606/1835/1698
f 1599/1830/1699 1598/1828/1699 1613/1834/1699
f 1592/1831/1700 1591/1829/1700 1606/1835/1700
f 1600/1832/1701 1599/1830/1701 1614/1836/1701
f 1592/1831/1702 1607/1837/1702 1608/1839/1702
f 1600/1832/1703 1615/1838/1703 1616/1840/1703
f 1594/1818/1704 1593/1817/1704 1608/1839/1704
f 1594/1818/1707 1609/1841/1707 1610/1845/1707
f 1588/1823/1708 1587/1820/1708 1602/1843/1708
f 1595/1822/1709 1610/1845/1709 1611/1847/1709
f 1589/1825/1710 1588/1823/1710 1603/1846/1710
f 1596/1824/1711 1611/1847/1711 1612/1833/1711
f 1589/1825/1712 1604/1848/1712 1605/1849/1712
f 1609/1841/1715 1624/1866/1715 1625/1854/1715
f 1602/1843/1716 1617/1851/1716 1618/1855/1716
f 1610/1845/1717 1625/1854/1717 1626/1856/1717
f 1603/1846/1718 1618/1855/1718 1619/1857/1718
f 1611/1847/1719 1626/1856/1719 1627/1858/1719
f 1604/1848/1720 1619/1857/1720 1620/1859/1720
f 1613/1834/1721 1612/1833/1721 1627/1858/1721
f 1605/1849/1722 1620/1859/1722 1621/1861/1722
f 1614/1836/1723 1613/1834/1723 1628/1860/1723
f 1607/1837/1724 1606/1835/1724 1621/1861/1724
f 1614/1836/1725 1629/1862/1725 1630/1864/1725
f 1608/1839/1726 1607/1837/1726 1622/1863/1726
f 1616/1840/1727 1615/1838/1727 1630/1864/1727
f 1609/1841/1728 1608/1839/1728 1623/1865/1728
f 1620/1859/1729 1635/1883/1729 1636/1867/1729
f 1629/1862/1730 1628/1860/1730 1643/1868/1730
f 1622/1863/1731 1621/1861/1731 1636/1867/1731
f 1629/1862/1732 1644/1869/1732 1645/1871/1732
f 1622/1863/1733 1637/1870/1733 1638/1872/1733
f 1631/1853/1734 1630/1864/1734 1645/1871/1734
f 1624/1866/1735 1623/1865/1735 1638/1872/1735
f 1624/1866/1738 1639/1874/1738 1640/1878/1738
f 1617/1851/1739 1632/1876/1739 1633/1879/1739
f 1626/1856/1740 1625/1854/1740 1640/1878/1740
f 1619/1857/1741 1618/1855/1741 1633/1879/1741
f 1626/1856/1742 1641/1880/1742 1642/1882/1742
f 1619/1857/1743 1634/1881/1743 1635/1883/1743
f 1628/1860/1744 1627/1858/1744 1642/1882/1744
f 1639/1874/1745 1654/1897/1745 1655/1884/1745
f 1632/1876/1746 1647/1899/1746 1648/1885/1746
f 1640/1878/1747 1655/1884/1747 1656/1886/1747
f 1634/1881/1748 1633/1879/1748 1648/1885/1748
f 1641/1880/1749 1656/1886/1749 1657/1888/1749
f 1634/1881/1750 1649/1887/1750 1650/1889/1750
f 1643/1868/1751 1642/1882/1751 1657/1888/1751
f 1635/1883/1752 1650/1889/1752 1651/1891/1752
f 1643/1868/1753 1658/1890/1753 1659/1892/1753
f 1637/1870/1754 1636/1867/1754 1651/1891/1754
f 1644/1869/1755 1659/1892/1755 1660/1894/1755
f 1637/1870/1756 1652/1893/1756 1653/1895/1756
f 1645/1871/1757 1660/1894/1757 1661/1896/1757
f 1639/1874/1758 1638/1872/1758 1653/1895/1758
f 1658/1890/1761 1673/1917/1761 1674/1901/1761
f 1652/1893/1762 1651/1891/1762 1666/1902/1762
f 1659/1892/1763 1674/1901/1763 1675/1904/1763
f 1652/1893/1764 1667/1903/1764 1668/1905/1764
f 1661/1896/1765 1660/1894/1765 1675/1904/1765
f 1654/1897/1766 1653/1895/1766 1668/1905/1766
f 1654/1897/1769 1669/1907/1769 1670/1911/1769
f 1647/1899/1770 1662/1909/1770 1663/1912/1770
f 1655/1884/1771 1670/1911/1771 1671/1913/1771
f 1649/1887/1772 1648/1885/1772 1663/1912/1772
f 1656/1886/1773 1671/1913/1773 1672/1915/1773
f 1650/1889/1774 1649/1887/1774 1664/1914/1774
f 1658/1890/1775 1657/1888/1775 1672/1915/1775
f 1650/1889/1776 1665/1916/1776 1666/1902/1776
f 1662/1909/1777 1677/1932/1777 1678/1918/1777
f 1670/1911/1778 1685/1934/1778 1686/1919/1778
f 1664/1914/1779 1663/1912/1779 1678/1918/1779
f 1671/1913/1780 1686/1919/1780 1687/1921/1780
f 1664/1914/1781 1679/1920/1781 1680/1922/1781
f 1673/1917/1782 1672/1915/1782 1687/1921/1782
f 1665/1916/1783 1680/1922/1783 1681/1924/1783
f 1673/1917/1784 1688/1923/1784 1689/1925/1784
f 1667/1903/1785 1666/1902/1785 1681/1924/1785
f 1674/1901/1786 1689/1925/1786 1690/1927/1786
f 1667/1903/1787 1682/1926/1787 1683/1928/1787
f 1675/1904/1788 1690/1927/1788 1691/1929/1788
f 1669/1907/1789 1668/1905/1789 1683/1928/1789
f 1669/1907/1792 1684/1930/1792 1685/1934/1792
f 1682/1926/1793 1681/1924/1793 1696/1935/1793
f 1689/1925/1794 1704/1951/1794 1705/1937/1794
f 1682/1926/1795 1697/1936/1795 1698/1938/1795
f 1691/1929/1796 1690/1927/1796 1705/1937/1796
f 1684/1930/1797 1683/1928/1797 1698/1938/1797
f 1684/1930/1800 1699/1940/1800 1700/1944/1800
f 1677/1932/1801 1692/1942/1801 1693/1945/1801
f 1686/1919/1802 1685/1934/1802 1700/1944/1802
f 1678/1918/1803 1693/1945/1803 1694/1947/1803
f 1686/1919/1804 1701/1946/1804 1702/1948/1804
f 1679/1920/1805 1694/1947/1805 1695/1949/1805
f 1688/1923/1806 1687/1921/1806 1702/1948/1806
f 1680/1922/1807 1695/1949/1807 1696/1935/1807
f 1689/1925/1808 1688/1923/1808 1703/1950/1808
f 1700/1944/1809 1715/1968/1809 1716/1952/1809
f 1694/1947/1810 1693/1945/1810 1708/1953/1810
f 1701/1946/1811 1716/1952/1811 1717/1955/1811
f 1694/1947/1812 1709/1954/1812 1710/1956/1812
f 1703/1950/1813 1702/1948/1813 1717/1955/1813
f 1695/1949/1814 1710/1956/1814 1711/1958/1814
f 1704/1951/1815 1703/1950/1815 1718/1957/1815
f 1697/1936/1816 1696/1935/1816 1711/1958/1816
f 1704/1951/1817 1719/1959/1817 1720/1961/1817
f 1697/1936/1818 1712/1960/1818 1713/1962/1818
f 1705/1937/1819 1720/1961/1819 1721/1963/1819
f 1699/1940/1820 1698/1938/1820 1713/1962/1820
f 1699/1940/1823 1714/1964/1823 1715/1968/1823
f 1693/1945/1824 1692/1942/1824 1707/1966/1824
f 1719/1959/1825 1734/1984/1825 1735/1969/1825
f 1712/1960/1826 1727/1985/1826 1728/1970/1826
f 1720/1961/2092 1735/1969/2092 1736/1971/2092
f 1714/1964/1828 1713/1962/1828 1728/1970/1828
f 1714/1964/1831 1729/1972/1831 1730/1976/1831
f 1707/1966/1832 1722/1974/1832 1723/1977/1832
f 1716/1952/1833 1715/1968/1833 1730/1976/1833
f 1709/1954/1834 1708/1953/1834 1723/1977/1834
f 1716/1952/1835 1731/1978/1835 1732/1980/1835
f 1710/1956/1836 1709/1954/1836 1724/1979/1836
f 1718/1957/1837 1717/1955/1837 1732/1980/1837
f 1710/1956/1838 1725/1981/1838 1726/1983/1838
f 1719/1959/1839 1718/1957/1839 1733/1982/1839
f 1712/1960/1840 1711/1958/1840 1726/1983/1840
f 1731/1978/1841 1746/2001/1841 1747/1986/1841
f 1724/1979/1842 1739/2002/1842 1740/1987/1842
f 1733/1982/1843 1732/1980/1843 1747/1986/1843
f 1725/1981/1844 1740/1987/1844 1741/1989/1844
f 1733/1982/1845 1748/1988/1845 1749/1990/1845
f 1727/1985/1846 1726/1983/1846 1741/1989/1846
f 1734/1984/1847 1749/1990/1847 1750/1992/1847
f 1727/1985/1848 1742/1991/1848 1743/1993/1848
f 1735/1969/1849 1750/1992/1849 1751/1994/1849
f 1729/1972/1850 1728/1970/1850 1743/1993/1850
f 1729/1972/1853 1744/1995/1853 1745/1999/1853
f 1722/1974/1854 1737/1997/1854 1738/2000/1854
f 1730/1976/1855 1745/1999/1855 1746/2001/1855
f 1724/1979/1856 1723/1977/1856 1738/2000/1856
f 1750/1992/1857 1765/2019/1857 1766/2003/1857
f 1744/1995/1858 1743/1993/1858 1758/2004/1858
f 1744/1995/1861 1759/2005/1861 1760/2009/1861
f 1737/1997/1862 1752/2007/1862 1753/2010/1862
f 1745/1999/1863 1760/2009/1863 1761/2011/1863
f 1738/2000/1864 1753/2010/1864 1754/2012/1864
f 1746/2001/1865 1761/2011/1865 1762/2013/1865
f 1739/2002/1866 1754/2012/1866 1755/2014/1866
f 1748/1988/1867 1747/1986/1867 1762/2013/1867
f 1740/1987/1868 1755/2014/1868 1756/2016/1868
f 1749/1990/1869 1748/1988/1869 1763/2015/1869
f 1742/1991/1870 1741/1989/1870 1756/2016/1870
f 1749/1990/1871 1764/2017/1871 1765/2019/1871
f 1742/1991/1872 1757/2018/1872 1758/2004/1872
f 1754/2012/1873 1769/2036/1873 1770/2020/1873
f 1763/2015/1874 1762/2013/1874 1777/2021/1874
f 1755/2014/1875 1770/2020/1875 1771/2023/1875
f 1764/2017/1876 1763/2015/1876 1778/2022/1876
f 1757/2018/1877 1756/2016/1877 1771/2023/1877
f 1764/2017/1878 1779/2024/1878 1780/2026/1878
f 1757/2018/1879 1772/2025/1879 1773/2027/1879
f 1765/2019/1880 1780/2026/1880 1781/2028/1880
f 1759/2005/1881 1758/2004/1881 1773/2027/1881
f 1759/2005/1884 1774/2029/1884 1775/2033/1884
f 1752/2007/1885 1767/2031/1885 1768/2034/1885
f 1761/2011/1886 1760/2009/1886 1775/2033/1886
f 1754/2012/1887 1753/2010/1887 1768/2034/1887
f 1761/2011/1888 1776/2035/1888 1777/2021/1888
f 1774/2029/1889 1773/2027/1889 1788/2037/1889
f 1774/2029/1892 1789/2038/1892 1790/2043/1892
f 1767/2031/2093 1782/2040/2093 1783/2044/2093
f 1776/2035/1894 1775/2033/1894 1790/2043/1894
f 1768/2034/1895 1783/2044/1895 1784/2046/1895
f 1776/2035/1896 1791/2045/1896 1792/2047/1896
f 1769/2036/1897 1784/2046/1897 1785/2048/1897
f 1778/2022/1898 1777/2021/1898 1792/2047/1898
f 1770/2020/1899 1785/2048/1899 1786/2050/1899
f 1779/2024/1900 1778/2022/1900 1793/2049/1900
f 1772/2025/1901 1771/2023/1901 1786/2050/1901
f 1779/2024/1902 1794/2051/1902 1795/2053/1902
f 1772/2025/1903 1787/2052/1903 1788/2037/1903
f 1780/2026/1904 1795/2053/1904 1796/2042/1904
f 1793/2049/1905 1792/2047/1905 1807/2054/1905
f 1785/2048/1906 1800/2070/1906 1801/2056/1906
f 1794/2051/1907 1793/2049/1907 1808/2055/1907
f 1787/2052/1908 1786/2050/1908 1801/2056/1908
f 1794/2051/1909 1809/2057/1909 1810/2059/1909
f 1787/2052/1910 1802/2058/1910 1803/2060/1910
f 1795/2053/1911 1810/2059/1911 1811/2061/1911
f 1789/2038/1912 1788/2037/1912 1803/2060/1912
f 1789/2038/1915 1804/2062/1915 1805/2066/1915
f 1783/2044/1916 1782/2040/1916 1797/2064/1916
f 1790/2043/1917 1805/2066/1917 1806/2068/1917
f 1783/2044/1918 1798/2067/1918 1799/2069/1918
f 1791/2045/1919 1806/2068/1919 1807/2054/1919
f 1784/2046/1920 1799/2069/1920 1800/2070/1920
f 1804/2062/1923 1819/2087/1923 1820/2075/1923
f 1798/2067/1924 1797/2064/1924 1812/2072/1924
f 1806/2068/1925 1805/2066/1925 1820/2075/1925
f 1799/2069/1926 1798/2067/1926 1813/2076/1926
f 1806/2068/1927 1821/2077/1927 1822/2079/1927
f 1799/2069/1928 1814/2078/1928 1815/2080/1928
f 1808/2055/1929 1807/2054/1929 1822/2079/1929
f 1800/2070/1930 1815/2080/1930 1816/2082/1930
f 1808/2055/1931 1823/2081/1931 1824/2083/1931
f 1802/2058/1932 1801/2056/1932 1816/2082/1932
f 1809/2057/1933 1824/2083/1933 1825/2085/1933
f 1802/2058/1934 1817/2084/1934 1818/2086/1934
f 1811/2061/1935 1810/2059/1935 1825/2085/1935
f 1804/2062/1936 1803/2060/1936 1818/2086/1936
f 1815/2080/1937 1830/2104/1937 1831/2088/1937
f 1824/2083/1938 1823/2081/1938 1838/2089/1938
f 1817/2084/1939 1816/2082/1939 1831/2088/1939
f 1824/2083/1940 1839/2090/1940 1840/2092/1940
f 1817/2084/1941 1832/2091/1941 1833/2093/1941
f 1825/2085/1942 1840/2092/1942 1841/2094/1942
f 1819/2087/1943 1818/2086/1943 1833/2093/1943
f 1819/2087/1946 1834/2095/1946 1835/2099/1946
f 1812/2072/1947 1827/2097/1947 1828/2100/1947
f 1820/2075/1948 1835/2099/1948 1836/2101/1948
f 1814/2078/1949 1813/2076/1949 1828/2100/1949
f 1821/2077/1950 1836/2101/1950 1837/2103/1950
f 1815/2080/1951 1814/2078/1951 1829/2102/1951
f 1823/2081/1952 1822/2079/1952 1837/2103/1952
f 1834/2095/1953 1849/2118/1953 1850/2105/1953
f 1827/2097/1954 1842/2120/1954 1843/2106/1954
f 1836/2101/1955 1835/2099/1955 1850/2105/1955
f 1829/2102/1956 1828/2100/1956 1843/2106/1956
f 1836/2101/1957 1851/2107/1957 1852/2109/1957
f 1829/2102/1958 1844/2108/1958 1845/2110/1958
f 1838/2089/1959 1837/2103/1959 1852/2109/1959
f 1830/2104/1960 1845/2110/1960 1846/2112/1960
f 1839/2090/1961 1838/2089/1961 1853/2111/1961
f 1832/2091/1962 1831/2088/1962 1846/2112/1962
f 1839/2090/1963 1854/2113/1963 1855/2115/1963
f 1832/2091/1964 1847/2114/1964 1848/2116/1964
f 1841/2094/1965 1840/2092/1965 1855/2115/1965
f 1833/2093/1966 1848/2116/1966 1849/2118/1966
f 1854/2113/1969 1853/2111/1969 1868/2122/1969
f 1847/2114/1970 1846/2112/1970 1861/2124/1970
f 1854/2113/1971 1869/2123/1971 1870/2126/1971
f 1847/2114/1972 1862/2125/1972 1863/2127/1972
f 1855/2115/1973 1870/2126/1973 1871/2128/1973
f 1849/2118/1974 1848/2116/1974 1863/2127/1974
f 1849/2118/1977 1864/2129/1977 1865/2133/1977
f 1842/2120/1978 1857/2131/1978 1858/2134/1978
f 1850/2105/1979 1865/2133/1979 1866/2135/1979
f 1844/2108/1980 1843/2106/1980 1858/2134/1980
f 1851/2107/1981 1866/2135/1981 1867/2137/1981
f 1845/2110/1982 1844/2108/1982 1859/2136/1982
f 1853/2111/1983 1852/2109/1983 1867/2137/1983
f 1845/2110/1984 1860/2138/1984 1861/2124/1984
f 1865/2133/1985 1880/2154/1985 1881/2139/1985
f 1858/2134/1986 1873/2155/1986 1874/2140/1986
f 1866/2135/1987 1881/2139/1987 1882/2141/1987
f 1860/2138/1988 1859/2136/1988 1874/2140/1988
f 1868/2122/1989 1867/2137/1989 1882/2141/1989
f 1860/2138/1990 1875/2142/1990 1876/2144/1990
f 1869/2123/1991 1868/2122/1991 1883/2143/1991
f 1862/2125/1992 1861/2124/1992 1876/2144/1992
f 1870/2126/1993 1869/2123/1993 1884/2145/1993
f 1862/2125/1994 1877/2146/1994 1878/2148/1994
f 1870/2126/1995 1885/2147/1995 1886/2149/1995
f 1864/2129/1996 1863/2127/1996 1878/2148/1996
f 1864/2129/1999 1879/2150/1999 1880/2154/1999
f 1858/2134/2000 1857/2131/2000 1872/2152/2000
f 1884/2145/2001 1899/2171/2001 1900/2156/2001
f 1877/2146/2002 1892/2172/2002 1893/2157/2002
f 1885/2147/2094 1900/2156/2094 1901/2158/2094
f 1879/2150/2004 1878/2148/2004 1893/2157/2004
f 1879/2150/2007 1894/2159/2007 1895/2163/2007
f 1872/2152/2095 1887/2161/2095 1888/2164/2095
f 1881/2139/2009 1880/2154/2009 1895/2163/2009
f 1874/2140/2010 1873/2155/2010 1888/2164/2010
f 1881/2139/2011 1896/2165/2011 1897/2167/2011
f 1874/2140/2012 1889/2166/2012 1890/2168/2012
f 1883/2143/2013 1882/2141/2013 1897/2167/2013
f 1875/2142/2014 1890/2168/2014 1891/2170/2014
f 1884/2145/2015 1883/2143/2015 1898/2169/2015
f 1877/2146/2016 1876/2144/2016 1891/2170/2016
f 1888/2164/2017 1903/2188/2017 1904/2173/2017
f 1896/2165/2018 1911/2189/2018 1912/2174/2018
f 1889/2166/2019 1904/2173/2019 1905/2175/2019
f 1898/2169/2020 1897/2167/2020 1912/2174/2020
f 1890/2168/2021 1905/2175/2021 1906/2177/2021
f 1899/2171/2022 1898/2169/2022 1913/2176/2022
f 1892/2172/2023 1891/2170/2023 1906/2177/2023
f 1899/2171/2024 1914/2178/2024 1915/2180/2024
f 1892/2172/2025 1907/2179/2025 1908/2181/2025
f 1900/2156/2026 1915/2180/2026 1916/2182/2026
f 1894/2159/2027 1893/2157/2027 1908/2181/2027
f 1894/2159/2030 1909/2183/2030 1910/2187/2030
f 1887/2161/2031 1902/2185/2031 1903/2188/2031
f 1896/2165/2032 1895/2163/2032 1910/2187/2032
f 1908/2181/2033 1907/2179/2033 3/13/2033
f 1915/2180/2034 1922/16/2034 9/20/2034
f 1909/2183/2096 1908/2181/2096 1920/17/2096
f 1909/2183/2097 4/21/2097 5/27/2097
f 1902/2185/2039 1917/23/2039 1918/29/2039
f 1910/2187/2040 5/27/2040 6/1/2040
f 1904/2173/2041 1903/2188/2041 1918/29/2041
f 1911/2189/2098 6/1/2098 1921/3/2098
f 1905/2175/2043 1904/2173/2043 1/4/2043
f 1912/2174/2044 1921/3/2044 7/8/2044
f 1906/2177/2045 1905/2175/2045 2/6/2045
f 1913/2176/2046 7/8/2046 8/11/2046
f 1907/2179/2099 1906/2177/2099 1919/9/2099
f 1914/2178/2048 8/11/2048 1922/16/2048
